age,hours_per_week,education,employer_type,marital_status,sex,race,born_in_us,income
55,55.0,Graduate degree,Self-employed (incorporated),Divorced,Male,White,Yes,279000.0
20,35.0,High school,Private,Never married,Female,White,Yes,23000.0
59,30.0,High school,State government,Divorced,Female,White,Yes,15100.0
43,40.0,Some college,State government,Married,Male,Black,Yes,31200.0
33,20.0,No high school diploma,Private,Married,Female,Black,Yes,9400.0
37,40.0,High school,Private,Married,Male,White,Yes,62000.0
38,55.0,Graduate degree,Private,Married,Male,Black,Yes,106000.0
36,50.0,Some college,Self-employed,Married,Male,White,Yes,43000.0
50,40.0,Some college,Local government,Married,Female,White,Yes,22000.0
36,40.0,Bachelor degree,Private,Never married,Female,White,Yes,100000.0
18,30.0,Some college,Private,Never married,Female,White,Yes,12000.0
29,40.0,Some college,State government,Never married,Male,White,Yes,48000.0
24,50.0,Bachelor degree,Private,Never married,Male,White,No,71000.0
25,60.0,High school,Unpaid family work,Never married,Female,Asian,Yes,14000.0
42,40.0,Graduate degree,Private,Married,Male,White,No,100000.0
22,50.0,Bachelor degree,Federal government,Never married,Male,Other or multiple,Yes,58000.0
64,40.0,No high school diploma,,Divorced,Female,White,Yes,60000.0
25,40.0,Bachelor degree,Private,Never married,Female,Other or multiple,No,40000.0
22,20.0,High school,Private non-profit,Never married,Female,White,Yes,12000.0
25,40.0,Bachelor degree,Private non-profit,Never married,Female,Other or multiple,Yes,37000.0
38,40.0,High school,Private,Never married,Male,Black,Yes,25800.0
69,30.0,Graduate degree,Self-employed (incorporated),Married,Male,White,Yes,94500.0
20,10.0,High school,Private,Never married,Male,White,No,9200.0
65,40.0,High school,,Divorced,Female,White,Yes,130000.0
26,52.0,High school,Self-employed (incorporated),Never married,Female,White,Yes,24000.0
39,50.0,No high school diploma,Private,Married,Male,White,Yes,30200.0
68,45.0,Graduate degree,Self-employed,Widowed,Male,White,Yes,164500.0
52,50.0,High school,Private,Married,Female,White,Yes,33600.0
23,40.0,Associate degree,Private,Never married,Male,White,Yes,26000.0
21,15.0,Some college,Private,Never married,Female,White,Yes,2000.0
48,40.0,Bachelor degree,,Married,Female,White,Yes,140000.0
19,40.0,No high school diploma,,Never married,Male,White,No,28000.0
70,12.0,Some college,Private non-profit,Divorced,Female,White,Yes,26900.0
30,40.0,High school,Private,Married,Female,White,Yes,30000.0
20,15.0,Some college,Local government,Never married,Female,White,Yes,3500.0
33,45.0,Associate degree,Federal government,Married,Male,White,Yes,41300.0
59,55.0,Bachelor degree,Private,Divorced,Male,White,Yes,195000.0
23,40.0,Bachelor degree,Private,Never married,Female,Asian,No,10000.0
60,40.0,Bachelor degree,,Never married,Female,White,Yes,110040.0
18,11.0,Some college,Private,Never married,Female,White,Yes,400.0
48,40.0,Graduate degree,Private,Married,Male,Asian,No,386000.0
42,65.0,Associate degree,Private,Married,Female,Black,Yes,70000.0
26,40.0,Bachelor degree,Private,Never married,Male,Asian,No,15000.0
55,40.0,High school,Private,Divorced,Male,White,Yes,20700.0
39,48.0,,Private,Married,Male,White,Yes,40000.0
38,45.0,Some college,Private,Married,Male,White,Yes,60000.0
30,40.0,,Private,Never married,Male,White,Yes,30000.0
65,37.0,Associate degree,Private,Divorced,Female,Black,Yes,33000.0
47,60.0,Graduate degree,Private,Married,Male,White,Yes,472500.0
58,40.0,High school,Private,Married,Male,Black,Yes,70000.0
59,35.0,High school,State government,Divorced,Female,Black,Yes,12000.0
39,34.0,No high school diploma,Local government,Married,Female,White,Yes,9000.0
20,,Associate degree,Private,Never married,Female,Black,Yes,8800.0
48,40.0,Graduate degree,Private,Married,Male,Asian,No,115000.0
20,30.0,Some college,Private,Never married,Male,White,Yes,14500.0
56,40.0,Some college,Private,Married,Female,White,Yes,18000.0
53,14.0,No high school diploma,Private,Married,Male,White,Yes,3000.0
25,60.0,Bachelor degree,Private,Never married,Male,White,Yes,175000.0
70,30.0,Graduate degree,Self-employed (incorporated),Married,Male,White,Yes,123720.0
60,40.0,No high school diploma,Private,Married,Male,Black,Yes,48000.0
60,43.0,Bachelor degree,Private,Married,Female,White,Yes,26900.0
44,54.0,No high school diploma,Self-employed (incorporated),Divorced,Female,Asian,No,14000.0
22,35.0,No high school diploma,Private,Never married,Female,White,Yes,31700.0
54,30.0,No high school diploma,Self-employed,Married,Female,White,Yes,6600.0
20,,High school,Private,Never married,Male,White,Yes,9600.0
28,48.0,Some college,Private,Married,Female,White,Yes,3000.0
45,40.0,High school,Local government,Never married,Female,White,Yes,33000.0
65,40.0,Graduate degree,Private non-profit,Married,Female,Black,Yes,138000.0
22,25.0,Some college,Private,Never married,Female,Black,Yes,12500.0
45,40.0,Bachelor degree,Private,Married,Female,White,Yes,35000.0
24,,Bachelor degree,State government,Married,Female,White,Yes,25000.0
34,30.0,High school,State government,Never married,Female,Black,Yes,13900.0
50,50.0,,Private,Married,Male,White,Yes,140000.0
58,40.0,High school,Local government,Married,Female,White,Yes,27000.0
35,40.0,Bachelor degree,Private,Married,Male,Asian,No,90000.0
49,40.0,Some college,Private,Married,Female,White,Yes,68000.0
26,36.0,High school,Private,Never married,Male,Black,Yes,12000.0
59,45.0,High school,Private,Married,Male,White,Yes,60000.0
36,40.0,Bachelor degree,Private,Married,Female,White,Yes,50000.0
34,20.0,Graduate degree,Private,Married,Female,White,Yes,32000.0
74,50.0,High school,Self-employed,Divorced,Male,White,Yes,40800.0
27,50.0,,Private,Separated,Male,Black,Yes,2000.0
46,45.0,High school,Self-employed (incorporated),Married,Male,White,Yes,10000.0
45,35.0,Bachelor degree,Private,Married,Female,White,No,15200.0
66,37.0,,,Married,Female,White,Yes,89700.0
56,40.0,Bachelor degree,Private,Married,Male,White,Yes,281000.0
29,40.0,Associate degree,Private non-profit,Married,Male,White,Yes,131000.0
47,24.0,Some college,Private,Divorced,Female,White,Yes,850.0
40,40.0,Bachelor degree,Private non-profit,Married,Male,White,No,18300.0
40,55.0,Bachelor degree,Private,Married,Female,White,Yes,93000.0
63,30.0,High school,Private non-profit,Divorced,Female,White,Yes,31200.0
76,4.0,Bachelor degree,Local government,Married,Male,Black,Yes,21900.0
24,20.0,Some college,Private,Never married,Female,White,Yes,3600.0
37,50.0,Graduate degree,Private,Married,Male,Asian,No,100000.0
54,45.0,Bachelor degree,Private,Married,Male,Black,Yes,93000.0
32,40.0,Bachelor degree,Private,Never married,Male,Black,Yes,90000.0
56,40.0,High school,Local government,Married,Female,White,Yes,35000.0
18,,No high school diploma,Private,Never married,Female,White,Yes,3000.0
57,50.0,High school,Self-employed,Married,Male,White,Yes,40000.0
30,40.0,High school,,Separated,Female,White,Yes,1500.0
54,40.0,Bachelor degree,Private,Married,Female,Black,No,52000.0
59,45.0,Some college,Local government,Married,Male,White,Yes,60000.0
26,32.0,Some college,Private,Never married,Male,Black,Yes,1700.0
57,40.0,Bachelor degree,Private,Divorced,Female,Black,Yes,41700.0
18,40.0,,Private,Never married,Male,Black,Yes,20000.0
54,50.0,High school,Private,Divorced,Female,Black,Yes,35000.0
57,45.0,Associate degree,Private,Married,Female,Black,Yes,130000.0
47,40.0,Bachelor degree,Private,Married,Male,Black,Yes,50000.0
24,40.0,Bachelor degree,State government,Never married,Male,White,Yes,16900.0
20,30.0,Some college,Private,Never married,Male,White,Yes,25000.0
25,12.0,Associate degree,Private,Never married,Female,White,Yes,1200.0
48,80.0,Some college,Federal government,Never married,Female,Black,Yes,30200.0
19,33.0,High school,Federal government,Never married,Male,White,Yes,6000.0
17,20.0,No high school diploma,Private,Never married,Male,White,Yes,4000.0
18,10.0,No high school diploma,Private,Never married,Female,White,Yes,500.0
47,40.0,Graduate degree,State government,Married,Male,Black,Yes,33000.0
58,50.0,Graduate degree,Private,Married,Female,White,Yes,115000.0
35,37.0,High school,Private,Never married,Female,Black,Yes,62600.0
56,42.0,No high school diploma,Private,Married,Male,White,Yes,31500.0
57,40.0,High school,Private,Married,Male,White,Yes,60000.0
29,45.0,High school,,Never married,Male,White,Yes,26000.0
63,50.0,Bachelor degree,Private,Divorced,Female,Black,Yes,30000.0
40,40.0,Bachelor degree,Private non-profit,Married,Female,White,Yes,39000.0
53,40.0,Bachelor degree,Self-employed (incorporated),Never married,Male,White,Yes,35000.0
41,65.0,Bachelor degree,Private non-profit,Married,Male,White,Yes,84000.0
53,40.0,High school,Local government,Married,Female,White,Yes,35300.0
58,60.0,High school,Private,Divorced,Female,White,Yes,30000.0
70,50.0,Graduate degree,Private non-profit,Married,Male,White,Yes,76000.0
53,40.0,Some college,Private,Married,Male,White,Yes,93000.0
50,50.0,Bachelor degree,Private,Married,Male,Black,Yes,471000.0
48,40.0,High school,Private,Married,Female,White,Yes,33500.0
36,40.0,Some college,Local government,Married,Female,Black,Yes,38000.0
34,50.0,Bachelor degree,Private,Married,Female,White,Yes,90000.0
54,45.0,High school,Federal government,Divorced,Female,White,Yes,35000.0
24,40.0,High school,Private,Married,Male,Black,Yes,30000.0
34,40.0,High school,Private,Separated,Female,White,Yes,53000.0
45,50.0,,Private,Married,Male,White,Yes,175000.0
45,40.0,No high school diploma,Private,Married,Male,Black,Yes,36100.0
29,,Some college,Private,Never married,Male,Black,Yes,25400.0
59,40.0,High school,Private,Married,Female,White,Yes,30000.0
49,40.0,Some college,Private,Married,Male,Other or multiple,No,75000.0
23,4.0,Bachelor degree,Private,Never married,Female,Black,Yes,500.0
61,40.0,,Private non-profit,Married,Male,Asian,No,172000.0
70,60.0,No high school diploma,Private,Married,Male,White,Yes,57700.0
55,40.0,Bachelor degree,Private,Married,Female,Other or multiple,Yes,27000.0
28,45.0,Some college,Local government,Married,Male,White,Yes,40000.0
49,32.0,Associate degree,Private,Married,Female,White,Yes,55000.0
51,42.0,Some college,Private,Married,Male,White,Yes,46000.0
68,24.0,High school,Private,Married,Male,White,Yes,44900.0
58,32.0,Bachelor degree,Private non-profit,Never married,Female,Black,Yes,31000.0
34,16.0,Some college,Federal government,Married,Female,Asian,Yes,10000.0
21,20.0,High school,Private,Never married,Male,White,Yes,6700.0
50,40.0,High school,Self-employed,Divorced,Male,White,Yes,311000.0
48,45.0,Bachelor degree,Private,Married,Female,White,Yes,7000.0
53,36.0,Graduate degree,Private,Married,Female,Black,Yes,36000.0
47,48.0,Bachelor degree,Private,Married,Female,White,Yes,50000.0
27,40.0,Bachelor degree,Private,Never married,Female,Black,Yes,26400.0
24,30.0,High school,Private,Divorced,Female,White,Yes,9600.0
71,40.0,Bachelor degree,Self-employed (incorporated),Married,Male,White,Yes,36000.0
24,40.0,Bachelor degree,,Married,Female,White,Yes,62000.0
47,50.0,Bachelor degree,Private,Married,Female,White,Yes,182000.0
36,40.0,Graduate degree,Private,Never married,Male,White,Yes,91000.0
26,40.0,High school,Private,Never married,Male,Black,No,45000.0
22,30.0,High school,Self-employed,Never married,Male,White,Yes,5200.0
48,40.0,Some college,State government,Married,Female,White,Yes,22000.0
33,30.0,High school,State government,Separated,Female,White,Yes,10000.0
17,12.0,No high school diploma,Private,Never married,Male,Black,Yes,1000.0
56,40.0,Some college,Private,Never married,Male,White,Yes,42400.0
59,40.0,High school,Private,Never married,Female,Black,Yes,11000.0
19,25.0,High school,Private,Never married,Female,White,Yes,10000.0
51,40.0,Graduate degree,Private,Married,Male,Asian,No,180000.0
45,30.0,Associate degree,Private,Never married,Female,Black,Yes,9400.0
29,36.0,Bachelor degree,Private,Married,Female,White,Yes,60000.0
62,40.0,Some college,Private non-profit,Married,Female,Asian,No,45000.0
30,40.0,Some college,Private,Married,Male,White,Yes,65000.0
67,28.0,High school,,Married,Male,White,Yes,63000.0
44,40.0,Bachelor degree,Private,Married,Female,White,Yes,80000.0
50,,High school,Private,Divorced,Male,White,Yes,155000.0
64,,Associate degree,Private,Married,Female,White,Yes,40000.0
36,40.0,Some college,Private,Married,Female,White,Yes,55000.0
32,30.0,High school,Private,Never married,Male,White,Yes,20000.0
50,45.0,High school,Private,Married,Male,White,Yes,35000.0
58,40.0,Bachelor degree,Federal government,Married,Male,Black,Yes,100000.0
30,45.0,Graduate degree,Private,Never married,Female,White,Yes,38500.0
59,60.0,High school,Self-employed,Married,Male,White,Yes,51700.0
19,12.0,Some college,Private,Never married,Male,Asian,Yes,1400.0
19,30.0,High school,Private,Never married,Female,Black,Yes,14400.0
58,45.0,Some college,Private,Married,Female,White,Yes,160000.0
58,40.0,High school,Private,Married,Male,Black,Yes,55000.0
27,45.0,Bachelor degree,State government,Married,Male,White,Yes,42000.0
56,,Bachelor degree,Private,Married,Female,White,Yes,111500.0
68,35.0,High school,Private,Widowed,Male,White,Yes,63000.0
55,24.0,Bachelor degree,Private non-profit,Married,Female,White,Yes,28000.0
38,50.0,Bachelor degree,Private,Married,Female,Black,Yes,50000.0
43,40.0,Associate degree,Private non-profit,Divorced,Female,White,Yes,86000.0
26,36.0,Bachelor degree,Private non-profit,Never married,Female,White,Yes,59000.0
48,40.0,No high school diploma,Private,Never married,Male,White,No,20000.0
22,20.0,Some college,Private,Never married,Male,White,Yes,1000.0
56,50.0,Bachelor degree,Private,Divorced,Male,White,Yes,37000.0
63,60.0,Bachelor degree,Self-employed,Married,Female,White,Yes,12000.0
48,30.0,Bachelor degree,Self-employed,Married,Female,Black,Yes,35000.0
29,40.0,Some college,Private,Married,Male,White,Yes,60000.0
27,55.0,High school,Private,Never married,Male,White,Yes,65000.0
22,40.0,Bachelor degree,Private,Never married,Female,White,Yes,42000.0
35,24.0,Graduate degree,Self-employed,Married,Female,White,Yes,920.0
58,45.0,Bachelor degree,Private,Married,Male,White,Yes,120000.0
44,40.0,Associate degree,Private,Separated,Female,Black,Yes,43000.0
70,44.0,Graduate degree,State government,Married,Female,White,Yes,110000.0
29,40.0,Some college,Private,Married,Female,Black,Yes,20000.0
36,35.0,Associate degree,Private,Married,Female,White,Yes,40000.0
51,40.0,Graduate degree,Local government,Married,Female,White,Yes,65000.0
51,,High school,Private,Married,Male,Black,Yes,66000.0
47,50.0,Some college,Private,Married,Female,Other or multiple,No,40000.0
17,25.0,No high school diploma,Private,Never married,Female,Black,Yes,2700.0
44,32.0,Bachelor degree,Private non-profit,Married,Female,White,Yes,25000.0
30,40.0,Bachelor degree,Private non-profit,Never married,Female,Black,No,21600.0
55,40.0,,Private,Divorced,Female,White,Yes,109000.0
39,40.0,Bachelor degree,Private,Never married,Male,Black,Yes,33500.0
58,,Bachelor degree,Private,Divorced,Male,White,Yes,50000.0
31,,Some college,Private,Married,Male,White,Yes,40000.0
54,40.0,High school,State government,Married,Male,Black,Yes,4800.0
46,40.0,High school,Private,Widowed,Female,White,No,23600.0
48,,High school,Private,Married,Male,White,Yes,45000.0
32,35.0,Some college,Private,Never married,Male,Black,Yes,18900.0
48,50.0,Some college,Self-employed (incorporated),Married,Male,White,Yes,20000.0
65,35.0,Bachelor degree,,Widowed,Female,White,No,27700.0
41,45.0,Graduate degree,Private,Married,Male,White,Yes,230000.0
32,40.0,High school,Private,Married,Male,White,Yes,37000.0
35,40.0,High school,Local government,Married,Male,Black,Yes,14000.0
17,8.0,No high school diploma,Private,Never married,Female,Asian,Yes,1600.0
28,40.0,Bachelor degree,State government,Never married,Female,Other or multiple,Yes,36000.0
50,45.0,High school,,Never married,Male,White,Yes,13000.0
58,40.0,No high school diploma,State government,Married,Male,White,Yes,36000.0
25,50.0,Some college,Private,Married,Male,Black,Yes,45000.0
31,20.0,Bachelor degree,Private,Married,Female,Black,Yes,5000.0
82,60.0,Some college,Private non-profit,Married,Male,Black,No,35600.0
37,60.0,Bachelor degree,Self-employed,Never married,Male,White,Yes,65000.0
25,38.0,Bachelor degree,Private,Never married,Male,White,Yes,13000.0
69,30.0,High school,Private non-profit,Married,Female,White,Yes,20000.0
34,40.0,Graduate degree,State government,Married,Male,White,Yes,63000.0
35,40.0,Some college,Private,Divorced,Female,Black,Yes,43000.0
33,24.0,High school,Private non-profit,Divorced,Female,Black,Yes,2500.0
58,60.0,Bachelor degree,Private,Married,Male,Black,Yes,65000.0
47,40.0,Some college,Private,Never married,Male,Black,Yes,30000.0
55,56.0,No high school diploma,Private,Married,Male,Other or multiple,No,38000.0
21,40.0,,Federal government,Never married,Female,White,Yes,24000.0
40,25.0,No high school diploma,Private,Separated,Male,White,Yes,12400.0
43,,Graduate degree,Private,Divorced,Male,Black,Yes,10000.0
43,40.0,High school,Private,Married,Female,White,Yes,48700.0
29,,Bachelor degree,Private,Married,Female,White,Yes,78000.0
51,60.0,High school,Private,Married,Male,White,Yes,25000.0
26,50.0,Some college,Private,Married,Male,White,Yes,50000.0
74,24.0,Some college,Private,Married,Male,White,Yes,46800.0
32,40.0,Some college,Private,Never married,Male,Black,Yes,5000.0
32,70.0,High school,Private,Married,Male,White,Yes,30000.0
49,45.0,Bachelor degree,Private,Married,Male,White,Yes,142000.0
35,40.0,Associate degree,Private,Married,Male,White,Yes,60000.0
35,40.0,High school,State government,Married,Female,White,Yes,16000.0
52,28.0,Associate degree,Private non-profit,Widowed,Female,White,Yes,12300.0
56,40.0,Some college,Private,Married,Male,Black,Yes,85000.0
44,50.0,Graduate degree,State government,Married,Male,White,Yes,77000.0
61,30.0,No high school diploma,Self-employed,Married,Female,Black,Yes,36000.0
43,20.0,Bachelor degree,Private,Married,Female,White,Yes,37300.0
29,40.0,Associate degree,Private,Married,Male,White,Yes,52000.0
44,24.0,Bachelor degree,Private non-profit,Married,Female,White,Yes,10000.0
63,50.0,Bachelor degree,State government,Widowed,Female,Black,Yes,80000.0
20,40.0,High school,Private,Never married,Female,White,Yes,10000.0
33,50.0,Some college,Self-employed (incorporated),Married,Male,White,Yes,90000.0
30,50.0,Some college,Self-employed (incorporated),Married,Male,White,Yes,77000.0
57,40.0,Graduate degree,Federal government,Married,Male,White,Yes,153550.0
27,50.0,Bachelor degree,Local government,Married,Female,White,Yes,46000.0
19,20.0,Some college,Private,Never married,Female,Black,Yes,10200.0
38,40.0,Graduate degree,Private,Married,Female,Black,Yes,471000.0
29,42.0,Bachelor degree,Private,Married,Male,White,Yes,44010.0
17,35.0,No high school diploma,Private,Never married,Male,White,Yes,5000.0
64,20.0,No high school diploma,Private,Divorced,Female,White,Yes,9470.0
59,40.0,Graduate degree,Local government,Married,Female,White,Yes,48000.0
34,40.0,Some college,Private,Never married,Female,Black,Yes,8900.0
48,50.0,Associate degree,Local government,Married,Male,White,Yes,36000.0
51,20.0,Associate degree,Self-employed,Never married,Female,Black,Yes,9600.0
46,40.0,Bachelor degree,Private,Married,Male,White,Yes,61500.0
24,40.0,Bachelor degree,State government,Married,Female,White,Yes,55000.0
38,50.0,Bachelor degree,Self-employed,Married,Male,White,Yes,75000.0
58,40.0,High school,Private,Married,Female,White,Yes,45700.0
17,25.0,No high school diploma,Private,Never married,Female,White,Yes,1500.0
55,35.0,No high school diploma,Self-employed,Married,Male,Other or multiple,No,12000.0
32,60.0,Associate degree,Self-employed (incorporated),Married,Male,Black,No,45000.0
50,40.0,High school,Private,Separated,Female,Black,Yes,13000.0
54,50.0,Bachelor degree,Private,Married,Male,White,Yes,160000.0
18,12.0,High school,Private,Never married,Female,White,Yes,6200.0
45,30.0,High school,Self-employed,Divorced,Female,White,Yes,3000.0
41,70.0,Some college,Private,Divorced,Male,White,Yes,48800.0
35,49.0,Associate degree,Private,Married,Male,White,Yes,62000.0
37,28.0,Some college,Private,Married,Female,White,Yes,16000.0
24,28.0,Some college,Private,Never married,Male,Other or multiple,Yes,13000.0
48,45.0,Bachelor degree,Private,Never married,Male,White,Yes,80000.0
36,50.0,Graduate degree,Local government,Married,Female,White,Yes,45000.0
51,,High school,,Married,Female,Black,Yes,36060.0
35,40.0,High school,,Never married,Male,White,Yes,16000.0
63,80.0,Bachelor degree,Self-employed,Married,Male,White,Yes,65000.0
23,40.0,Some college,Private,Never married,Male,White,Yes,10000.0
64,48.0,Bachelor degree,Private,Married,Male,Black,Yes,126200.0
53,40.0,Associate degree,Private,Married,Male,White,Yes,59600.0
24,55.0,Bachelor degree,Private,Never married,Male,White,Yes,61500.0
42,10.0,High school,Self-employed,Never married,Male,White,Yes,10000.0
25,40.0,Bachelor degree,State government,Never married,Male,Black,Yes,38000.0
51,40.0,High school,Private,Never married,Male,Black,Yes,70000.0
38,40.0,Some college,Private,Married,Female,White,Yes,49500.0
43,30.0,Bachelor degree,Private,Married,Female,White,Yes,28000.0
51,10.0,Bachelor degree,Private,Never married,Male,Other or multiple,Yes,25800.0
23,16.0,Associate degree,Private,Never married,Female,White,Yes,400.0
18,40.0,High school,Private,Never married,Female,Black,No,25000.0
53,40.0,Some college,Private,Divorced,Female,Black,Yes,20000.0
24,40.0,Bachelor degree,Private,Never married,Female,White,Yes,30000.0
29,40.0,Graduate degree,Local government,Married,Female,White,Yes,58000.0
23,,High school,Local government,Never married,Male,Black,Yes,800.0
40,40.0,High school,Private,Divorced,Female,White,Yes,29000.0
58,40.0,Bachelor degree,Private,Divorced,Female,White,Yes,27000.0
58,50.0,Bachelor degree,Private,Married,Male,White,No,196000.0
43,50.0,Graduate degree,Private,Married,Male,White,No,220000.0
44,40.0,Some college,Private non-profit,Divorced,Female,Black,No,53600.0
42,50.0,Graduate degree,Private,Married,Female,White,Yes,105000.0
46,10.0,Graduate degree,Self-employed,Married,Female,White,Yes,35000.0
17,25.0,No high school diploma,Private,Never married,Female,White,Yes,8000.0
50,50.0,High school,Private,Married,Male,White,Yes,60000.0
17,2.0,No high school diploma,Private,Never married,Male,White,Yes,300.0
73,40.0,Some college,Private,Widowed,Female,White,Yes,46800.0
59,43.0,Some college,Private non-profit,Married,Male,White,Yes,101000.0
66,45.0,Graduate degree,Private,Widowed,Male,White,Yes,97100.0
59,40.0,Some college,Private,Divorced,Female,Black,Yes,24000.0
34,40.0,High school,Private,Married,Male,Black,Yes,20000.0
23,20.0,High school,Private,Never married,Male,Black,Yes,4000.0
42,40.0,Graduate degree,Private,Married,Female,Black,Yes,92000.0
33,15.0,Bachelor degree,Unpaid family work,Married,Female,White,Yes,1400.0
69,,Bachelor degree,Private,Married,Male,White,Yes,140300.0
19,40.0,Associate degree,State government,Never married,Female,White,Yes,1000.0
63,40.0,High school,Private,Divorced,Female,White,Yes,17000.0
67,40.0,Associate degree,Private,Married,Male,White,Yes,101100.0
68,40.0,Graduate degree,Private non-profit,Married,Female,White,Yes,40400.0
55,40.0,Graduate degree,Private,Divorced,Female,Black,Yes,60000.0
66,40.0,Some college,,Married,Male,Black,Yes,48000.0
46,40.0,Some college,Private,Divorced,Female,White,No,42000.0
29,43.0,Some college,State government,Never married,Female,Black,Yes,20000.0
70,8.0,High school,Private non-profit,Divorced,Male,Black,Yes,25600.0
50,58.0,Some college,Private,Never married,Male,White,Yes,70000.0
29,45.0,Some college,Private,Married,Male,White,Yes,40000.0
69,40.0,Graduate degree,Private non-profit,Married,Male,Black,Yes,89500.0
59,40.0,Some college,Private,Divorced,Female,Black,Yes,45000.0
65,40.0,High school,Private,Married,Male,White,Yes,20000.0
20,10.0,Some college,Private,Never married,Male,White,Yes,1000.0
44,48.0,High school,Private non-profit,Divorced,Female,Black,Yes,47000.0
23,32.0,Associate degree,Private,Never married,Male,White,Yes,26000.0
30,48.0,High school,Private,Never married,Female,Black,Yes,21000.0
46,56.0,Graduate degree,Private,Married,Male,White,Yes,55000.0
54,50.0,Bachelor degree,Private,Married,Male,White,Yes,250000.0
22,40.0,Some college,Private,Never married,Female,White,Yes,28000.0
34,10.0,Associate degree,Private,Married,Female,White,Yes,1600.0
27,50.0,Bachelor degree,Private,Never married,Male,Black,Yes,60000.0
48,,Some college,Private,Married,Male,Black,Yes,34000.0
34,40.0,Graduate degree,Private,Never married,Male,White,Yes,62000.0
22,40.0,Some college,Private,Never married,Female,Black,Yes,15400.0
22,40.0,Associate degree,Private non-profit,Married,Female,White,Yes,35000.0
39,50.0,High school,,Married,Male,White,Yes,100000.0
57,55.0,Graduate degree,Private non-profit,Married,Male,White,Yes,45500.0
24,36.0,Bachelor degree,Private,Never married,Female,White,Yes,30000.0
45,40.0,Bachelor degree,Private,Married,Male,Asian,Yes,95000.0
37,40.0,High school,Private,Married,Male,Other or multiple,No,35000.0
35,,No high school diploma,Private,Married,Female,Other or multiple,No,7200.0
34,75.0,,Private,Married,Male,White,Yes,104000.0
44,40.0,Bachelor degree,Private,Married,Female,White,Yes,125000.0
53,65.0,Graduate degree,State government,Married,Male,White,Yes,70000.0
68,20.0,High school,Private,Divorced,Male,White,Yes,57000.0
27,20.0,Bachelor degree,Private,Never married,Male,Black,Yes,13000.0
37,50.0,Some college,Private,Married,Female,Black,Yes,70000.0
51,40.0,Bachelor degree,Private,Married,Female,White,Yes,48000.0
32,60.0,No high school diploma,Private,Never married,Male,White,Yes,12000.0
50,40.0,Some college,Private,Married,Female,White,Yes,61000.0
44,45.0,Graduate degree,Local government,Married,Female,White,Yes,125000.0
29,20.0,High school,Private,Never married,Female,White,Yes,8800.0
34,20.0,Some college,Private,Never married,Female,White,Yes,18500.0
38,40.0,No high school diploma,Private,Married,Female,White,Yes,2000.0
31,70.0,No high school diploma,Private,Married,Male,White,No,17000.0
28,38.0,Bachelor degree,Private non-profit,Never married,Female,White,Yes,32000.0
20,40.0,Some college,Private non-profit,Never married,Male,White,Yes,20000.0
61,40.0,Bachelor degree,Self-employed (incorporated),Married,Male,White,Yes,150000.0
26,45.0,Bachelor degree,Private,Never married,Female,White,Yes,100000.0
28,40.0,Bachelor degree,Private,Never married,Female,White,Yes,42700.0
22,35.0,No high school diploma,Private,Never married,Female,Other or multiple,Yes,17000.0
56,42.0,High school,Local government,Divorced,Female,White,Yes,43000.0
38,52.0,Associate degree,State government,Married,Female,White,Yes,22000.0
57,40.0,No high school diploma,Private,Widowed,Male,Black,Yes,52000.0
21,40.0,High school,Private,Never married,Male,White,Yes,10000.0
27,40.0,Some college,Federal government,Married,Male,White,Yes,25000.0
55,40.0,Some college,State government,Married,Female,White,Yes,20000.0
65,15.0,High school,Private,Married,Female,White,Yes,8680.0
51,45.0,Graduate degree,Private,Married,Male,White,Yes,140000.0
71,50.0,Some college,Local government,Married,Male,White,Yes,39400.0
54,40.0,Associate degree,Private,Never married,Female,Black,No,50000.0
62,65.0,Associate degree,Private,Divorced,Male,White,Yes,10010.0
46,40.0,Some college,Private,Never married,Female,Black,Yes,18400.0
58,37.0,High school,Private,Divorced,Female,Black,No,5000.0
31,40.0,High school,Private,Married,Male,White,Yes,80000.0
26,40.0,Some college,Private,Never married,Male,Black,Yes,35000.0
48,40.0,Some college,Private,Married,Female,White,Yes,41000.0
18,30.0,,Local government,Never married,Female,White,Yes,25000.0
17,,High school,Private,Never married,Female,White,Yes,12000.0
53,40.0,Graduate degree,Self-employed (incorporated),Married,Male,White,Yes,179000.0
39,30.0,,Private,Never married,Female,Black,Yes,30000.0
25,50.0,Bachelor degree,Private,Never married,Male,White,Yes,22900.0
46,48.0,High school,Private,Married,Male,White,Yes,49000.0
64,70.0,Graduate degree,Private,Married,Male,White,Yes,165000.0
61,40.0,Some college,Private,Married,Male,White,Yes,60000.0
56,40.0,Bachelor degree,Private,Married,Male,White,Yes,45000.0
58,43.0,High school,Private,Married,Female,White,No,22000.0
19,25.0,Some college,Private,Never married,Female,White,Yes,8500.0
68,30.0,Bachelor degree,Private,Divorced,Female,White,Yes,44300.0
21,15.0,Bachelor degree,Local government,Never married,Male,Asian,No,800.0
47,40.0,Graduate degree,Private,Divorced,Female,White,Yes,78000.0
40,,Bachelor degree,Private,Never married,Female,Black,Yes,60000.0
34,40.0,Associate degree,State government,Never married,Female,Black,Yes,32800.0
65,4.0,High school,Private,Married,Female,White,Yes,27600.0
49,40.0,Some college,Private,Separated,Male,White,Yes,48700.0
45,45.0,High school,Private,Married,Male,White,No,65000.0
38,40.0,Graduate degree,Private,Never married,Female,Black,Yes,54000.0
31,50.0,Some college,Private,Never married,Male,Black,Yes,35000.0
45,45.0,Bachelor degree,Private,Married,Female,White,Yes,100090.0
29,40.0,Some college,,Married,Male,White,No,25000.0
42,45.0,Graduate degree,Local government,Married,Female,White,Yes,50000.0
50,40.0,No high school diploma,Private,Married,Male,Black,No,19000.0
56,40.0,Associate degree,Private,Married,Female,White,Yes,50000.0
48,50.0,Bachelor degree,Private,Married,Male,White,Yes,58000.0
25,40.0,Bachelor degree,State government,Never married,Female,Other or multiple,Yes,38000.0
47,40.0,Some college,Private,Married,Male,White,Yes,45000.0
50,40.0,High school,Self-employed (incorporated),Married,Female,White,Yes,104000.0
60,40.0,Some college,Private,Divorced,Female,White,Yes,30000.0
22,30.0,High school,Private,Never married,Female,White,Yes,13000.0
22,40.0,Some college,Local government,Never married,Female,Black,Yes,18000.0
69,25.0,Graduate degree,Self-employed (incorporated),Married,Male,White,Yes,200000.0
53,40.0,,Private,Married,Female,White,Yes,43700.0
61,40.0,High school,Private,Married,Male,White,Yes,36000.0
60,40.0,Bachelor degree,Private,Married,Female,Black,Yes,31000.0
75,40.0,Bachelor degree,Private,Divorced,Male,White,Yes,218200.0
44,,Some college,Private,Divorced,Female,White,Yes,30000.0
25,,Some college,,Married,Female,White,Yes,40000.0
34,60.0,Associate degree,Private,Never married,Male,Black,Yes,70000.0
28,40.0,Bachelor degree,Private,Never married,Male,White,Yes,45000.0
18,30.0,No high school diploma,Private,Never married,Female,Black,Yes,2400.0
30,40.0,Associate degree,Private,Married,Female,White,Yes,32000.0
51,45.0,Graduate degree,Local government,Married,Female,White,No,49000.0
40,60.0,Some college,Private,Divorced,Male,White,Yes,10300.0
34,45.0,No high school diploma,Private,Divorced,Female,White,Yes,10000.0
21,40.0,Some college,Private,Never married,Female,White,Yes,7000.0
76,20.0,High school,Private,Married,Male,White,Yes,35000.0
31,70.0,Bachelor degree,Federal government,Married,Female,White,No,39700.0
32,40.0,Some college,Private,Never married,Female,White,Yes,24000.0
28,42.0,Bachelor degree,Local government,Married,Male,White,Yes,42000.0
59,40.0,Some college,Self-employed,Married,Female,White,Yes,25000.0
54,40.0,Bachelor degree,,Married,Female,White,Yes,6500.0
19,25.0,High school,Private,Never married,Male,Black,Yes,16100.0
69,50.0,Some college,Private,Married,Male,White,Yes,82200.0
72,17.0,High school,Private,Divorced,Female,White,Yes,25000.0
31,36.0,High school,Private,Never married,Male,White,Yes,16700.0
54,40.0,Some college,State government,Married,Female,Black,Yes,35000.0
44,45.0,Associate degree,Private,Married,Male,White,Yes,66000.0
55,40.0,Some college,State government,Married,Female,Black,Yes,68000.0
37,40.0,Bachelor degree,Private,Married,Female,White,Yes,140000.0
30,60.0,Graduate degree,Private non-profit,Married,Female,White,Yes,65000.0
26,40.0,Bachelor degree,Private,Never married,Female,Black,Yes,47000.0
40,45.0,Graduate degree,Private,Married,Female,White,Yes,112000.0
26,45.0,Some college,Private,Married,Male,White,Yes,62000.0
70,50.0,Some college,Private,Never married,Female,White,Yes,94600.0
35,37.0,Associate degree,State government,Never married,Male,Black,Yes,29500.0
50,30.0,Some college,Self-employed (incorporated),Married,Male,Asian,No,70000.0
49,40.0,Bachelor degree,Private,Married,Male,White,Yes,531000.0
57,40.0,High school,State government,Married,Male,White,Yes,44000.0
64,24.0,Some college,State government,Married,Female,Black,Yes,900.0
22,45.0,Some college,Private,Never married,Female,White,No,1500.0
25,40.0,Associate degree,Private,Never married,Female,Black,Yes,76000.0
38,40.0,High school,State government,Divorced,Female,Black,No,16800.0
42,30.0,High school,Self-employed,Divorced,Male,White,Yes,31200.0
22,35.0,Some college,Private,Never married,Female,White,Yes,7600.0
57,60.0,Associate degree,Private non-profit,Married,Male,White,Yes,63000.0
23,30.0,Bachelor degree,Self-employed,Never married,Female,Black,Yes,42000.0
61,40.0,Graduate degree,Private,Married,Male,Black,Yes,90000.0
23,20.0,Associate degree,Private,Never married,Male,Other or multiple,Yes,200.0
41,40.0,,Self-employed,Married,Male,White,Yes,311000.0
57,50.0,High school,Private,Divorced,Male,White,Yes,24000.0
65,40.0,High school,,Married,Male,White,Yes,51400.0
61,50.0,Graduate degree,Private,Married,Female,White,No,90000.0
57,50.0,,Local government,Married,Female,White,Yes,55000.0
27,40.0,Graduate degree,Local government,Married,Male,White,Yes,49000.0
59,40.0,Some college,Private,Never married,Female,White,Yes,60000.0
25,20.0,High school,Private,Never married,Male,White,Yes,26000.0
20,30.0,High school,Private,Never married,Female,White,Yes,10000.0
66,50.0,Some college,Private,Divorced,Male,White,Yes,100000.0
49,40.0,No high school diploma,Private,Married,Female,White,No,25000.0
23,40.0,Bachelor degree,Local government,Never married,Female,Black,Yes,24000.0
47,40.0,Graduate degree,Local government,Married,Female,White,Yes,50000.0
61,45.0,High school,Self-employed (incorporated),Married,Male,Other or multiple,Yes,141000.0
25,35.0,High school,,Never married,Female,Black,Yes,33300.0
27,40.0,Bachelor degree,Private,Married,Female,Asian,No,70000.0
46,45.0,High school,,Married,Female,White,Yes,116000.0
56,42.0,Graduate degree,Private non-profit,Married,Male,White,Yes,84000.0
28,25.0,Bachelor degree,Private,Married,Female,White,Yes,36000.0
22,40.0,High school,Private,Married,Male,Other or multiple,Yes,20800.0
45,42.0,Some college,State government,Married,Female,White,Yes,28000.0
54,40.0,Associate degree,Self-employed,Divorced,Male,White,Yes,19500.0
46,40.0,Bachelor degree,Local government,Divorced,Male,Black,Yes,140000.0
51,3.0,No high school diploma,Self-employed,Married,Male,White,No,17600.0
42,28.0,Associate degree,Private,Divorced,Female,White,Yes,21000.0
27,40.0,Some college,Private,Never married,Male,Black,No,30000.0
44,50.0,Graduate degree,State government,Married,Female,White,Yes,68000.0
29,12.0,High school,Private non-profit,Never married,Female,White,Yes,32000.0
53,40.0,Bachelor degree,Private,Married,Male,White,No,218000.0
22,25.0,Graduate degree,Private,Never married,Female,Asian,No,12000.0
36,50.0,Bachelor degree,Private,Married,Female,White,Yes,65000.0
17,50.0,Some college,Private,Never married,Male,White,No,32000.0
30,50.0,High school,Private,Divorced,Male,White,Yes,19900.0
28,50.0,Graduate degree,Private,Never married,Female,Black,Yes,55000.0
45,50.0,Some college,Private,Married,Male,Black,Yes,77600.0
38,55.0,No high school diploma,Private,Married,Male,White,No,38000.0
19,12.0,High school,Federal government,Never married,Male,Black,Yes,15000.0
62,40.0,High school,Self-employed (incorporated),Married,Male,White,Yes,60000.0
30,60.0,Graduate degree,Private non-profit,Married,Male,Other or multiple,Yes,38300.0
47,11.0,Bachelor degree,Private non-profit,Married,Female,White,Yes,60000.0
40,55.0,Graduate degree,Private,Married,Female,White,Yes,160000.0
45,35.0,Some college,Private,Married,Female,White,Yes,4000.0
64,40.0,Some college,Private,Married,Male,White,Yes,38000.0
48,50.0,Graduate degree,Private non-profit,Divorced,Female,White,Yes,115000.0
23,35.0,High school,Private,Never married,Male,Black,Yes,17700.0
22,20.0,High school,Private,Married,Male,White,No,6000.0
73,20.0,Associate degree,Self-employed,Married,Male,White,Yes,25000.0
41,4.0,Some college,Private,Married,Female,White,No,200.0
50,40.0,High school,Private,Married,Male,White,Yes,48000.0
53,60.0,Some college,Private,Never married,Male,White,Yes,70000.0
25,40.0,Bachelor degree,Private,Never married,Male,White,Yes,45000.0
34,36.0,Bachelor degree,Private non-profit,Married,Female,Black,Yes,55000.0
41,40.0,Bachelor degree,Private,Married,Male,White,Yes,60000.0
46,40.0,Graduate degree,State government,Married,Female,White,Yes,93000.0
46,35.0,Associate degree,Private,Married,Female,White,Yes,28000.0
18,4.0,,,Never married,Male,White,Yes,1000.0
33,45.0,Graduate degree,Private,Never married,Female,White,Yes,43000.0
37,40.0,Graduate degree,State government,Married,Female,Asian,No,56000.0
48,40.0,,Local government,Divorced,Female,Black,Yes,57600.0
26,40.0,High school,Private,Never married,Female,Other or multiple,No,18400.0
60,30.0,High school,Private,Never married,Male,White,Yes,23000.0
48,48.0,Bachelor degree,State government,Divorced,Female,White,Yes,52000.0
56,30.0,High school,Self-employed (incorporated),Widowed,Female,Black,Yes,5000.0
56,40.0,,Local government,Married,Female,White,Yes,25000.0
43,80.0,Bachelor degree,Private,Married,Male,White,No,160000.0
28,40.0,Associate degree,Private,Married,Female,White,Yes,40000.0
64,2.0,Associate degree,Private,Never married,Male,White,Yes,563210.0
53,40.0,Some college,State government,Married,Female,White,Yes,19200.0
20,35.0,Some college,Private,Never married,Male,White,Yes,10000.0
63,40.0,Associate degree,Local government,Married,Male,White,Yes,68000.0
42,40.0,Some college,Private,Married,Female,Asian,No,45000.0
46,40.0,No high school diploma,Self-employed,Married,Male,White,Yes,4000.0
48,40.0,Some college,Private,Married,Female,Black,Yes,32500.0
47,50.0,High school,Private non-profit,Divorced,Female,Black,Yes,30000.0
57,40.0,No high school diploma,,Widowed,Male,White,Yes,31200.0
33,80.0,High school,Self-employed (incorporated),Married,Male,White,Yes,100000.0
51,65.0,Bachelor degree,Private,Married,Male,White,Yes,471000.0
59,,Bachelor degree,Private,Married,Female,White,Yes,42000.0
55,40.0,Bachelor degree,Private,Never married,Female,Other or multiple,Yes,38000.0
62,40.0,Associate degree,Private,Divorced,Female,Black,Yes,23000.0
17,25.0,No high school diploma,Private,Never married,Female,White,Yes,9200.0
29,38.0,No high school diploma,Private,Never married,Male,Other or multiple,Yes,13800.0
40,45.0,Associate degree,Private non-profit,Married,Female,White,Yes,60000.0
55,60.0,Graduate degree,Federal government,Married,Male,White,Yes,92000.0
19,10.0,Some college,,Never married,Male,White,Yes,6800.0
37,40.0,Graduate degree,State government,Married,Female,White,Yes,70000.0
30,45.0,,Private,Never married,Male,White,Yes,67000.0
38,40.0,Graduate degree,Private,Married,Female,White,Yes,110000.0
31,38.0,Some college,Private,Married,Female,White,Yes,25000.0
26,40.0,High school,Private,Never married,Male,White,Yes,24000.0
46,50.0,Graduate degree,Private,Married,Male,White,Yes,212000.0
32,40.0,No high school diploma,Private,Never married,Female,White,Yes,38000.0
70,20.0,Bachelor degree,Private,Never married,Female,White,Yes,42400.0
26,45.0,Some college,Private,Married,Male,White,Yes,30000.0
54,50.0,Some college,,Married,Female,White,Yes,111000.0
30,40.0,Bachelor degree,Local government,Married,Male,White,Yes,45000.0
67,40.0,Associate degree,Private,Widowed,Female,White,Yes,40000.0
62,55.0,No high school diploma,Private,Married,Male,White,Yes,60000.0
23,30.0,No high school diploma,Private,Married,Male,White,Yes,10000.0
57,60.0,Graduate degree,Local government,Married,Female,White,Yes,57200.0
33,40.0,Graduate degree,Federal government,Never married,Female,White,Yes,90000.0
35,55.0,High school,Private,Never married,Male,Black,Yes,42000.0
22,18.0,Some college,Private,Never married,Male,Other or multiple,Yes,3500.0
59,40.0,Graduate degree,Private,Married,Male,Black,Yes,143000.0
44,40.0,Bachelor degree,Private non-profit,Married,Male,White,No,92000.0
29,40.0,Graduate degree,Local government,Never married,Female,White,Yes,26000.0
39,20.0,Some college,Self-employed,Divorced,Male,White,Yes,17000.0
54,40.0,Bachelor degree,Self-employed,Married,Female,White,Yes,100000.0
59,84.0,Bachelor degree,Private,Married,Male,Asian,No,20000.0
64,40.0,Some college,Local government,Divorced,Female,Black,Yes,23600.0
30,45.0,Bachelor degree,Private,Never married,Male,White,Yes,160000.0
53,40.0,Graduate degree,Private,Married,Male,White,Yes,54000.0
26,40.0,Associate degree,Private,Divorced,Female,White,Yes,29000.0
64,40.0,Associate degree,Private,Married,Female,White,Yes,62400.0
68,8.0,No high school diploma,Private,Married,Male,White,Yes,24250.0
28,40.0,High school,Private,Married,Male,White,Yes,45000.0
18,8.0,High school,Private,Never married,Male,White,Yes,6000.0
51,40.0,Graduate degree,State government,Divorced,Female,Other or multiple,Yes,80000.0
21,12.0,Some college,Private,Never married,Female,Asian,Yes,1500.0
38,40.0,Graduate degree,Local government,Married,Female,White,Yes,60000.0
35,39.0,Some college,Private,Never married,Female,White,Yes,28000.0
51,40.0,No high school diploma,Private,Married,Female,Other or multiple,No,24000.0
26,40.0,High school,Private,Divorced,Male,White,Yes,70000.0
65,,Graduate degree,,Married,Male,White,Yes,614000.0
56,35.0,Graduate degree,State government,Married,Male,Black,Yes,50000.0
40,36.0,Associate degree,Private,Married,Female,White,Yes,85000.0
57,40.0,High school,Private,Married,Male,Black,Yes,12000.0
40,40.0,Bachelor degree,Private,Never married,Female,Asian,No,49000.0
45,50.0,No high school diploma,Private,Married,Male,White,Yes,66000.0
23,24.0,Associate degree,Private,Never married,Male,White,Yes,16000.0
58,39.0,High school,Private,Married,Female,White,Yes,44000.0
53,20.0,Bachelor degree,Private,Divorced,Female,White,Yes,31300.0
48,60.0,High school,Private,Married,Male,White,Yes,80000.0
61,40.0,High school,Private,Divorced,Female,White,Yes,36800.0
65,4.0,Some college,Private non-profit,Married,Female,White,Yes,7200.0
25,40.0,Bachelor degree,Private,Married,Female,Asian,No,65000.0
19,20.0,Some college,Private,Never married,Female,Other or multiple,No,4000.0
54,30.0,High school,Private,Married,Female,White,Yes,20000.0
32,60.0,Bachelor degree,Private,Married,Male,White,Yes,53000.0
62,40.0,High school,Private,Divorced,Female,White,Yes,45600.0
63,50.0,Graduate degree,State government,Married,Male,White,Yes,471000.0
25,55.0,High school,Private,Never married,Male,White,Yes,45000.0
42,10.0,Some college,Private,Married,Female,White,No,5200.0
34,50.0,Graduate degree,Private,Never married,Male,Black,Yes,84000.0
44,54.0,Some college,Federal government,Divorced,Female,Other or multiple,No,29000.0
61,40.0,Bachelor degree,Private,Married,Female,White,Yes,57000.0
31,40.0,Graduate degree,Local government,Married,Female,White,Yes,56000.0
52,40.0,Bachelor degree,Private,Married,Female,White,Yes,75000.0
58,36.0,Graduate degree,Private,Married,Female,White,Yes,120000.0
45,42.0,Some college,Local government,Married,Male,White,Yes,45000.0
33,,Bachelor degree,Self-employed,Married,Female,White,Yes,1600.0
46,50.0,Bachelor degree,Federal government,Married,Male,Other or multiple,No,94800.0
24,25.0,Some college,Private,Never married,Female,White,Yes,15000.0
59,26.0,High school,Local government,Married,Female,White,Yes,5000.0
57,40.0,Bachelor degree,Self-employed (incorporated),Married,Male,White,Yes,471000.0
54,45.0,Graduate degree,Local government,Married,Male,White,Yes,70000.0
26,40.0,Associate degree,Private,Married,Female,White,Yes,29500.0
35,40.0,Graduate degree,Private,Married,Female,White,Yes,35000.0
29,40.0,Some college,Private,Married,Male,White,Yes,25000.0
29,42.0,High school,Private,Never married,Male,White,Yes,28000.0
43,50.0,Bachelor degree,Private,Married,Male,White,Yes,190000.0
64,20.0,Graduate degree,Private non-profit,Married,Male,White,Yes,7100.0
33,40.0,,Local government,Never married,Female,Black,Yes,12000.0
33,,High school,Federal government,Married,Male,White,Yes,80000.0
37,60.0,Bachelor degree,Private non-profit,Never married,Female,Black,Yes,75000.0
58,40.0,Associate degree,Private,Married,Male,White,Yes,55000.0
54,40.0,High school,Private,Married,Male,Black,Yes,100000.0
38,50.0,Graduate degree,Private,Married,Male,White,Yes,140000.0
52,50.0,Bachelor degree,Self-employed (incorporated),Married,Female,White,Yes,80000.0
67,25.0,High school,Private non-profit,Married,Male,White,Yes,30000.0
55,40.0,High school,Private,Married,Male,White,Yes,36400.0
34,40.0,No high school diploma,Private,Married,Female,White,No,20000.0
46,54.0,No high school diploma,Private,Divorced,Male,White,Yes,70000.0
29,40.0,Associate degree,Private,Married,Female,Other or multiple,No,20000.0
30,38.0,Bachelor degree,Private non-profit,Married,Female,White,Yes,48000.0
25,35.0,Some college,Self-employed,Never married,Female,Black,Yes,14000.0
31,35.0,Associate degree,,Married,Female,White,Yes,27000.0
39,55.0,Graduate degree,Private,Married,Male,White,Yes,190000.0
55,55.0,Bachelor degree,Private,Married,Female,White,Yes,230000.0
63,48.0,High school,Private,Married,Male,White,Yes,477700.0
49,40.0,No high school diploma,Private,Married,Female,Other or multiple,No,24000.0
29,42.0,High school,Private,Never married,Female,Black,Yes,20000.0
19,40.0,High school,Federal government,Never married,Male,White,No,8600.0
34,,Some college,Federal government,Never married,Male,White,Yes,50500.0
56,45.0,Graduate degree,Private,Never married,Female,White,Yes,110000.0
36,40.0,Bachelor degree,Private,Married,Female,White,Yes,41000.0
40,20.0,High school,Private,Divorced,Female,White,Yes,2500.0
25,50.0,Associate degree,Private,Never married,Male,White,Yes,32500.0
26,40.0,High school,Private,Never married,Male,White,Yes,4300.0
57,40.0,Associate degree,Federal government,Married,Female,Black,Yes,46400.0
30,40.0,High school,Private,Married,Male,White,Yes,30000.0
30,20.0,Graduate degree,Private,Never married,Female,White,Yes,25000.0
43,50.0,Some college,Private,Married,Male,White,Yes,70000.0
64,40.0,High school,Private,Never married,Male,Black,Yes,35000.0
47,40.0,Graduate degree,Private,Married,Female,White,Yes,73700.0
38,40.0,Bachelor degree,Private,Married,Female,Black,No,60000.0
32,50.0,No high school diploma,Private,Never married,Male,Black,Yes,20800.0
53,50.0,Bachelor degree,Private non-profit,Divorced,Female,White,Yes,83000.0
24,40.0,Some college,Private,Never married,Female,Black,Yes,36000.0
55,70.0,Bachelor degree,Private,Married,Female,Other or multiple,Yes,27000.0
55,52.0,High school,Private,Divorced,Male,White,Yes,60000.0
50,50.0,Associate degree,Private,Married,Male,White,Yes,60000.0
30,40.0,Bachelor degree,Private non-profit,Married,Female,White,Yes,20000.0
21,25.0,Associate degree,Private non-profit,Never married,Female,White,Yes,8300.0
57,60.0,High school,Private,Married,Male,White,Yes,43000.0
21,60.0,No high school diploma,Private,Never married,Male,White,Yes,72000.0
58,40.0,High school,Private,Married,Female,Black,Yes,260000.0
80,4.0,Bachelor degree,Private non-profit,Divorced,Female,White,Yes,43400.0
20,30.0,Some college,Private,Never married,Female,White,Yes,9800.0
40,50.0,Associate degree,Private,Never married,Male,White,Yes,30000.0
51,40.0,High school,Private,Never married,Male,Black,Yes,26000.0
61,45.0,Some college,Private,Never married,Male,Black,Yes,52000.0
40,45.0,Graduate degree,Local government,Married,Female,White,Yes,57300.0
64,30.0,High school,Self-employed,Married,Male,White,Yes,25700.0
54,36.0,Graduate degree,Private non-profit,Married,Male,Asian,No,63200.0
57,40.0,,Private,Divorced,Female,White,Yes,22300.0
52,40.0,High school,Local government,Widowed,Female,White,Yes,17300.0
58,40.0,Associate degree,Private,Divorced,Female,Black,Yes,13870.0
33,36.0,High school,Private,Divorced,Female,White,Yes,6300.0
26,40.0,Bachelor degree,Private,Never married,Female,White,Yes,40000.0
57,40.0,Associate degree,Private,Married,Female,White,Yes,35000.0
50,40.0,Some college,,Married,Female,White,Yes,59000.0
36,70.0,Some college,Self-employed (incorporated),Married,Female,Asian,No,65950.0
45,45.0,No high school diploma,Private,Married,Male,White,No,31000.0
56,15.0,Associate degree,Private non-profit,Married,Female,White,Yes,11500.0
18,20.0,Some college,Private,Never married,Female,White,Yes,6000.0
25,50.0,Some college,Private,Never married,Male,White,Yes,60000.0
32,40.0,Bachelor degree,Private,Married,Male,White,Yes,25000.0
49,40.0,Bachelor degree,State government,Never married,Female,Black,Yes,64000.0
35,40.0,Associate degree,,Never married,Female,White,No,16000.0
49,40.0,Bachelor degree,Private,Married,Male,White,Yes,87000.0
37,50.0,High school,Private,Married,Male,White,No,40000.0
33,40.0,Bachelor degree,Private,Never married,Female,White,Yes,70000.0
32,40.0,High school,Local government,Married,Male,Black,Yes,45000.0
34,40.0,Bachelor degree,Private,Married,Female,Black,Yes,22100.0
43,50.0,Graduate degree,Private non-profit,Divorced,Female,White,Yes,96000.0
55,40.0,Graduate degree,Private non-profit,Married,Male,White,Yes,32420.0
49,30.0,Graduate degree,Private non-profit,Never married,Female,Black,Yes,55800.0
19,8.0,Some college,Private,Never married,Male,White,Yes,2000.0
66,38.0,Associate degree,Private,Never married,Female,Black,Yes,37700.0
39,36.0,Graduate degree,Private,Married,Male,White,Yes,75000.0
63,40.0,High school,Private,Divorced,Female,White,Yes,30000.0
21,35.0,High school,Private,Never married,Female,White,Yes,22000.0
59,40.0,No high school diploma,Private,Never married,Female,White,Yes,15000.0
67,31.0,High school,Private,Divorced,Female,Black,Yes,17000.0
35,,Some college,Private,Divorced,Female,Other or multiple,Yes,31000.0
47,40.0,Some college,Private,Married,Female,White,Yes,10000.0
46,50.0,Associate degree,Private,Married,Male,White,Yes,86000.0
36,25.0,Some college,Private,Married,Female,White,No,10000.0
62,40.0,Associate degree,Private,Married,Male,White,Yes,48300.0
50,40.0,,Self-employed,Divorced,Female,Black,Yes,110000.0
45,65.0,,,Married,Male,White,Yes,200000.0
55,40.0,High school,Self-employed,Divorced,Male,White,Yes,50000.0
35,40.0,Graduate degree,Federal government,Never married,Female,Black,Yes,73000.0
24,65.0,Bachelor degree,Local government,Married,Male,White,Yes,32000.0
39,50.0,Bachelor degree,State government,Married,Female,White,Yes,50000.0
46,55.0,High school,Private,Separated,Male,White,Yes,10000.0
46,28.0,Graduate degree,Private non-profit,Married,Female,White,Yes,38000.0
59,40.0,High school,Private,Married,Female,White,Yes,6000.0
22,40.0,High school,Private,Never married,Female,White,Yes,28200.0
20,40.0,High school,Private,Never married,Male,White,Yes,32020.0
51,40.0,Bachelor degree,Private,Married,Female,White,Yes,52200.0
52,20.0,,Private,Divorced,Male,White,Yes,20000.0
51,25.0,Some college,Private,Married,Female,White,Yes,40000.0
49,50.0,High school,Private,Divorced,Female,White,Yes,145000.0
28,55.0,Graduate degree,Self-employed,Never married,Female,Black,Yes,40000.0
38,40.0,High school,Private,Never married,Female,Other or multiple,No,17400.0
19,25.0,Some college,Private,Never married,Male,Black,Yes,5000.0
49,40.0,Some college,Private,Married,Male,White,Yes,97700.0
57,60.0,Some college,Private,Married,Male,White,Yes,150000.0
24,12.0,,Federal government,Never married,Male,White,Yes,13000.0
49,40.0,Bachelor degree,Private,Married,Male,Black,Yes,53000.0
31,40.0,Some college,Self-employed,Never married,Male,Black,Yes,45000.0
52,10.0,Bachelor degree,Self-employed,Divorced,Male,White,Yes,22000.0
59,40.0,Graduate degree,Private,Married,Male,Black,Yes,112000.0
49,41.0,Some college,Private,Never married,Female,White,Yes,33900.0
49,55.0,Bachelor degree,Private,Married,Male,White,Yes,250000.0
23,,High school,Private,Married,Female,Other or multiple,Yes,11000.0
57,40.0,Some college,Private,Divorced,Male,Black,No,62000.0
37,34.0,Bachelor degree,Self-employed (incorporated),Married,Male,White,No,185000.0
47,40.0,Bachelor degree,Private,Married,Male,White,No,82000.0
53,40.0,Bachelor degree,Federal government,Divorced,Female,Black,No,100000.0
58,40.0,Bachelor degree,Self-employed,Married,Male,White,Yes,254000.0
49,40.0,No high school diploma,Private,Divorced,Female,Other or multiple,No,18000.0
36,20.0,Some college,Self-employed,Divorced,Female,Black,Yes,45400.0
59,,Bachelor degree,Private,Married,Female,White,Yes,60000.0
37,40.0,High school,Private,Never married,Female,Black,Yes,55000.0
20,20.0,Some college,Private,Never married,Female,White,Yes,1200.0
22,35.0,Bachelor degree,Private,Never married,Male,White,Yes,6000.0
57,40.0,Some college,Private,Married,Female,White,Yes,115000.0
50,48.0,Some college,Self-employed,Divorced,Male,Black,Yes,36000.0
36,45.0,Bachelor degree,Private,Married,Male,Other or multiple,No,264000.0
79,30.0,Bachelor degree,Self-employed (incorporated),Married,Male,White,Yes,135400.0
20,25.0,High school,Private,Never married,Male,White,Yes,12000.0
49,50.0,Bachelor degree,Private,Married,Male,White,Yes,464200.0
83,15.0,Some college,Private,Married,Male,White,Yes,45200.0
21,40.0,Some college,Private,Never married,Female,Black,Yes,26300.0
24,20.0,Some college,Private,Never married,Male,Black,Yes,9000.0
27,40.0,Some college,Local government,Never married,Male,White,Yes,47000.0
26,60.0,,Private,Separated,Male,Black,Yes,30000.0
54,18.0,Graduate degree,Private,Married,Female,Asian,No,15000.0
42,20.0,High school,Local government,Married,Female,Black,Yes,9400.0
23,40.0,Bachelor degree,Private,Married,Female,White,Yes,18000.0
36,40.0,Associate degree,Private,Married,Female,White,Yes,10100.0
56,40.0,High school,Private,Divorced,Female,White,Yes,39500.0
17,30.0,No high school diploma,Private,Never married,Female,White,Yes,11000.0
64,40.0,Associate degree,Federal government,Married,Male,Black,Yes,36000.0
60,40.0,Graduate degree,Private,Married,Female,Asian,Yes,120070.0
76,20.0,Graduate degree,Private non-profit,Never married,Female,Black,No,35600.0
56,40.0,Some college,Private non-profit,Married,Female,White,Yes,55100.0
18,15.0,No high school diploma,Private,Never married,Female,White,Yes,4000.0
58,30.0,Some college,Self-employed (incorporated),Married,Male,White,Yes,19000.0
47,50.0,Graduate degree,Private,Married,Female,Black,Yes,79000.0
17,20.0,High school,Private,Never married,Female,White,Yes,7500.0
64,40.0,Graduate degree,Private non-profit,Married,Male,White,Yes,65000.0
25,48.0,High school,Private,Never married,Male,Other or multiple,No,28000.0
21,20.0,Some college,Private,Never married,Female,White,Yes,2000.0
46,50.0,Bachelor degree,Private,Married,Male,White,Yes,165000.0
49,,Bachelor degree,Private non-profit,Married,Female,White,Yes,11000.0
67,47.0,High school,State government,Never married,Female,White,Yes,24000.0
20,32.0,Some college,Private,Never married,Male,White,Yes,14900.0
73,40.0,No high school diploma,,Married,Male,White,No,39000.0
18,40.0,High school,Private,Never married,Female,White,Yes,1900.0
20,35.0,High school,Private,Never married,Female,Black,Yes,17000.0
30,,No high school diploma,Private,Never married,Male,White,No,20000.0
49,40.0,High school,Private,Widowed,Female,White,Yes,29000.0
56,40.0,Some college,Private,Divorced,Female,White,Yes,4000.0
58,8.0,No high school diploma,Private non-profit,Married,Male,White,No,4400.0
64,42.0,Bachelor degree,Federal government,Married,Male,White,Yes,114350.0
45,39.0,Associate degree,Private,Married,Male,Black,Yes,24000.0
18,25.0,High school,Private,Never married,Male,White,Yes,8000.0
31,13.0,Graduate degree,State government,Married,Female,White,Yes,13900.0
28,,Some college,Private,Never married,Male,White,Yes,40000.0
47,50.0,Graduate degree,Private,Married,Male,White,Yes,75000.0
31,55.0,Some college,Self-employed (incorporated),Married,Male,White,No,125000.0
39,40.0,Some college,Private,Married,Female,White,Yes,20000.0
34,40.0,Bachelor degree,Private,Married,Female,White,Yes,120000.0
24,,Some college,Private,Never married,Male,White,Yes,40000.0
53,50.0,High school,Private,Married,Male,Black,Yes,50000.0
21,35.0,Some college,Private,Never married,Female,White,Yes,68000.0
45,40.0,High school,Private,Married,Male,White,Yes,103000.0
42,45.0,,Private,Married,Male,White,Yes,195000.0
59,40.0,Some college,Self-employed,Married,Female,White,Yes,45000.0
56,60.0,Graduate degree,Private,Married,Male,White,Yes,60000.0
39,50.0,Some college,Private,Divorced,Male,White,No,150000.0
48,45.0,Some college,Private,Divorced,Male,White,Yes,58000.0
20,40.0,High school,Self-employed,Never married,Female,White,Yes,2800.0
30,36.0,Some college,Private,Never married,Female,Black,No,22000.0
45,16.0,Some college,Local government,Married,Female,White,Yes,1200.0
53,40.0,Bachelor degree,Private,Married,Female,Asian,No,63000.0
32,40.0,No high school diploma,Private,Married,Male,Asian,No,30000.0
54,40.0,High school,Private,Married,Male,White,No,67000.0
59,50.0,High school,Private,Married,Male,Asian,No,60000.0
20,,Some college,Private,Never married,Female,White,Yes,1000.0
35,80.0,Associate degree,Self-employed (incorporated),Never married,Male,Black,Yes,60000.0
20,16.0,Some college,Private,Never married,Female,Black,Yes,3200.0
59,50.0,Some college,Private,Married,Female,White,Yes,80000.0
26,22.0,Some college,Private,Never married,Female,White,Yes,11500.0
50,40.0,No high school diploma,Private,Married,Male,White,No,28000.0
42,20.0,,Private,Married,Female,White,No,15000.0
20,22.0,Some college,State government,Never married,Male,Black,Yes,3000.0
35,40.0,Some college,Self-employed,Never married,Female,Black,Yes,17000.0
49,,Bachelor degree,State government,Married,Female,White,Yes,49900.0
50,40.0,Associate degree,State government,Married,Male,Asian,No,95000.0
53,,High school,Private,Never married,Male,White,Yes,28600.0
59,40.0,Bachelor degree,Private,Never married,Male,White,Yes,232000.0
50,40.0,Graduate degree,Private,Married,Female,Black,No,471000.0
53,40.0,Some college,Private,Married,Male,White,Yes,60000.0
66,50.0,Associate degree,Private,Married,Female,White,Yes,54000.0
74,2.0,Some college,Private non-profit,Married,Female,White,No,26900.0
32,40.0,High school,Private,Never married,Male,Black,Yes,25000.0
49,40.0,High school,Private,Divorced,Female,White,Yes,30000.0
42,50.0,Graduate degree,State government,Married,Female,White,Yes,70000.0
48,40.0,Associate degree,Private,Married,Female,White,Yes,61000.0
29,40.0,Bachelor degree,Private,Married,Female,White,Yes,39000.0
21,12.0,Some college,State government,Never married,Male,White,Yes,14000.0
22,40.0,Some college,Self-employed,Never married,Female,White,No,35000.0
22,20.0,Some college,Private,Never married,Female,White,Yes,4500.0
41,40.0,Graduate degree,,Divorced,Female,White,Yes,143600.0
19,50.0,Some college,Private,Never married,Male,White,Yes,20000.0
51,55.0,Some college,Private,Married,Male,Asian,No,86000.0
52,40.0,Some college,Private,Divorced,Female,White,Yes,37000.0
68,4.0,High school,Self-employed (incorporated),Never married,Female,Black,Yes,2400.0
55,40.0,Some college,Private,Widowed,Male,White,Yes,55000.0
59,35.0,High school,Private,Separated,Male,Black,Yes,28900.0
37,,Some college,Self-employed,Married,Male,White,Yes,23000.0
25,40.0,Some college,Private,Never married,Female,Black,Yes,17300.0
59,,Graduate degree,Local government,Married,Female,White,Yes,60000.0
43,45.0,No high school diploma,Self-employed (incorporated),Divorced,Male,White,Yes,8000.0
54,40.0,No high school diploma,Private,Married,Male,White,Yes,80000.0
46,60.0,Graduate degree,Private,Married,Female,White,Yes,505000.0
70,10.0,Graduate degree,Self-employed,Married,Male,Asian,No,133500.0
64,30.0,High school,,Divorced,Male,White,Yes,19000.0
31,,High school,Private,Married,Male,White,Yes,18000.0
30,40.0,High school,Private,Married,Male,White,Yes,42000.0
47,36.0,Associate degree,Private,Married,Female,White,Yes,84000.0
18,20.0,High school,,Never married,Female,Black,Yes,5200.0
53,27.0,Associate degree,Private,Married,Female,White,No,11000.0
26,25.0,No high school diploma,Private,Never married,Male,Black,Yes,15000.0
25,60.0,Some college,Private,Married,Female,White,Yes,35000.0
59,40.0,Bachelor degree,Private,Married,Male,White,Yes,53000.0
47,46.0,Graduate degree,Private,Married,Female,White,No,28000.0
26,8.0,Associate degree,Private,Never married,Male,White,Yes,1800.0
21,24.0,Some college,,Never married,Female,White,Yes,8000.0
46,40.0,Graduate degree,Self-employed (incorporated),Married,Male,Asian,No,60000.0
56,36.0,Bachelor degree,Private,Married,Female,White,Yes,344000.0
79,40.0,High school,Private,Divorced,Male,Black,No,7000.0
34,45.0,Bachelor degree,Private,Married,Female,White,Yes,95000.0
23,20.0,Associate degree,Self-employed,Married,Female,Black,Yes,9600.0
25,25.0,No high school diploma,Private,Never married,Female,Black,Yes,4000.0
54,,Graduate degree,Local government,Married,Female,White,Yes,40000.0
63,,Bachelor degree,Private non-profit,Married,Female,White,Yes,35000.0
51,60.0,Associate degree,Private,Married,Male,White,Yes,80000.0
27,45.0,No high school diploma,Private,Never married,Male,White,Yes,28800.0
58,40.0,Some college,Private,Married,Female,White,Yes,64130.0
65,40.0,Bachelor degree,Private,Married,Male,Black,No,87000.0
49,50.0,Some college,Private,Married,Male,Black,Yes,53000.0
43,32.0,Some college,Private,Divorced,Female,White,Yes,28400.0
65,45.0,Some college,Private,Married,Male,White,Yes,58880.0
19,20.0,Some college,Private,Never married,Female,White,Yes,8500.0
36,40.0,Bachelor degree,Private,Married,Male,Asian,No,80000.0
54,40.0,Bachelor degree,Local government,Married,Female,Black,Yes,49000.0
63,30.0,Graduate degree,Self-employed (incorporated),Never married,Male,White,Yes,65000.0
56,36.0,No high school diploma,Private,Married,Female,White,Yes,27000.0
40,25.0,Some college,Private,Never married,Female,Black,Yes,18000.0
23,24.0,Some college,Private,Never married,Female,White,Yes,2000.0
46,24.0,Associate degree,,Married,Female,White,Yes,44000.0
23,30.0,No high school diploma,Private,Never married,Female,Black,Yes,10000.0
64,40.0,Some college,Private non-profit,Divorced,Female,White,Yes,43000.0
34,40.0,High school,Private,Married,Male,White,Yes,63000.0
52,55.0,Bachelor degree,Private,Married,Male,White,Yes,554000.0
54,40.0,High school,Private,Divorced,Male,White,Yes,65000.0
48,30.0,Bachelor degree,Private,Married,Female,White,Yes,30000.0
46,52.0,High school,Local government,Never married,Female,Black,Yes,52000.0
23,40.0,Some college,Private,Never married,Male,Black,Yes,13000.0
39,80.0,High school,Private,Married,Male,White,Yes,471000.0
22,40.0,Associate degree,Federal government,Never married,Female,Black,Yes,60000.0
41,,Some college,Private,Divorced,Female,White,Yes,37500.0
60,40.0,No high school diploma,Private,Separated,Female,White,Yes,20100.0
32,50.0,Graduate degree,Private,Divorced,Female,White,Yes,75000.0
39,40.0,Some college,Private,Married,Female,White,No,75000.0
25,45.0,High school,Federal government,Married,Male,White,Yes,70000.0
42,40.0,High school,Private,Divorced,Female,White,Yes,43000.0
40,2.0,High school,Self-employed,Married,Female,White,No,580.0
38,55.0,Associate degree,Private,Divorced,Female,White,Yes,28000.0
40,40.0,Some college,Private,Married,Male,White,Yes,70000.0
32,40.0,Bachelor degree,Private non-profit,Married,Female,White,Yes,100000.0
69,,Bachelor degree,State government,Divorced,Male,White,Yes,5770.0
45,45.0,High school,Private,Never married,Male,White,Yes,6000.0
51,45.0,Graduate degree,Federal government,Married,Male,White,Yes,155400.0
31,40.0,Bachelor degree,State government,Married,Male,White,Yes,36000.0
34,,Bachelor degree,Private,Married,Female,White,Yes,60000.0
30,40.0,High school,Private,Never married,Male,Black,Yes,10000.0
60,50.0,Bachelor degree,Private,Married,Female,Other or multiple,Yes,113200.0
26,36.0,High school,Private,Never married,Female,Black,Yes,18000.0
25,25.0,Bachelor degree,Unpaid family work,Never married,Female,White,No,3000.0
39,40.0,Graduate degree,Local government,Divorced,Female,Black,Yes,67000.0
41,50.0,Graduate degree,Self-employed,Married,Female,Black,Yes,10000.0
50,40.0,High school,Federal government,Divorced,Female,Black,Yes,23000.0
50,40.0,No high school diploma,Private,Married,Male,Black,No,12000.0
63,40.0,No high school diploma,Private,Married,Male,Asian,No,18000.0
51,40.0,Graduate degree,Private,Married,Female,White,Yes,100000.0
41,40.0,Bachelor degree,Private,Married,Male,White,Yes,38000.0
32,40.0,Graduate degree,Self-employed (incorporated),Married,Male,Asian,Yes,80000.0
30,40.0,No high school diploma,Private,Married,Male,Other or multiple,No,35000.0
30,40.0,Bachelor degree,Private,Married,Male,White,Yes,88000.0
46,40.0,Bachelor degree,Self-employed (incorporated),Married,Male,Asian,No,50000.0
42,40.0,High school,Self-employed,Married,Male,White,Yes,30000.0
62,20.0,Some college,Private,Married,Female,White,Yes,17000.0
25,50.0,Associate degree,,Divorced,Male,White,Yes,32000.0
66,38.0,Graduate degree,Private,Never married,Female,Other or multiple,Yes,32100.0
23,3.0,Some college,Self-employed,Never married,Male,White,Yes,15500.0
52,60.0,High school,Private,Separated,Male,Black,No,60000.0
19,40.0,High school,Private,Never married,Male,White,Yes,20000.0
25,40.0,Associate degree,Private,Married,Male,White,Yes,22000.0
43,40.0,High school,Self-employed (incorporated),Married,Female,White,Yes,40000.0
41,45.0,Graduate degree,State government,Married,Male,White,Yes,80000.0
66,40.0,High school,Private,Divorced,Male,White,Yes,159000.0
31,32.0,Bachelor degree,Private,Never married,Male,White,Yes,12000.0
18,25.0,Some college,Private,Never married,Male,Black,Yes,850.0
28,40.0,Bachelor degree,Private,Never married,Female,Black,Yes,36000.0
35,40.0,Some college,Private,Never married,Male,White,Yes,40900.0
18,20.0,High school,Private,Never married,Male,White,Yes,2250.0
28,40.0,Bachelor degree,,Never married,Male,White,Yes,15000.0
29,25.0,Associate degree,Private,Never married,Female,Black,Yes,14000.0
17,25.0,No high school diploma,Private,Never married,Female,White,Yes,7000.0
45,40.0,Bachelor degree,Private,Married,Male,Asian,No,130000.0
39,40.0,Graduate degree,,Never married,Female,Black,Yes,72000.0
25,20.0,High school,Private,Never married,Male,Black,Yes,15000.0
48,40.0,Some college,Private,Married,Male,White,Yes,36600.0
37,55.0,Graduate degree,Self-employed (incorporated),Married,Female,White,Yes,76000.0
27,30.0,High school,Self-employed,Married,Male,White,Yes,5000.0
65,45.0,High school,Private non-profit,Divorced,Female,White,Yes,57810.0
72,40.0,High school,Private,Married,Male,White,Yes,78000.0
43,50.0,High school,Private,Married,Male,White,Yes,45000.0
35,35.0,Some college,Private non-profit,Divorced,Female,White,Yes,5000.0
24,40.0,Bachelor degree,Private,Never married,Male,White,Yes,25000.0
39,70.0,High school,Federal government,Married,Male,White,Yes,67000.0
73,19.0,Bachelor degree,Private,Widowed,Female,Black,Yes,43000.0
29,40.0,High school,Private,Never married,Male,White,Yes,30000.0
51,50.0,Bachelor degree,Private,Married,Male,White,Yes,165000.0
64,40.0,Graduate degree,Private,Married,Female,White,Yes,20200.0
41,48.0,Some college,Local government,Married,Male,Other or multiple,Yes,50000.0
54,32.0,Associate degree,Private,Married,Male,White,Yes,24000.0
43,45.0,Associate degree,Private,Divorced,Female,Black,Yes,45000.0
33,55.0,Bachelor degree,Private,Married,Male,Other or multiple,No,115000.0
33,4.0,High school,Self-employed,Never married,Female,White,Yes,1800.0
68,40.0,High school,,Married,Female,White,Yes,54000.0
47,40.0,High school,Private,Married,Male,White,Yes,75000.0
32,10.0,No high school diploma,Private,Separated,Female,White,Yes,1300.0
36,50.0,High school,Private,Married,Male,Black,Yes,94000.0
48,10.0,Bachelor degree,Self-employed (incorporated),Married,Female,White,No,10200.0
41,45.0,Graduate degree,State government,Married,Female,White,Yes,50000.0
59,29.0,Some college,Local government,Separated,Female,Black,Yes,20710.0
24,40.0,No high school diploma,Private,Never married,Male,White,Yes,30000.0
20,20.0,Some college,Private,Never married,Female,Black,Yes,1000.0
38,38.0,Bachelor degree,Private,Married,Male,Black,Yes,75000.0
72,15.0,High school,Private non-profit,Married,Female,White,Yes,32000.0
19,25.0,High school,Private,Never married,Male,White,Yes,6000.0
45,35.0,Bachelor degree,Private,Never married,Female,Black,Yes,161000.0
37,40.0,Graduate degree,Private,Married,Male,Black,Yes,90000.0
74,40.0,High school,Private,Married,Female,White,Yes,45100.0
21,12.0,Some college,Private non-profit,Never married,Female,White,Yes,1700.0
54,40.0,Graduate degree,Private,Married,Male,White,No,130000.0
50,,Some college,Private,Married,Female,Black,Yes,25000.0
20,32.0,High school,Private,Never married,Female,Black,No,12000.0
38,50.0,High school,Private,Divorced,Female,White,Yes,28000.0
22,40.0,High school,Local government,Never married,Male,Black,Yes,26700.0
39,40.0,High school,Local government,Married,Male,Black,Yes,38500.0
77,8.0,Associate degree,Local government,Divorced,Male,White,Yes,133200.0
40,70.0,Some college,Private,Divorced,Male,White,Yes,150000.0
21,48.0,Some college,Private,Never married,Male,White,Yes,61000.0
25,45.0,,Private,Divorced,Female,Black,Yes,56000.0
62,40.0,Graduate degree,,Married,Female,White,Yes,63000.0
48,40.0,Bachelor degree,Local government,Never married,Female,Black,Yes,38300.0
49,40.0,High school,Private,Married,Male,White,Yes,11900.0
18,30.0,No high school diploma,Local government,Never married,Female,White,Yes,14600.0
38,40.0,Bachelor degree,Private,Married,Female,White,Yes,54000.0
59,50.0,High school,Private,Married,Male,White,Yes,145000.0
60,40.0,High school,Private,Married,Female,White,Yes,23000.0
71,25.0,Graduate degree,Private non-profit,Married,Male,White,Yes,89200.0
36,,Some college,Private,Married,Female,White,Yes,24000.0
60,40.0,High school,Private,Never married,Male,Black,Yes,17000.0
55,45.0,Graduate degree,Private,Divorced,Male,Black,Yes,95000.0
67,18.0,High school,State government,Widowed,Female,White,Yes,18000.0
34,28.0,No high school diploma,State government,Divorced,Female,White,Yes,900.0
42,32.0,No high school diploma,Private,Widowed,Female,Other or multiple,No,19200.0
46,45.0,No high school diploma,Private,Married,Female,White,No,25000.0
69,40.0,Graduate degree,Federal government,Never married,Female,Black,Yes,112900.0
79,13.0,High school,,Married,Female,White,Yes,18400.0
60,40.0,,Private,Widowed,Male,Black,Yes,120000.0
36,60.0,Associate degree,Self-employed (incorporated),Married,Male,White,Yes,28000.0
77,40.0,High school,Private,Married,Male,Black,Yes,45000.0
67,40.0,Some college,Private,Divorced,Female,White,Yes,32300.0
34,40.0,Some college,Private,Married,Male,Black,Yes,37000.0
34,45.0,Graduate degree,Private,Married,Female,White,Yes,88000.0
22,40.0,High school,Private,Married,Female,Other or multiple,Yes,42000.0
21,24.0,High school,Private,Never married,Female,Black,No,4700.0
48,40.0,Graduate degree,State government,Married,Female,White,No,32000.0
17,15.0,No high school diploma,Private,Never married,Male,White,Yes,2000.0
38,55.0,Graduate degree,Self-employed (incorporated),Married,Male,White,Yes,471300.0
57,45.0,Some college,Private,Married,Male,White,Yes,85000.0
49,38.0,Bachelor degree,Private,Married,Female,White,No,110000.0
44,45.0,Graduate degree,Private,Married,Female,White,Yes,126000.0
20,5.0,Some college,Private non-profit,Never married,Female,White,Yes,1000.0
36,30.0,Bachelor degree,Private,Married,Female,Asian,No,30000.0
62,40.0,High school,,Married,Female,White,Yes,23200.0
30,24.0,Some college,Private non-profit,Never married,Male,White,Yes,25000.0
56,18.0,Graduate degree,Private non-profit,Never married,Male,White,Yes,68000.0
63,,No high school diploma,Private,Married,Male,Asian,No,34000.0
21,30.0,Some college,Private,Never married,Female,White,No,12500.0
23,25.0,Bachelor degree,Private,Never married,Female,White,Yes,7000.0
57,20.0,Graduate degree,Self-employed (incorporated),Married,Female,Asian,No,52000.0
50,,Some college,Private,Never married,Male,Black,Yes,13500.0
75,40.0,High school,Private non-profit,Widowed,Female,Black,Yes,50200.0
56,40.0,Bachelor degree,Private,Divorced,Female,White,Yes,226000.0
66,25.0,Some college,Private,Divorced,Female,White,Yes,471000.0
62,20.0,Graduate degree,Private,Married,Female,White,Yes,45000.0
52,60.0,Graduate degree,Private non-profit,Married,Female,White,Yes,150000.0
43,40.0,,Private,Married,Male,Asian,No,19000.0
24,,Graduate degree,Private,Never married,Male,White,Yes,7000.0
26,40.0,High school,Private,Never married,Female,White,Yes,32000.0
45,50.0,No high school diploma,Private,Married,Male,White,Yes,50030.0
28,40.0,Graduate degree,Private non-profit,Never married,Female,White,Yes,117000.0
57,40.0,Bachelor degree,Self-employed (incorporated),Married,Male,Asian,No,72000.0
50,40.0,High school,Private,Married,Female,White,Yes,50000.0
58,40.0,High school,Private,Married,Female,White,Yes,87000.0
18,20.0,No high school diploma,Private,Never married,Female,White,Yes,1300.0
68,72.0,High school,Private,Married,Male,White,No,126000.0
38,60.0,Graduate degree,Private non-profit,Married,Male,White,No,471000.0
21,20.0,Some college,Private,Never married,Female,White,Yes,8000.0
53,40.0,High school,Private,Married,Male,White,Yes,18000.0
57,40.0,High school,Self-employed (incorporated),Married,Female,White,Yes,20000.0
34,40.0,Some college,Private non-profit,Divorced,Female,White,Yes,13400.0
58,40.0,Some college,Private,Married,Female,White,Yes,38000.0
44,40.0,No high school diploma,Private,Married,Male,White,Yes,35000.0
35,40.0,Some college,Self-employed,Married,Male,White,Yes,42600.0
46,50.0,High school,Private,Married,Male,White,Yes,30000.0
52,40.0,Bachelor degree,Local government,Married,Male,Black,Yes,60000.0
18,16.0,High school,Private,Never married,Female,White,Yes,16000.0
58,40.0,Graduate degree,Private,Married,Male,White,No,145090.0
37,42.0,Bachelor degree,,Married,Female,White,Yes,52000.0
39,65.0,High school,Self-employed (incorporated),Married,Male,Black,Yes,45000.0
35,50.0,High school,Self-employed,Separated,Male,White,No,50000.0
56,,,Local government,Married,Female,White,Yes,25000.0
31,40.0,Bachelor degree,Private,Married,Female,White,Yes,85000.0
61,40.0,Some college,Private,Married,Female,White,Yes,107400.0
58,39.0,High school,Private,Married,Male,White,Yes,20000.0
22,60.0,Associate degree,Private,Never married,Male,White,Yes,60000.0
32,40.0,Bachelor degree,Private,Never married,Female,Asian,Yes,54000.0
26,40.0,Bachelor degree,,Never married,Male,Black,Yes,16000.0
27,40.0,Some college,Private,Never married,Female,Black,Yes,19000.0
61,32.0,Some college,Private,Married,Female,White,Yes,12000.0
63,40.0,Some college,Self-employed,Married,Male,White,Yes,363000.0
56,30.0,Some college,Private,Married,Male,White,Yes,9400.0
19,40.0,Some college,Private,Never married,Male,White,Yes,4000.0
65,,Some college,Private non-profit,Divorced,Female,White,Yes,45000.0
57,43.0,Bachelor degree,Private,Married,Female,White,Yes,75000.0
66,40.0,High school,Private,Married,Male,White,Yes,31600.0
22,40.0,High school,Private,Married,Male,White,Yes,13000.0
48,60.0,High school,Private,Widowed,Male,White,Yes,55400.0
50,40.0,Graduate degree,Private non-profit,Divorced,Male,White,Yes,86000.0
46,40.0,Associate degree,Private,Married,Female,White,Yes,40000.0
27,40.0,Bachelor degree,State government,Never married,Female,White,Yes,38000.0
28,40.0,Some college,Private,Never married,Male,Black,Yes,32000.0
26,40.0,Some college,Private,Never married,Male,White,No,40000.0
56,40.0,No high school diploma,Local government,Separated,Female,White,No,25000.0
60,40.0,Some college,Private,Never married,Female,White,Yes,20000.0
56,40.0,Some college,Private,Never married,Female,Black,Yes,45000.0
54,52.0,Associate degree,Private non-profit,Married,Female,White,Yes,24000.0
22,40.0,High school,Private,Never married,Male,Black,Yes,25500.0
55,40.0,High school,Private,Married,Female,Black,Yes,27000.0
64,30.0,High school,Federal government,Divorced,Female,Black,Yes,12500.0
23,40.0,Some college,Private,Never married,Male,Black,Yes,19000.0
60,40.0,High school,Private,Never married,Male,Black,Yes,15000.0
22,38.0,No high school diploma,Private,Never married,Female,White,Yes,40000.0
72,30.0,Some college,Private,Married,Male,White,Yes,80200.0
38,40.0,Associate degree,State government,Separated,Female,Other or multiple,Yes,30000.0
33,40.0,Some college,Private,Married,Male,White,Yes,32000.0
41,40.0,Graduate degree,Private,Married,Female,White,No,54000.0
55,60.0,No high school diploma,Self-employed,Married,Female,Asian,No,22500.0
45,40.0,,Private,Married,Male,White,Yes,60000.0
46,30.0,Some college,Private,Never married,Female,Black,Yes,14400.0
61,40.0,Associate degree,Private,Divorced,Male,White,Yes,50000.0
34,45.0,No high school diploma,Private,Married,Female,Asian,No,45000.0
75,50.0,High school,Private,Married,Male,Black,Yes,27500.0
26,40.0,,Local government,Married,Female,White,Yes,38000.0
17,15.0,No high school diploma,Private,Never married,Female,White,Yes,3200.0
49,40.0,Graduate degree,Private,Married,Female,Asian,No,135000.0
72,20.0,Some college,Private non-profit,Divorced,Male,Black,Yes,43300.0
25,12.0,Bachelor degree,Private non-profit,Never married,Female,Asian,Yes,40000.0
19,20.0,High school,Private,Never married,Male,White,Yes,9700.0
33,36.0,Some college,Private,Married,Female,Black,Yes,900.0
56,45.0,Some college,Private,Married,Female,White,Yes,60000.0
39,55.0,Bachelor degree,Private,Never married,Female,White,Yes,55000.0
25,40.0,High school,Private,Never married,Female,Black,Yes,23400.0
17,8.0,No high school diploma,Private,Never married,Male,White,Yes,2100.0
45,16.0,Some college,Local government,Separated,Female,White,Yes,700.0
45,50.0,No high school diploma,Private,Never married,Male,White,Yes,60000.0
55,,Graduate degree,Self-employed,Married,Female,White,Yes,5300.0
51,15.0,Bachelor degree,Private,Married,Female,White,Yes,42300.0
31,16.0,Bachelor degree,Self-employed,Married,Female,Other or multiple,No,12000.0
25,72.0,High school,Private,Divorced,Male,White,Yes,15000.0
23,35.0,Some college,State government,Never married,Male,White,Yes,8000.0
30,40.0,Graduate degree,Private,Married,Female,Black,Yes,60000.0
33,40.0,Bachelor degree,Private,Married,Male,Black,Yes,105000.0
63,20.0,Bachelor degree,Self-employed (incorporated),Married,Male,White,Yes,114000.0
50,40.0,Bachelor degree,Private,Married,Male,White,Yes,80000.0
53,45.0,Graduate degree,Local government,Married,Female,White,Yes,60000.0
26,40.0,High school,Private,Never married,Male,White,Yes,5000.0
59,40.0,High school,Private,Married,Male,Asian,No,13000.0
40,45.0,Graduate degree,Private,Divorced,Male,Asian,No,102000.0
41,40.0,Some college,Private,Married,Female,White,Yes,18000.0
35,60.0,High school,Federal government,Divorced,Male,White,Yes,72000.0
22,40.0,Some college,Private,Married,Male,White,Yes,30000.0
22,57.0,Some college,Private,Never married,Male,Other or multiple,Yes,60000.0
17,40.0,No high school diploma,Private,Never married,Male,White,Yes,2000.0
26,30.0,Associate degree,Private,Married,Female,Black,Yes,3500.0
47,50.0,High school,Private,Married,Male,White,Yes,32000.0
73,22.0,Some college,Private,Divorced,Female,Black,Yes,18900.0
40,40.0,Graduate degree,Private,Married,Male,White,Yes,127000.0
63,,,State government,Married,Female,White,Yes,127000.0
46,50.0,Bachelor degree,,Married,Male,Asian,No,150000.0
55,60.0,Graduate degree,Private,Married,Female,White,Yes,190000.0
37,40.0,High school,Private,Never married,Female,Black,Yes,41000.0
18,40.0,Some college,Private,Never married,Male,Black,Yes,20000.0
41,40.0,High school,Private,Divorced,Male,Black,Yes,40000.0
45,50.0,High school,Private,Married,Male,White,Yes,40020.0
17,13.0,No high school diploma,Private,Never married,Female,Asian,No,1000.0
44,1.0,High school,Private,Divorced,Male,White,Yes,270.0
54,40.0,Some college,Private,Divorced,Female,Black,Yes,39000.0
48,40.0,No high school diploma,Private,Never married,Male,White,Yes,27000.0
53,40.0,No high school diploma,Private,Married,Male,Black,No,55000.0
57,40.0,Graduate degree,Local government,Married,Female,Black,Yes,99500.0
55,55.0,Associate degree,Private,Married,Male,White,Yes,58000.0
23,45.0,Some college,Private,Never married,Male,White,Yes,30000.0
58,40.0,Bachelor degree,State government,Married,Female,White,No,41000.0
54,40.0,Associate degree,Private non-profit,Never married,Male,White,Yes,40000.0
72,7.0,High school,,Married,Female,Black,Yes,16000.0
43,60.0,,Private,Married,Male,White,Yes,106000.0
54,45.0,Some college,Private,Married,Female,White,Yes,45000.0
26,55.0,Associate degree,Local government,Never married,Male,White,Yes,20000.0
44,25.0,Graduate degree,Self-employed (incorporated),Married,Female,White,No,18000.0
48,,High school,Local government,Married,Male,White,Yes,10000.0
42,25.0,High school,Private,Divorced,Male,Black,Yes,24400.0
62,40.0,Bachelor degree,Local government,Separated,Male,Black,Yes,50000.0
52,40.0,High school,,Married,Male,Black,No,35000.0
34,40.0,Bachelor degree,,Married,Female,White,Yes,39000.0
55,50.0,Associate degree,Private,Married,Male,White,Yes,56000.0
53,60.0,Bachelor degree,Private,Married,Male,White,Yes,260000.0
38,40.0,Associate degree,Private,Divorced,Female,White,Yes,25000.0
45,32.0,High school,Private,Married,Male,White,Yes,15000.0
71,40.0,Some college,State government,Married,Male,White,Yes,116800.0
71,12.0,High school,Self-employed,Widowed,Female,White,Yes,22700.0
52,55.0,High school,Private non-profit,Separated,Female,Black,Yes,175000.0
19,55.0,High school,Federal government,Never married,Male,White,Yes,22000.0
30,70.0,No high school diploma,Self-employed (incorporated),Married,Female,White,No,78000.0
54,32.0,Some college,Private,Married,Male,White,No,34000.0
54,40.0,High school,Private non-profit,Never married,Female,Black,Yes,39800.0
60,50.0,Bachelor degree,Self-employed (incorporated),Married,Male,White,Yes,471000.0
46,20.0,Graduate degree,Private non-profit,Married,Female,Black,Yes,18000.0
50,40.0,High school,Private,Married,Male,White,Yes,100000.0
53,40.0,Graduate degree,State government,Married,Female,White,Yes,76000.0
28,,Some college,Private,Married,Male,White,Yes,29300.0
48,40.0,Associate degree,Private,Married,Female,White,Yes,80000.0
26,40.0,Bachelor degree,Private non-profit,Married,Female,White,Yes,32000.0
28,40.0,Bachelor degree,,Married,Female,White,Yes,55000.0
61,40.0,Some college,Private,Married,Female,White,Yes,41000.0
31,,Graduate degree,Private,Never married,Female,White,Yes,115000.0
47,50.0,Associate degree,Private,Married,Male,White,Yes,180000.0
44,65.0,High school,Self-employed,Never married,Female,White,Yes,10400.0
56,40.0,Bachelor degree,Private,Married,Female,White,Yes,55000.0
47,50.0,Graduate degree,Private,Never married,Female,Black,Yes,80000.0
38,40.0,Graduate degree,State government,Married,Male,White,Yes,63000.0
21,,Bachelor degree,Private non-profit,Never married,Male,Asian,No,5000.0
47,12.0,No high school diploma,Private,Married,Female,Other or multiple,No,6000.0
24,40.0,High school,Private,Never married,Male,White,Yes,4800.0
62,40.0,Some college,,Married,Male,White,Yes,67300.0
41,40.0,No high school diploma,Private,Never married,Male,White,No,25000.0
25,40.0,Graduate degree,State government,Never married,Male,Asian,No,50000.0
19,40.0,High school,Private,Married,Female,White,Yes,15000.0
54,40.0,Some college,Local government,Married,Female,Other or multiple,No,45500.0
37,40.0,Bachelor degree,Private,Married,Male,White,Yes,135000.0
18,12.0,High school,Local government,Never married,Male,White,Yes,3600.0
67,,Some college,Self-employed,Married,Male,White,Yes,21000.0
66,35.0,High school,Local government,Married,Male,Black,Yes,23000.0
48,40.0,,Local government,Married,Female,White,Yes,95000.0
30,40.0,High school,Private,Married,Male,White,Yes,40000.0
45,50.0,Some college,Private,Married,Male,White,Yes,112000.0
29,50.0,Some college,Private,Married,Male,White,Yes,15000.0
51,40.0,High school,Private non-profit,Married,Male,White,Yes,20000.0
50,40.0,Bachelor degree,Private,Married,Male,White,Yes,115060.0
63,40.0,Bachelor degree,State government,Divorced,Female,Black,Yes,45170.0
68,20.0,Graduate degree,State government,Never married,Male,White,Yes,57600.0
56,40.0,Bachelor degree,Local government,Never married,Male,White,Yes,47000.0
60,,Bachelor degree,Private,Married,Male,White,Yes,147000.0
70,2.0,Bachelor degree,Self-employed,Married,Female,White,Yes,15800.0
50,40.0,No high school diploma,Private,Divorced,Male,White,Yes,28000.0
42,,High school,Private,Married,Female,White,Yes,3000.0
45,40.0,,Self-employed (incorporated),Married,Male,White,Yes,75000.0
36,30.0,Some college,Federal government,Never married,Female,Black,Yes,56000.0
41,40.0,Graduate degree,State government,Married,Female,White,Yes,45190.0
30,50.0,High school,,Married,Female,Other or multiple,Yes,30000.0
42,20.0,Some college,Self-employed,Married,Female,White,Yes,20000.0
37,20.0,Graduate degree,State government,Never married,Male,White,Yes,17000.0
40,60.0,Bachelor degree,Self-employed (incorporated),Married,Male,White,Yes,90000.0
60,40.0,Graduate degree,Private,Widowed,Female,White,Yes,134000.0
46,35.0,High school,Private,Never married,Male,Black,Yes,20800.0
44,40.0,Associate degree,Local government,Divorced,Female,Black,Yes,6000.0
40,36.0,High school,,Separated,Female,White,Yes,35000.0
49,40.0,Graduate degree,Local government,Married,Female,Asian,No,90100.0
59,24.0,High school,Private,Divorced,Female,Other or multiple,Yes,9600.0
52,30.0,Bachelor degree,Private non-profit,Married,Male,White,Yes,84250.0
52,50.0,Some college,Federal government,Married,Male,Black,Yes,134400.0
24,48.0,Some college,Private,Never married,Male,Black,Yes,32000.0
45,40.0,High school,Private,Married,Female,White,Yes,18000.0
69,25.0,Some college,Local government,Married,Male,Black,No,98500.0
52,25.0,Bachelor degree,Self-employed (incorporated),Married,Male,White,No,16000.0
33,40.0,Some college,Private,Married,Female,White,Yes,65000.0
47,55.0,Associate degree,Private non-profit,Married,Male,White,Yes,40000.0
28,45.0,No high school diploma,Private,Separated,Female,White,Yes,29000.0
61,20.0,Associate degree,Private,Never married,Female,Black,Yes,10000.0
43,30.0,Some college,Self-employed (incorporated),Married,Male,White,Yes,40000.0
22,60.0,Bachelor degree,Federal government,Never married,Male,White,Yes,55000.0
53,50.0,Bachelor degree,Self-employed (incorporated),Married,Male,Black,No,48000.0
64,40.0,Graduate degree,Local government,Married,Male,White,Yes,70000.0
36,40.0,Associate degree,Private,Never married,Male,White,Yes,75000.0
56,25.0,Bachelor degree,Private,Divorced,Female,Black,Yes,4600.0
62,40.0,Graduate degree,,Married,Male,White,No,34000.0
50,40.0,Associate degree,Private,Married,Male,White,Yes,17000.0
51,60.0,High school,Private,Married,Male,White,Yes,25000.0
23,40.0,Bachelor degree,Private non-profit,Never married,Female,Black,Yes,9000.0
67,20.0,Graduate degree,Self-employed (incorporated),Married,Male,White,Yes,20100.0
27,42.0,High school,Private,Married,Male,Other or multiple,Yes,45000.0
19,30.0,Some college,Private,Never married,Male,White,Yes,7600.0
50,25.0,High school,Private,Married,Female,White,Yes,13000.0
31,45.0,Associate degree,,Never married,Female,Black,Yes,33020.0
69,24.0,Bachelor degree,Self-employed,Married,Female,White,Yes,44000.0
59,40.0,Some college,Private non-profit,Married,Male,White,Yes,26920.0
59,40.0,Graduate degree,Local government,Married,Male,White,Yes,62000.0
53,36.0,High school,Private,Divorced,Female,Black,Yes,36000.0
57,40.0,Bachelor degree,Private,Married,Female,White,Yes,80000.0
50,30.0,Graduate degree,Self-employed,Married,Female,White,Yes,311020.0
61,40.0,Associate degree,Federal government,Divorced,Female,Black,Yes,68000.0
24,40.0,Some college,Private,Never married,Male,White,Yes,35000.0
35,40.0,High school,Private,Married,Female,White,Yes,22700.0
58,40.0,High school,Private,Married,Female,White,Yes,6000.0
65,40.0,Some college,Private,Widowed,Female,White,Yes,68000.0
70,5.0,Graduate degree,Self-employed (incorporated),Divorced,Female,White,Yes,155000.0
29,45.0,Associate degree,Local government,Married,Male,White,No,45000.0
81,18.0,Graduate degree,Private,Divorced,Female,White,Yes,28200.0
56,40.0,High school,Private,Married,Female,White,Yes,35000.0
24,31.0,Bachelor degree,Local government,Never married,Female,Black,Yes,19400.0
58,49.0,High school,Private,Married,Female,White,Yes,64100.0
31,40.0,Graduate degree,Local government,Never married,Female,Other or multiple,Yes,38000.0
20,40.0,High school,Federal government,Never married,Male,White,Yes,9000.0
50,,No high school diploma,Private,Married,Male,Other or multiple,No,5000.0
24,40.0,Some college,Private,Never married,Male,Black,Yes,50000.0
19,30.0,Some college,Private,Never married,Female,White,Yes,3400.0
43,55.0,Some college,Self-employed (incorporated),Married,Male,Black,Yes,70000.0
52,40.0,Some college,Private,Married,Male,White,Yes,80000.0
34,,No high school diploma,Private,Never married,Male,Black,Yes,20000.0
51,40.0,Bachelor degree,Private,Married,Male,White,Yes,130000.0
19,60.0,Some college,,Never married,Male,White,Yes,30000.0
24,10.0,High school,Private,Married,Female,White,Yes,500.0
60,45.0,High school,Private,Married,Male,White,Yes,108000.0
82,35.0,No high school diploma,Private non-profit,Married,Male,White,Yes,17900.0
33,30.0,No high school diploma,Private,Married,Male,Other or multiple,No,12000.0
28,40.0,High school,Private,Never married,Male,Other or multiple,No,24300.0
21,,High school,Private,Never married,Male,White,No,30000.0
31,40.0,Graduate degree,Private,Never married,Female,White,Yes,109000.0
21,72.0,High school,Private,Never married,Female,White,Yes,5000.0
34,30.0,Bachelor degree,Private,Married,Female,White,Yes,20000.0
68,22.0,Bachelor degree,Private,Married,Male,White,Yes,41100.0
52,40.0,High school,Private,Married,Male,Black,Yes,65000.0
26,40.0,High school,Private,Never married,Male,White,Yes,1000.0
30,45.0,Bachelor degree,Private,Married,Male,Asian,No,75000.0
38,40.0,Graduate degree,Private,Married,Male,White,Yes,90000.0
40,40.0,No high school diploma,Private,Married,Male,Other or multiple,No,24000.0
35,40.0,Bachelor degree,Private,Never married,Female,Asian,Yes,80000.0
34,40.0,Some college,Private,Divorced,Female,White,No,40000.0
58,50.0,Some college,Self-employed,Married,Male,White,Yes,25000.0
44,50.0,High school,,Married,Male,Black,Yes,41000.0
26,40.0,Bachelor degree,Private,Married,Female,White,Yes,30000.0
32,40.0,Some college,,Never married,Female,Black,Yes,24000.0
61,60.0,High school,Private,Married,Male,White,Yes,117000.0
40,40.0,No high school diploma,Self-employed,Married,Male,White,No,38000.0
49,50.0,Associate degree,Private,Married,Male,Asian,No,75000.0
42,40.0,Bachelor degree,Private,Married,Male,White,Yes,90000.0
57,50.0,Graduate degree,State government,Married,Male,Asian,No,102000.0
62,40.0,Graduate degree,Private,Married,Male,White,Yes,32900.0
27,35.0,High school,Private,Never married,Male,White,Yes,26050.0
49,40.0,High school,Private,Married,Male,Black,Yes,50000.0
48,35.0,High school,Federal government,Divorced,Female,White,Yes,118000.0
55,40.0,Graduate degree,Private,Married,Male,Black,No,65000.0
53,44.0,High school,Private,Married,Female,White,Yes,45000.0
52,,High school,Private,Married,Male,White,No,62000.0
34,40.0,Bachelor degree,Private,Married,Female,Other or multiple,Yes,65000.0
48,40.0,Some college,Private,Married,Male,White,Yes,53000.0
67,,Bachelor degree,State government,Married,Female,White,Yes,27000.0
44,40.0,High school,Private,Married,Female,White,No,20000.0
35,50.0,Bachelor degree,State government,Divorced,Female,White,Yes,40000.0
43,40.0,Bachelor degree,Private,Married,Male,White,Yes,185900.0
33,35.0,High school,Private,Never married,Male,White,Yes,12000.0
29,60.0,High school,Self-employed (incorporated),Never married,Male,White,Yes,10000.0
77,60.0,Associate degree,Private non-profit,Married,Female,Black,No,69500.0
32,60.0,Bachelor degree,Private,Married,Male,White,Yes,135000.0
75,20.0,No high school diploma,Private,Widowed,Male,Black,Yes,17000.0
71,25.0,Graduate degree,Private,Divorced,Female,White,Yes,44700.0
47,55.0,Bachelor degree,Private,Married,Male,White,Yes,245000.0
39,40.0,High school,,Divorced,Male,Black,Yes,10000.0
27,40.0,Some college,Private,Never married,Male,White,Yes,4600.0
27,40.0,Bachelor degree,Private,Never married,Male,Black,Yes,40000.0
28,40.0,Graduate degree,Private,Married,Female,White,Yes,120000.0
64,50.0,Bachelor degree,Private,Married,Male,White,Yes,100000.0
28,40.0,Graduate degree,Private,Married,Female,White,Yes,127000.0
44,50.0,Bachelor degree,Private,Never married,Female,Black,Yes,55000.0
55,32.0,High school,Private,Married,Female,White,Yes,29000.0
57,40.0,Some college,Private,Married,Female,Black,Yes,35000.0
63,40.0,Bachelor degree,Private,Never married,Female,Black,Yes,4500.0
23,,Bachelor degree,Private,Never married,Male,White,Yes,50000.0
48,40.0,Bachelor degree,Private,Married,Male,Asian,No,136000.0
38,40.0,Associate degree,Private,Married,Male,White,Yes,46000.0
43,15.0,High school,Private,Never married,Female,Black,Yes,15000.0
54,40.0,Graduate degree,Private non-profit,Married,Female,White,Yes,54000.0
31,25.0,High school,Local government,Divorced,Female,White,Yes,600.0
49,25.0,Bachelor degree,Private,Married,Female,White,Yes,18800.0
47,40.0,High school,Private,Divorced,Female,White,Yes,48000.0
33,40.0,Bachelor degree,Private,Never married,Male,White,Yes,30000.0
37,40.0,High school,Local government,Married,Female,Black,Yes,33600.0
21,,High school,Private,Never married,Male,Black,Yes,8500.0
50,60.0,No high school diploma,Private,Married,Male,White,Yes,18000.0
41,30.0,Bachelor degree,Private,Never married,Male,White,Yes,16000.0
23,40.0,Bachelor degree,Private,Never married,Male,White,Yes,40000.0
42,60.0,High school,Private,Married,Female,Black,Yes,27000.0
38,29.0,Graduate degree,Private non-profit,Married,Female,White,Yes,25100.0
43,40.0,High school,,Married,Male,White,Yes,25000.0
68,60.0,Bachelor degree,Self-employed,Married,Female,White,Yes,63800.0
25,40.0,Some college,Private,Married,Male,White,Yes,49600.0
20,40.0,Some college,Private,Never married,Female,White,Yes,2000.0
36,45.0,Some college,Private,Married,Male,White,Yes,100000.0
61,76.0,,Self-employed,Married,Female,Asian,No,29000.0
35,40.0,Bachelor degree,Private,Never married,Male,White,Yes,105000.0
43,,Bachelor degree,Private,Married,Male,White,Yes,70000.0
50,40.0,High school,Private,Never married,Male,White,Yes,50000.0
52,50.0,Some college,Private,Widowed,Male,White,Yes,5000.0
22,20.0,No high school diploma,Private,Never married,Female,White,Yes,1600.0
54,40.0,Associate degree,Private,Married,Male,White,Yes,103000.0
66,40.0,Bachelor degree,Private,Never married,Female,White,Yes,69800.0
51,40.0,High school,Local government,Married,Male,White,Yes,35000.0
37,35.0,Bachelor degree,Self-employed,Separated,Male,Black,No,23600.0
53,38.0,High school,Private,Married,Female,White,Yes,20000.0
30,70.0,Graduate degree,Private,Never married,Male,White,Yes,244000.0
17,,No high school diploma,Private non-profit,Never married,Female,White,Yes,3500.0
76,30.0,Graduate degree,Self-employed (incorporated),Widowed,Male,White,Yes,76600.0
35,40.0,Bachelor degree,Private,Never married,Female,Asian,No,95100.0
26,8.0,Some college,Self-employed,Never married,Male,White,No,19500.0
40,40.0,No high school diploma,Self-employed,Never married,Male,White,Yes,311000.0
26,24.0,Bachelor degree,Private,Never married,Female,White,Yes,2500.0
21,20.0,High school,Private,Never married,Female,White,Yes,1000.0
57,40.0,Some college,Private,Married,Female,White,Yes,67000.0
64,70.0,,Self-employed,Married,Male,White,Yes,125000.0
52,40.0,High school,Private,Married,Male,White,Yes,50000.0
37,40.0,,Private,Married,Male,Other or multiple,No,55000.0
60,,High school,Private,Married,Male,White,Yes,37000.0
44,40.0,Some college,Private,Married,Female,Black,No,18000.0
55,40.0,Bachelor degree,Federal government,Married,Female,White,Yes,90000.0
33,10.0,Some college,Private,Divorced,Female,White,Yes,15000.0
30,40.0,Bachelor degree,Federal government,Widowed,Female,Black,Yes,66000.0
42,41.0,High school,Private,Never married,Male,White,Yes,29200.0
54,40.0,High school,Private,Married,Female,Black,Yes,18000.0
47,40.0,Graduate degree,Private,Married,Male,White,No,100000.0
57,36.0,No high school diploma,Private,Divorced,Female,White,Yes,20000.0
39,40.0,Bachelor degree,Private,Married,Female,White,Yes,152300.0
38,50.0,Bachelor degree,Private,Married,Male,White,Yes,113000.0
61,40.0,Bachelor degree,,Married,Male,White,Yes,111000.0
27,24.0,Associate degree,,Separated,Female,Black,Yes,32000.0
30,50.0,Bachelor degree,Local government,Married,Male,Black,Yes,50000.0
29,40.0,Associate degree,Private,Never married,Female,White,Yes,38000.0
63,40.0,Bachelor degree,Private,Divorced,Female,White,Yes,62000.0
55,,Graduate degree,Private,Married,Male,White,Yes,100000.0
27,40.0,Associate degree,Private,Divorced,Female,White,Yes,22900.0
39,40.0,Bachelor degree,Local government,Married,Female,White,Yes,70000.0
63,32.0,High school,Private,Divorced,Male,White,Yes,37800.0
40,40.0,Graduate degree,State government,Married,Female,White,Yes,63000.0
48,40.0,High school,Private,Divorced,Female,White,Yes,10000.0
34,20.0,Graduate degree,Private,Married,Female,White,Yes,20000.0
44,36.0,No high school diploma,Private,Married,Female,White,Yes,20000.0
24,40.0,High school,Private,Never married,Male,Black,Yes,24000.0
56,60.0,Some college,Private,Married,Male,White,Yes,68000.0
57,30.0,Bachelor degree,Self-employed (incorporated),Widowed,Female,White,Yes,90000.0
59,40.0,High school,Private,Never married,Female,Black,Yes,45000.0
57,40.0,High school,Private,Divorced,Female,Black,Yes,9100.0
59,50.0,Bachelor degree,Private,Married,Male,White,Yes,148000.0
43,26.0,Graduate degree,Private,Married,Male,White,Yes,250000.0
41,60.0,Some college,Self-employed,Married,Male,White,Yes,204000.0
41,45.0,Graduate degree,State government,Divorced,Female,White,No,77000.0
54,45.0,Some college,Private,Married,Male,Black,No,52000.0
37,40.0,Graduate degree,Private,Married,Female,White,Yes,80000.0
55,30.0,High school,Private,Married,Male,White,Yes,30000.0
66,20.0,Graduate degree,Self-employed,Married,Female,White,Yes,17000.0
25,20.0,Bachelor degree,Private non-profit,Married,Female,Asian,No,10000.0
24,40.0,Bachelor degree,Private,Never married,Male,Asian,No,11000.0
56,42.0,Bachelor degree,,Separated,Female,White,Yes,60000.0
60,40.0,High school,,Divorced,Male,Black,Yes,30000.0
19,45.0,High school,Private,Never married,Male,White,No,25000.0
33,40.0,Bachelor degree,Private,Married,Female,White,Yes,20000.0
43,40.0,Graduate degree,Private,Never married,Male,White,Yes,46500.0
44,40.0,Bachelor degree,Private,Divorced,Female,Black,Yes,49000.0
55,40.0,No high school diploma,Private,Married,Male,White,No,41200.0
45,40.0,High school,State government,Married,Female,White,Yes,29000.0
47,56.0,Associate degree,Private,Married,Male,White,Yes,102000.0
19,60.0,High school,,Married,Female,Black,No,17800.0
39,40.0,Graduate degree,Local government,Married,Female,White,No,90800.0
21,40.0,High school,Federal government,Never married,Male,White,Yes,7000.0
64,40.0,Associate degree,Private,Married,Male,Black,Yes,33300.0
47,40.0,Associate degree,Private,Never married,Male,White,Yes,5000.0
61,16.0,High school,Unpaid family work,Married,Female,White,Yes,6100.0
66,40.0,Graduate degree,Federal government,Married,Male,White,Yes,145500.0
59,35.0,High school,Private,Married,Female,White,Yes,11000.0
32,40.0,Bachelor degree,Private non-profit,Never married,Female,White,Yes,66090.0
61,26.0,Bachelor degree,Private,Never married,Female,Other or multiple,Yes,10400.0
29,30.0,Bachelor degree,Private,Never married,Female,Black,Yes,49200.0
19,30.0,Some college,Private,Never married,Female,White,Yes,240.0
37,40.0,Some college,Private,Married,Male,White,Yes,55000.0
20,40.0,Some college,Private,Never married,Female,White,Yes,13000.0
53,60.0,Some college,Private,Never married,Female,Black,Yes,15000.0
42,40.0,High school,Private,Never married,Female,Black,Yes,30000.0
29,30.0,Some college,Private,Married,Male,White,Yes,19400.0
50,,Some college,Private,Married,Male,White,Yes,150000.0
66,,Associate degree,Private,Divorced,Female,White,Yes,75300.0
32,50.0,Graduate degree,Private,Separated,Male,White,Yes,72000.0
42,70.0,,Private,Married,Male,White,Yes,175000.0
23,10.0,Bachelor degree,Private,Never married,Female,White,Yes,980.0
51,50.0,Some college,Private,Married,Male,White,Yes,82000.0
31,,Bachelor degree,Local government,Never married,Male,Black,Yes,27000.0
25,40.0,High school,Private,Never married,Female,Black,Yes,12000.0
49,68.0,Bachelor degree,Private,Divorced,Male,White,Yes,66000.0
42,35.0,Graduate degree,Self-employed (incorporated),Married,Female,White,Yes,200000.0
38,42.0,Bachelor degree,Private,Married,Female,White,Yes,70000.0
41,40.0,Some college,Private,Married,Female,White,Yes,39000.0
38,48.0,Graduate degree,Private,Married,Female,Asian,No,471000.0
19,40.0,High school,Private,Never married,Female,Other or multiple,Yes,28000.0
55,40.0,Graduate degree,Local government,Married,Female,White,Yes,39000.0
43,35.0,Associate degree,Federal government,Married,Male,Asian,No,70000.0
42,45.0,Bachelor degree,Private,Married,Male,White,Yes,110000.0
58,40.0,Bachelor degree,Private,Married,Male,White,Yes,32000.0
48,40.0,High school,Local government,Married,Male,Black,Yes,85000.0
40,,Some college,Private,Married,Female,Black,Yes,26000.0
49,45.0,Graduate degree,Local government,Married,Male,White,Yes,70000.0
56,38.0,Some college,Self-employed,Married,Female,White,No,40000.0
47,36.0,Bachelor degree,Private non-profit,Married,Female,White,Yes,34600.0
42,40.0,,Private non-profit,Married,Female,White,Yes,54000.0
45,40.0,Bachelor degree,Private,Married,Female,White,Yes,76000.0
31,40.0,Bachelor degree,Private non-profit,Never married,Female,White,Yes,24500.0
66,25.0,Some college,Private,Never married,Male,White,Yes,52000.0
52,40.0,No high school diploma,Private,Married,Female,White,Yes,28000.0
36,40.0,Bachelor degree,Private,Married,Male,White,Yes,24800.0
54,48.0,Bachelor degree,Private,Never married,Female,White,Yes,52000.0
44,40.0,Graduate degree,Private,Never married,Male,White,Yes,47310.0
37,40.0,Associate degree,Local government,Widowed,Female,White,Yes,30000.0
44,50.0,Bachelor degree,Private,Married,Male,White,Yes,100000.0
48,60.0,Associate degree,Private,Married,Male,Black,Yes,103500.0
40,40.0,No high school diploma,Private,Married,Male,White,Yes,30000.0
23,40.0,High school,,Never married,Female,Black,Yes,15000.0
17,25.0,No high school diploma,Private,Never married,Male,White,Yes,4000.0
26,40.0,Bachelor degree,Private,Never married,Male,Asian,No,11000.0
42,40.0,High school,Private,Never married,Female,Black,Yes,33500.0
44,50.0,Associate degree,Private,Married,Female,White,Yes,75000.0
79,20.0,Bachelor degree,Self-employed (incorporated),Married,Male,White,Yes,84400.0
45,,Graduate degree,Private non-profit,Married,Male,White,Yes,111500.0
40,50.0,Graduate degree,State government,Married,Male,White,Yes,85000.0
30,40.0,High school,Private,Never married,Female,Black,Yes,17000.0
48,40.0,Graduate degree,Private,Married,Female,White,Yes,50000.0
43,40.0,No high school diploma,Private,Married,Female,Asian,No,20000.0
57,52.0,High school,Private,Married,Male,Other or multiple,Yes,65000.0
55,40.0,Bachelor degree,Local government,Married,Female,White,Yes,12000.0
46,40.0,Bachelor degree,Private,Married,Female,White,Yes,160000.0
66,40.0,Bachelor degree,Private,Married,Male,White,Yes,159300.0
20,35.0,Some college,,Never married,Male,White,Yes,8400.0
58,40.0,High school,Self-employed,Divorced,Male,White,Yes,55000.0
61,50.0,Bachelor degree,Private,Married,Female,Black,Yes,67000.0
55,60.0,No high school diploma,Private,Divorced,Male,Black,Yes,50000.0
22,6.0,Some college,Private,Never married,Male,White,Yes,5000.0
50,40.0,,Private,Married,Female,White,Yes,113000.0
45,40.0,Bachelor degree,Private,Married,Female,Asian,No,105000.0
42,60.0,Graduate degree,Private,Never married,Male,Black,Yes,42000.0
72,40.0,Graduate degree,Private non-profit,Married,Male,White,Yes,60000.0
27,40.0,Graduate degree,Private,Never married,Male,White,Yes,19500.0
61,40.0,Bachelor degree,Private,Married,Male,White,Yes,46000.0
44,45.0,Bachelor degree,Private,Married,Female,White,Yes,16000.0
51,30.0,Bachelor degree,Self-employed (incorporated),Married,Female,White,Yes,15000.0
24,40.0,Bachelor degree,Private,Never married,Male,White,Yes,70000.0
43,50.0,Graduate degree,Private,Married,Female,White,Yes,78000.0
41,,Bachelor degree,Private,Married,Male,White,Yes,70000.0
62,45.0,Bachelor degree,Private,Married,Male,Black,Yes,30500.0
59,40.0,High school,Private,Divorced,Female,White,Yes,46000.0
21,40.0,No high school diploma,Private,Never married,Male,White,No,20000.0
22,20.0,Some college,Private,Never married,Female,White,Yes,3200.0
21,99.0,Some college,Self-employed,Never married,Female,White,Yes,300.0
21,40.0,High school,Private,Never married,Female,White,Yes,40000.0
53,40.0,High school,Private,Never married,Male,Black,Yes,22000.0
64,40.0,Some college,Private,Never married,Female,Black,Yes,38300.0
61,40.0,High school,Private,Never married,Male,Black,Yes,18000.0
45,40.0,Graduate degree,Private,Never married,Female,Black,Yes,47000.0
56,45.0,High school,Private,Married,Male,White,Yes,152000.0
20,40.0,Some college,,Never married,Male,White,Yes,34000.0
55,40.0,Bachelor degree,State government,Divorced,Male,White,Yes,104000.0
62,40.0,Associate degree,State government,Divorced,Female,White,Yes,28000.0
21,40.0,No high school diploma,Private,Married,Male,White,Yes,18000.0
55,40.0,High school,Private,Widowed,Male,White,Yes,50000.0
38,40.0,Graduate degree,Local government,Married,Female,White,Yes,54000.0
41,45.0,Associate degree,Private,Divorced,Male,White,Yes,63000.0
54,40.0,Graduate degree,Private,Never married,Male,Black,Yes,25000.0
38,50.0,High school,Private,Married,Male,White,Yes,50000.0
67,,Graduate degree,Self-employed,Married,Male,White,Yes,120000.0
48,75.0,Bachelor degree,Local government,Divorced,Female,White,Yes,33000.0
61,40.0,Graduate degree,,Married,Female,White,Yes,59000.0
35,5.0,No high school diploma,Self-employed (incorporated),Married,Female,White,Yes,1300.0
20,32.0,Some college,Private,Never married,Female,Other or multiple,Yes,14000.0
62,30.0,High school,Private,Divorced,Male,Black,Yes,28700.0
31,30.0,High school,Private,Never married,Female,White,Yes,5000.0
41,40.0,Graduate degree,Private,Married,Female,White,Yes,58000.0
58,50.0,Bachelor degree,Private,Married,Male,White,Yes,104000.0
61,40.0,Bachelor degree,Private,Married,Male,White,Yes,96000.0
23,15.0,Bachelor degree,Private non-profit,Never married,Female,White,Yes,5500.0
72,40.0,No high school diploma,Private,Married,Male,Black,Yes,194300.0
47,40.0,Associate degree,Private,Married,Female,White,Yes,45000.0
44,40.0,High school,Self-employed,Married,Male,Other or multiple,No,20000.0
29,40.0,High school,Private,Never married,Male,White,Yes,400.0
40,,Some college,Private,Separated,Female,Black,Yes,8000.0
53,,Associate degree,Private,Never married,Female,White,Yes,94000.0
57,15.0,Bachelor degree,Private,Married,Female,White,Yes,16800.0
71,40.0,Associate degree,Private,Married,Female,Black,Yes,63000.0
44,45.0,Graduate degree,Private,Married,Female,White,No,28000.0
27,45.0,Bachelor degree,,Never married,Male,White,Yes,81000.0
56,12.0,Associate degree,Private,Married,Male,White,Yes,31600.0
27,40.0,No high school diploma,Private,Never married,Male,Other or multiple,Yes,42000.0
54,40.0,Graduate degree,Self-employed (incorporated),Divorced,Male,White,Yes,197000.0
21,34.0,High school,Private,Never married,Female,Black,Yes,13000.0
21,10.0,Some college,State government,Never married,Female,White,Yes,6000.0
31,40.0,High school,Private,Never married,Male,Black,No,1600.0
26,40.0,Graduate degree,Private non-profit,Married,Female,White,Yes,47000.0
39,38.0,No high school diploma,Private,Married,Female,Other or multiple,No,62000.0
43,40.0,Bachelor degree,Private,Married,Male,White,Yes,120000.0
34,40.0,Associate degree,Private,Married,Male,White,Yes,32200.0
35,60.0,Bachelor degree,Private,Married,Male,White,Yes,35000.0
29,60.0,Bachelor degree,,Married,Male,White,Yes,69000.0
55,37.0,Some college,Private non-profit,Divorced,Female,Black,Yes,27000.0
35,40.0,Bachelor degree,,Married,Male,Other or multiple,No,106000.0
37,50.0,Bachelor degree,Private non-profit,Married,Female,White,Yes,156000.0
43,50.0,Bachelor degree,Unpaid family work,Married,Male,Black,Yes,14000.0
41,60.0,High school,Self-employed,Divorced,Male,White,Yes,80000.0
44,40.0,High school,,Married,Male,White,Yes,25000.0
35,50.0,Graduate degree,Self-employed (incorporated),Married,Female,White,Yes,29000.0
49,48.0,,Private,Married,Female,White,Yes,38000.0
52,40.0,Associate degree,Private,Divorced,Male,White,Yes,61000.0
33,60.0,Graduate degree,Private non-profit,Married,Female,White,Yes,68000.0
59,42.0,High school,State government,Married,Male,Black,Yes,73200.0
70,40.0,Graduate degree,Federal government,Married,Male,Asian,No,122000.0
74,5.0,Bachelor degree,Private non-profit,Married,Male,White,Yes,51200.0
23,40.0,Bachelor degree,Private,Never married,Female,White,No,8000.0
43,40.0,High school,Private,Separated,Male,Black,Yes,60000.0
55,40.0,High school,Private,Separated,Female,Black,Yes,45000.0
42,48.0,Some college,Private,Never married,Female,Black,Yes,36800.0
38,,Graduate degree,State government,Married,Female,Black,Yes,38000.0
60,48.0,High school,Private,Married,Male,White,Yes,53400.0
47,72.0,Associate degree,Private,Divorced,Female,Black,Yes,74600.0
47,50.0,High school,Private,Married,Male,White,Yes,80000.0
46,,No high school diploma,Private,Married,Female,White,Yes,40000.0
29,60.0,Associate degree,Private,Never married,Male,Black,Yes,24000.0
47,50.0,Bachelor degree,Private,Married,Male,White,Yes,140000.0
31,32.0,Graduate degree,Private,Married,Female,White,Yes,471000.0
28,40.0,Some college,Private,Never married,Female,Black,Yes,17000.0
29,40.0,Bachelor degree,Private,Never married,Male,White,Yes,76000.0
24,22.0,Bachelor degree,Private,Never married,Female,Black,Yes,9500.0
32,,Associate degree,Self-employed (incorporated),Married,Male,White,Yes,14000.0
67,32.0,,Local government,Married,Female,White,Yes,10250.0
45,25.0,High school,Private,Never married,Female,Black,Yes,12000.0
27,40.0,Some college,Private,Never married,Female,Black,No,50000.0
19,40.0,Some college,,Never married,Male,White,Yes,1300.0
42,40.0,High school,Private,Married,Female,White,Yes,30000.0
21,40.0,High school,Private,Never married,Male,White,Yes,13000.0
25,40.0,High school,,Divorced,Female,White,Yes,12000.0
39,50.0,Some college,Self-employed,Married,Male,Black,Yes,36000.0
24,40.0,Bachelor degree,Private non-profit,Never married,Female,White,Yes,12400.0
27,40.0,High school,Private,Never married,Male,White,No,24000.0
40,37.0,High school,Private,Married,Female,White,No,25000.0
34,10.0,Some college,Self-employed,Married,Male,Black,No,20000.0
34,45.0,Associate degree,,Married,Male,White,Yes,55000.0
25,60.0,Bachelor degree,Local government,Never married,Male,White,Yes,135000.0
65,50.0,Graduate degree,State government,Married,Male,White,Yes,117000.0
33,46.0,Some college,Private,Married,Male,White,No,35000.0
37,40.0,Some college,Private,Never married,Male,Black,Yes,30000.0
57,40.0,Graduate degree,Private non-profit,Widowed,Female,White,Yes,30000.0
61,40.0,High school,Private,Married,Female,White,Yes,37000.0
57,40.0,Bachelor degree,Private,Married,Male,White,Yes,250000.0
21,40.0,Some college,Private,Never married,Male,White,Yes,30500.0
59,40.0,Associate degree,Private,Never married,Male,Black,Yes,52000.0
58,40.0,Bachelor degree,Private,Married,Male,White,Yes,200000.0
35,40.0,Bachelor degree,Private non-profit,Married,Female,White,Yes,45000.0
62,60.0,Bachelor degree,Self-employed,Married,Female,White,Yes,1200.0
34,40.0,High school,Private,Never married,Female,Other or multiple,No,17000.0
58,55.0,Graduate degree,Private,Married,Male,White,Yes,90000.0
49,60.0,Some college,Self-employed,Married,Male,White,Yes,311000.0
55,40.0,High school,Private,Divorced,Female,White,Yes,28000.0
42,40.0,Graduate degree,State government,Married,Male,Black,Yes,60000.0
69,20.0,Bachelor degree,Private,Married,Male,White,No,44000.0
60,40.0,Associate degree,Private,Married,Male,White,Yes,113000.0
20,,High school,Private,Never married,Female,White,Yes,14000.0
26,50.0,Bachelor degree,Private non-profit,Never married,Female,Black,Yes,13000.0
26,40.0,Graduate degree,Private,Never married,Male,White,Yes,75000.0
62,40.0,Bachelor degree,Private,Married,Female,White,Yes,46000.0
59,40.0,Bachelor degree,Private,Never married,Female,White,Yes,130000.0
27,45.0,Bachelor degree,Private,Never married,Female,White,Yes,45000.0
52,40.0,High school,State government,Divorced,Female,White,Yes,27800.0
48,40.0,High school,Private,Married,Male,Black,No,29000.0
51,40.0,High school,Self-employed (incorporated),Married,Male,White,Yes,57000.0
38,37.0,High school,,Never married,Male,Black,Yes,29500.0
34,48.0,Some college,Private,Never married,Female,Black,Yes,16000.0
23,,No high school diploma,Private,Never married,Male,Other or multiple,No,22000.0
70,40.0,Graduate degree,Private non-profit,Married,Male,White,Yes,35600.0
71,4.0,High school,Private,Married,Male,White,Yes,22500.0
17,25.0,No high school diploma,Private non-profit,Never married,Male,White,Yes,1900.0
28,40.0,High school,Private,Married,Male,Black,Yes,32000.0
26,40.0,Some college,Federal government,Never married,Female,White,Yes,28900.0
58,35.0,Graduate degree,Private,Divorced,Female,White,Yes,27000.0
48,40.0,No high school diploma,Private,Married,Male,White,Yes,6000.0
55,50.0,Graduate degree,Private,Married,Female,White,Yes,166100.0
59,15.0,Bachelor degree,Private,Married,Female,White,Yes,26000.0
30,40.0,Some college,Private,Married,Male,White,Yes,22800.0
45,60.0,No high school diploma,Self-employed,Separated,Male,White,Yes,30000.0
55,70.0,Some college,Private non-profit,Married,Male,White,Yes,55000.0
23,20.0,Associate degree,Private,Never married,Male,Black,Yes,450.0
28,38.0,Some college,Private,Never married,Male,White,Yes,14000.0
62,16.0,Graduate degree,Local government,Married,Female,White,Yes,48900.0
52,40.0,Bachelor degree,Private,Married,Male,White,Yes,36400.0
61,40.0,High school,Federal government,Divorced,Female,Black,Yes,28400.0
44,40.0,,Private,Never married,Male,Black,Yes,26000.0
26,40.0,,Private,Never married,Female,Asian,No,47000.0
23,27.0,Some college,Private,Never married,Female,White,Yes,16900.0
24,40.0,High school,Local government,Never married,Female,Black,Yes,25000.0
30,50.0,Bachelor degree,Private,Married,Male,White,Yes,55000.0
36,35.0,High school,Private,Never married,Female,White,Yes,23120.0
63,50.0,Some college,Private non-profit,Married,Male,White,Yes,60000.0
22,40.0,Associate degree,Private,Never married,Female,White,Yes,60000.0
33,40.0,Associate degree,Private non-profit,Married,Female,White,Yes,27000.0
28,60.0,Some college,Federal government,Divorced,Male,White,Yes,60000.0
30,45.0,Bachelor degree,Private,Married,Male,White,Yes,84000.0
29,25.0,Some college,Self-employed (incorporated),Never married,Male,White,Yes,7000.0
60,40.0,Some college,Private,Married,Female,Black,Yes,28000.0
28,40.0,Graduate degree,Private,Married,Female,White,Yes,150000.0
37,50.0,Bachelor degree,State government,Married,Female,White,Yes,30000.0
17,10.0,No high school diploma,Private,Never married,Female,Black,Yes,500.0
59,35.0,High school,Private,Married,Female,White,Yes,66000.0
68,24.0,Some college,Private,Widowed,Female,White,Yes,23100.0
50,50.0,Associate degree,Private,Married,Female,White,Yes,83000.0
31,42.0,High school,Private,Married,Male,White,Yes,35000.0
43,50.0,No high school diploma,Self-employed (incorporated),Never married,Male,Asian,No,60000.0
36,30.0,No high school diploma,Private,Divorced,Female,White,No,17800.0
48,40.0,Graduate degree,Private,Married,Male,White,Yes,54000.0
17,20.0,No high school diploma,Private,Never married,Female,White,Yes,400.0
23,45.0,Bachelor degree,Private,Never married,Male,White,Yes,32100.0
63,40.0,Graduate degree,Private,Married,Male,White,Yes,72000.0
19,,Some college,Self-employed,Never married,Male,White,Yes,6300.0
26,40.0,Associate degree,Private,Never married,Female,Black,Yes,21000.0
41,40.0,Graduate degree,Private,Never married,Female,White,Yes,80000.0
60,30.0,Bachelor degree,Private,Divorced,Female,Black,Yes,62800.0
32,40.0,High school,Private,Never married,Male,White,Yes,13000.0
55,40.0,High school,Federal government,Never married,Male,Black,Yes,52000.0
21,40.0,High school,Private,Married,Male,White,Yes,20000.0
53,40.0,High school,Private,Married,Male,Black,Yes,35000.0
56,46.0,Bachelor degree,Private,Married,Male,White,Yes,247700.0
40,40.0,Some college,Private,Never married,Female,White,Yes,38000.0
34,,High school,Local government,Married,Female,White,Yes,20000.0
36,85.0,Associate degree,Private,Married,Male,White,Yes,50000.0
44,30.0,Associate degree,Self-employed (incorporated),Married,Male,White,Yes,12000.0
25,40.0,Some college,Private,Married,Male,White,Yes,20000.0
54,42.0,Some college,Private,Married,Female,Black,Yes,25000.0
19,40.0,High school,Federal government,Never married,Female,Black,Yes,9000.0
53,6.0,High school,Self-employed,Divorced,Male,Black,Yes,20000.0
57,40.0,High school,Private,Married,Male,White,Yes,49000.0
52,,High school,Local government,Divorced,Female,Black,Yes,23000.0
52,40.0,Associate degree,Private,Married,Female,Other or multiple,No,43200.0
47,60.0,Graduate degree,Self-employed (incorporated),Married,Male,White,Yes,472200.0
30,47.0,High school,Private,Never married,Female,White,Yes,18000.0
25,43.0,Bachelor degree,,Never married,Female,Black,Yes,13300.0
37,40.0,High school,Private,Separated,Female,White,Yes,25000.0
63,40.0,No high school diploma,Private,Married,Male,White,Yes,11900.0
68,16.0,Some college,Private,Married,Female,White,Yes,26000.0
20,20.0,Associate degree,Private,Never married,Female,Black,Yes,600.0
53,50.0,Bachelor degree,Private non-profit,Married,Male,White,No,105000.0
64,40.0,Bachelor degree,Private,Married,Male,White,Yes,56000.0
20,,Some college,Private,Never married,Male,White,Yes,1600.0
27,25.0,No high school diploma,Private,Never married,Female,Black,Yes,15000.0
41,30.0,Graduate degree,Self-employed (incorporated),Married,Male,White,Yes,6300.0
57,40.0,Graduate degree,Private,Divorced,Female,White,Yes,47000.0
28,40.0,Associate degree,Private,Never married,Male,Black,Yes,51000.0
29,28.0,High school,Private,Never married,Male,White,Yes,12000.0
62,48.0,Bachelor degree,Private,Married,Male,White,Yes,52000.0
25,36.0,Some college,State government,Never married,Female,Black,Yes,12000.0
29,45.0,Bachelor degree,Private,Married,Male,White,Yes,61130.0
46,40.0,High school,Private,Divorced,Female,White,Yes,25000.0
30,30.0,High school,Private,Never married,Female,Black,Yes,7200.0
39,,Bachelor degree,Local government,Married,Female,White,Yes,7000.0
43,36.0,Some college,Private,Married,Male,White,Yes,80000.0
22,20.0,Associate degree,State government,Never married,Male,White,Yes,6000.0
55,40.0,,Federal government,Divorced,Male,White,Yes,45000.0
34,30.0,High school,Private,Married,Female,Other or multiple,Yes,2700.0
52,40.0,High school,Local government,Married,Male,White,Yes,19800.0
56,50.0,Some college,Private,Married,Male,White,Yes,90000.0
45,40.0,Graduate degree,Private,Married,Female,White,Yes,250000.0
46,40.0,Some college,,Married,Male,White,Yes,50000.0
50,40.0,Bachelor degree,,Married,Female,White,Yes,50000.0
37,70.0,Graduate degree,Private,Married,Male,White,Yes,471000.0
52,40.0,Bachelor degree,Self-employed (incorporated),Married,Female,Asian,No,72000.0
18,35.0,No high school diploma,Private,Never married,Male,White,Yes,500.0
20,20.0,Some college,Private,Never married,Male,Black,Yes,31000.0
40,40.0,Associate degree,Private,Married,Male,White,No,60000.0
19,40.0,Some college,Private,Never married,Male,White,Yes,5500.0
47,30.0,High school,Private non-profit,Married,Female,White,Yes,16900.0
60,20.0,Bachelor degree,Private,Married,Female,Asian,No,30000.0
42,40.0,Some college,Private,Married,Female,Black,Yes,19000.0
21,40.0,High school,Private,Never married,Male,Black,Yes,13000.0
40,40.0,High school,Private,Married,Female,White,Yes,23000.0
24,40.0,Associate degree,Private,Never married,Female,White,Yes,20000.0
50,46.0,Associate degree,Local government,Married,Male,White,Yes,73000.0
58,40.0,Some college,Private,Married,Male,White,Yes,138000.0
39,,Bachelor degree,Private,Married,Female,White,Yes,34300.0
23,25.0,,,Never married,Male,Black,Yes,12500.0
44,50.0,High school,Self-employed,Married,Male,White,Yes,25000.0
61,38.0,High school,Private,Married,Female,Black,Yes,37600.0
56,40.0,High school,Private,Married,Male,Black,Yes,25000.0
25,40.0,Bachelor degree,Private,Never married,Male,Black,Yes,20000.0
34,,Some college,Private,Never married,Male,White,Yes,42000.0
52,45.0,Graduate degree,Local government,Married,Female,Black,No,78550.0
56,30.0,Associate degree,Private,Married,Male,Black,Yes,27000.0
55,40.0,Some college,Private,Divorced,Male,White,Yes,140000.0
52,40.0,Graduate degree,Federal government,Never married,Female,Other or multiple,Yes,276000.0
27,35.0,Some college,Private,Never married,Female,White,Yes,20530.0
45,40.0,No high school diploma,Private,Never married,Male,White,No,23000.0
33,20.0,Bachelor degree,Private,Separated,Female,White,Yes,15500.0
68,15.0,High school,Private,Married,Female,White,Yes,71900.0
49,40.0,Bachelor degree,Federal government,Divorced,Female,Black,Yes,25000.0
30,40.0,No high school diploma,Private,Divorced,Female,White,Yes,22000.0
50,55.0,Some college,,Divorced,Male,White,Yes,93000.0
53,40.0,Some college,Federal government,Divorced,Female,Black,Yes,48000.0
30,40.0,High school,Private,Never married,Female,White,Yes,55000.0
46,45.0,Bachelor degree,Private,Divorced,Male,White,Yes,65000.0
25,40.0,No high school diploma,Private,Never married,Female,White,No,22000.0
56,40.0,Graduate degree,Local government,Divorced,Female,White,Yes,80450.0
60,40.0,Bachelor degree,Private,Married,Male,White,Yes,895000.0
25,50.0,Bachelor degree,Private non-profit,Never married,Male,White,Yes,36000.0
46,52.0,Some college,Private,Divorced,Male,White,Yes,106020.0
24,40.0,High school,Private,Never married,Female,Other or multiple,Yes,13000.0
55,48.0,No high school diploma,Private,Married,Male,White,Yes,55000.0
39,45.0,No high school diploma,Private,Separated,Female,Black,Yes,21600.0
71,20.0,Bachelor degree,Local government,Widowed,Male,White,Yes,44000.0
47,20.0,High school,Private,Married,Female,White,Yes,28000.0
37,45.0,High school,Self-employed,Married,Female,White,No,26000.0
52,40.0,Graduate degree,Private,Married,Male,Asian,No,119000.0
54,50.0,Graduate degree,Private,Married,Male,White,No,247000.0
28,40.0,Bachelor degree,Local government,Married,Female,White,Yes,49000.0
42,40.0,Graduate degree,State government,Married,Female,White,Yes,48000.0
48,,Some college,Private,Divorced,Female,Black,Yes,24500.0
36,40.0,Bachelor degree,Private,Divorced,Male,White,Yes,42000.0
24,40.0,Bachelor degree,Private,Never married,Male,White,Yes,25000.0
28,50.0,Some college,,Married,Male,White,Yes,13000.0
53,,No high school diploma,Self-employed,Divorced,Male,White,Yes,13700.0
48,40.0,Bachelor degree,Private non-profit,Married,Female,White,Yes,45000.0
38,50.0,High school,Private,Divorced,Female,White,Yes,40000.0
34,40.0,Graduate degree,State government,Married,Female,White,No,37000.0
64,40.0,High school,Private,Married,Male,Black,Yes,40000.0
56,40.0,Some college,Private non-profit,Divorced,Female,Black,Yes,30000.0
71,20.0,Graduate degree,Private non-profit,Married,Male,White,Yes,47900.0
25,40.0,Bachelor degree,,Never married,Male,White,Yes,42000.0
19,16.0,Some college,Private,Never married,Female,Other or multiple,Yes,1000.0
39,20.0,Graduate degree,Federal government,Married,Female,White,Yes,60500.0
33,40.0,High school,Private,Married,Female,White,Yes,34000.0
32,40.0,Associate degree,Private,Never married,Male,White,Yes,56900.0
58,52.0,High school,Private,Married,Female,Black,Yes,45000.0
18,20.0,Some college,Private,Never married,Male,White,Yes,2000.0
47,40.0,No high school diploma,Private,Divorced,Male,White,Yes,58000.0
37,40.0,Bachelor degree,Private,Married,Male,White,Yes,175000.0
43,40.0,Bachelor degree,Private,Married,Male,White,Yes,105000.0
53,30.0,No high school diploma,Self-employed,Married,Female,White,Yes,15000.0
46,32.0,Associate degree,,Never married,Male,White,No,6000.0
56,60.0,No high school diploma,,Divorced,Female,White,Yes,10000.0
22,40.0,High school,Private,Married,Female,White,Yes,21000.0
20,40.0,Some college,Private,Never married,Male,White,Yes,30000.0
60,,Some college,Private,Married,Male,White,Yes,9100.0
47,36.0,Some college,Private,Never married,Male,White,Yes,30450.0
51,40.0,Some college,Private,Married,Female,White,Yes,45000.0
61,55.0,Graduate degree,Private,Married,Female,White,Yes,471000.0
55,20.0,Some college,Private,Divorced,Male,Black,Yes,21200.0
63,30.0,High school,Private,Divorced,Female,White,Yes,24900.0
61,35.0,Associate degree,Private,Married,Female,White,Yes,26000.0
37,40.0,Graduate degree,Local government,Married,Female,White,Yes,100000.0
31,54.0,Associate degree,Private,Married,Male,Asian,No,10000.0
50,40.0,High school,Private non-profit,Married,Female,Black,Yes,260170.0
60,50.0,Graduate degree,Private non-profit,Married,Male,White,Yes,160000.0
45,30.0,High school,Private,Never married,Female,White,Yes,15000.0
63,50.0,Some college,Private,Married,Male,White,Yes,18000.0
47,40.0,Some college,State government,Married,Female,Black,Yes,34000.0
59,30.0,Some college,Self-employed (incorporated),Never married,Female,Black,Yes,30800.0
39,45.0,Associate degree,Private,Married,Female,Asian,No,84050.0
52,40.0,Graduate degree,Private non-profit,Married,Male,White,Yes,76000.0
60,40.0,No high school diploma,Private,Separated,Female,Other or multiple,Yes,20100.0
36,30.0,Bachelor degree,Self-employed,Married,Male,White,Yes,58000.0
56,50.0,High school,Private,Never married,Male,Black,Yes,90000.0
49,40.0,Bachelor degree,State government,Married,Male,White,Yes,52000.0
57,40.0,High school,Private,Married,Female,Asian,No,40000.0
20,20.0,High school,Local government,Never married,Female,White,Yes,3500.0
25,40.0,High school,Private,Never married,Female,White,Yes,21000.0
65,,Bachelor degree,Local government,Married,Female,White,Yes,32300.0
27,35.0,Some college,Private,Never married,Female,Black,Yes,20000.0
26,50.0,Bachelor degree,Private,Never married,Female,Black,Yes,15000.0
33,40.0,Bachelor degree,Self-employed,Never married,Female,Black,Yes,40000.0
56,48.0,High school,Private,Widowed,Female,White,Yes,37000.0
28,40.0,Some college,Private,Never married,Female,White,No,25000.0
54,40.0,High school,,Divorced,Male,Black,Yes,54000.0
56,40.0,Some college,Private,Married,Male,White,Yes,60000.0
21,55.0,High school,State government,Never married,Male,White,Yes,17100.0
57,55.0,Bachelor degree,Self-employed,Married,Female,White,Yes,45000.0
24,45.0,High school,Private,Never married,Male,White,Yes,18000.0
57,50.0,High school,Private,Married,Male,White,Yes,100200.0
37,40.0,High school,Private,Married,Female,White,Yes,12000.0
25,50.0,Bachelor degree,Private non-profit,Never married,Male,White,Yes,24000.0
48,35.0,No high school diploma,Private,Married,Male,White,Yes,15000.0
31,30.0,Bachelor degree,Private non-profit,Never married,Female,White,Yes,50000.0
58,55.0,High school,Private,Married,Male,White,Yes,210000.0
31,40.0,High school,Private,Married,Female,White,Yes,43000.0
55,40.0,High school,Private,Divorced,Female,White,Yes,33000.0
67,40.0,No high school diploma,Private,Widowed,Male,White,Yes,75000.0
19,50.0,Some college,Private,Never married,Male,White,Yes,26000.0
81,40.0,High school,Local government,Married,Female,Black,Yes,12000.0
35,45.0,High school,Self-employed,Never married,Male,White,Yes,80000.0
36,40.0,Bachelor degree,Private,Married,Male,White,Yes,160500.0
68,40.0,Bachelor degree,Self-employed (incorporated),Married,Male,White,Yes,144300.0
40,40.0,High school,Private,Divorced,Female,White,Yes,16000.0
20,35.0,High school,Private,Never married,Male,Other or multiple,Yes,14000.0
51,50.0,Graduate degree,Self-employed (incorporated),Married,Female,White,Yes,50000.0
33,40.0,No high school diploma,Private,Never married,Male,White,No,20000.0
64,50.0,Bachelor degree,Private,Married,Male,White,Yes,165000.0
68,50.0,,Federal government,Divorced,Male,White,Yes,151100.0
66,10.0,Graduate degree,Private non-profit,Married,Male,White,Yes,164000.0
41,40.0,High school,Private,Married,Male,White,Yes,52100.0
55,10.0,,Private non-profit,Divorced,Male,White,Yes,7700.0
54,50.0,High school,Private,Married,Male,White,Yes,65000.0
50,45.0,Graduate degree,Local government,Married,Female,White,Yes,65000.0
22,40.0,Associate degree,Private,Never married,Male,Other or multiple,Yes,20000.0
40,55.0,Some college,Private,Married,Male,White,Yes,128000.0
31,24.0,Associate degree,Private,Never married,Female,Black,Yes,8000.0
51,42.0,Bachelor degree,Private,Married,Male,White,Yes,104050.0
56,40.0,High school,Private,Married,Female,White,Yes,60000.0
72,20.0,Bachelor degree,Private,Married,Male,White,Yes,87000.0
67,40.0,Bachelor degree,Private,Divorced,Female,Black,Yes,139500.0
33,45.0,Some college,Private,Never married,Male,White,Yes,77000.0
53,40.0,Some college,Private,Married,Male,White,Yes,55000.0
36,50.0,No high school diploma,Self-employed,Married,Male,White,Yes,89000.0
64,32.0,Bachelor degree,Private,Married,Female,Other or multiple,No,12000.0
31,40.0,No high school diploma,Private,Married,Female,Other or multiple,No,28000.0
44,40.0,Bachelor degree,Private,Divorced,Male,Black,Yes,116000.0
24,40.0,,Private,Never married,Male,Black,Yes,13000.0
67,20.0,High school,Self-employed,Married,Male,White,Yes,19910.0
42,25.0,Bachelor degree,Self-employed (incorporated),Married,Male,White,Yes,73000.0
60,50.0,Bachelor degree,Private,Divorced,Male,White,Yes,74000.0
23,40.0,Some college,State government,Never married,Male,White,Yes,29100.0
64,40.0,No high school diploma,Private,Married,Male,White,Yes,40000.0
64,40.0,Graduate degree,Private,Married,Male,White,Yes,150000.0
68,,Graduate degree,Private non-profit,Divorced,Female,White,Yes,68800.0
46,40.0,Associate degree,Private,Married,Male,Black,Yes,38000.0
24,50.0,Bachelor degree,State government,Never married,Female,White,Yes,18000.0
82,30.0,High school,Local government,Married,Male,White,Yes,43000.0
54,,High school,Private,Married,Male,White,Yes,36000.0
47,50.0,Some college,Private,Married,Male,White,Yes,160000.0
35,40.0,High school,State government,Married,Female,Black,Yes,31500.0
39,25.0,No high school diploma,,Never married,Male,Black,Yes,21100.0
37,40.0,Some college,Private,Never married,Male,Black,Yes,6400.0
28,50.0,Bachelor degree,Private non-profit,Never married,Female,White,Yes,58000.0
40,40.0,Bachelor degree,Private,Separated,Female,Black,Yes,70000.0
48,60.0,Graduate degree,Self-employed (incorporated),Married,Female,Black,Yes,95000.0
69,6.0,Bachelor degree,Self-employed,Married,Female,White,Yes,3000.0
35,40.0,Associate degree,Private,Married,Male,Asian,No,28000.0
53,40.0,Bachelor degree,Private,Married,Male,White,Yes,473600.0
32,40.0,High school,Private,Married,Male,White,Yes,35000.0
65,1.0,Bachelor degree,Self-employed,Married,Male,White,Yes,24300.0
37,40.0,Associate degree,Private,Married,Female,White,Yes,54000.0
36,40.0,Bachelor degree,Private,Married,Male,White,No,55000.0
28,48.0,High school,Private,Married,Male,White,Yes,50000.0
59,48.0,High school,Private,Separated,Male,Black,Yes,30000.0
61,40.0,Some college,,Married,Male,White,Yes,36000.0
33,40.0,No high school diploma,Private,Married,Male,White,No,41000.0
22,30.0,Some college,Federal government,Never married,Female,White,Yes,20000.0
27,70.0,Some college,Private,Married,Male,White,Yes,53000.0
25,40.0,Associate degree,,Never married,Male,White,No,19700.0
34,40.0,High school,Local government,Married,Male,White,Yes,46000.0
27,50.0,Bachelor degree,Private,Never married,Female,Black,Yes,45000.0
62,85.0,Bachelor degree,Private,Married,Male,White,Yes,6000.0
60,,High school,Local government,Divorced,Male,White,Yes,26000.0
51,60.0,Bachelor degree,Self-employed,Married,Female,Asian,No,40000.0
24,25.0,Some college,Private,Never married,Female,White,Yes,11000.0
46,65.0,Bachelor degree,Private,Divorced,Female,Black,Yes,118500.0
27,45.0,Graduate degree,Private,Married,Male,White,Yes,74000.0
53,40.0,No high school diploma,Private,Never married,Female,Black,Yes,17000.0
34,40.0,Bachelor degree,Private non-profit,Married,Male,White,Yes,100000.0
42,40.0,Some college,Private,Divorced,Female,Black,Yes,46000.0
24,30.0,Graduate degree,Private,Never married,Male,White,Yes,4000.0
65,40.0,Bachelor degree,Local government,Widowed,Female,White,No,13800.0
39,40.0,Some college,Private non-profit,Married,Female,Black,Yes,40000.0
57,80.0,Graduate degree,Private non-profit,Married,Female,White,Yes,30000.0
19,24.0,Some college,Private,Never married,Female,White,Yes,15000.0
23,40.0,High school,Private,Never married,Male,Black,Yes,25000.0
49,40.0,Bachelor degree,Private,Married,Male,Asian,No,24000.0
20,40.0,Some college,Private,Never married,Female,White,Yes,2000.0
37,40.0,Graduate degree,Private non-profit,Married,Male,White,Yes,43000.0
44,40.0,,Private,Married,Female,White,Yes,70000.0
65,40.0,Some college,Private,Married,Male,White,Yes,60600.0
44,40.0,High school,Private,Never married,Female,Black,Yes,30000.0
21,40.0,Some college,Private,Never married,Female,White,Yes,24000.0
32,50.0,Bachelor degree,Private non-profit,Married,Female,White,Yes,33000.0
51,50.0,High school,Private,Married,Male,White,Yes,130000.0
27,,Associate degree,Private,Never married,Male,White,No,48000.0
49,40.0,Bachelor degree,Private non-profit,Married,Female,White,Yes,81000.0
19,33.0,High school,Federal government,Never married,Male,White,Yes,6000.0
19,20.0,Some college,Private non-profit,Never married,Female,White,Yes,560.0
58,35.0,High school,Local government,Married,Female,White,Yes,26000.0
39,50.0,High school,Private,Never married,Male,White,Yes,31000.0
38,48.0,High school,Private,Married,Female,Black,Yes,45000.0
19,30.0,High school,Private,Married,Female,White,Yes,7800.0
66,40.0,Graduate degree,Local government,Married,Female,White,Yes,99500.0
28,40.0,Some college,Private,Divorced,Female,White,Yes,35200.0
45,40.0,Bachelor degree,Private,Married,Female,White,No,115000.0
59,45.0,High school,Private,Divorced,Female,White,Yes,32010.0
35,42.0,Some college,Self-employed,Married,Female,White,Yes,18000.0
31,40.0,Bachelor degree,,Married,Female,White,Yes,45800.0
42,45.0,Associate degree,Private,Never married,Female,Black,Yes,30000.0
59,,Bachelor degree,Private,Married,Male,White,Yes,82020.0
20,12.0,Some college,State government,Never married,Female,Black,Yes,12600.0
57,40.0,Some college,Private,Married,Male,White,Yes,60000.0
36,40.0,Bachelor degree,Private,Married,Male,Other or multiple,Yes,118000.0
62,20.0,Associate degree,Private,Married,Female,White,Yes,35000.0
24,50.0,Graduate degree,Private,Never married,Female,White,Yes,53000.0
29,40.0,Associate degree,Private,Married,Female,White,Yes,55000.0
49,32.0,Some college,Private,Married,Female,White,Yes,25000.0
49,40.0,Graduate degree,Private non-profit,Divorced,Female,Black,No,46600.0
55,40.0,Some college,,Divorced,Female,White,Yes,62000.0
28,40.0,Bachelor degree,State government,Married,Female,Black,Yes,20000.0
48,40.0,Bachelor degree,Private non-profit,Married,Male,White,Yes,70000.0
38,,High school,Private,Married,Female,White,Yes,9500.0
39,50.0,Some college,Private,Separated,Female,Black,Yes,40500.0
23,40.0,Associate degree,State government,Never married,Male,Black,Yes,28000.0
57,40.0,High school,Private,Married,Female,White,Yes,45000.0
61,40.0,Bachelor degree,Private non-profit,Never married,Female,Black,Yes,60000.0
55,60.0,Bachelor degree,Private,Married,Male,White,Yes,230000.0
26,30.0,Bachelor degree,State government,Never married,Male,Black,No,3000.0
49,40.0,Bachelor degree,Private,Married,Male,White,Yes,160000.0
52,40.0,Bachelor degree,Private non-profit,Divorced,Male,Black,No,46000.0
27,40.0,Bachelor degree,Private,Never married,Female,White,Yes,10000.0
53,40.0,High school,Private,Married,Male,White,No,20000.0
56,25.0,No high school diploma,Self-employed,Divorced,Male,White,Yes,7000.0
26,40.0,High school,Private,Married,Male,White,Yes,22500.0
23,40.0,Bachelor degree,Private,Never married,Female,White,Yes,15400.0
37,40.0,High school,Private,Married,Male,White,Yes,15000.0
37,45.0,Bachelor degree,Private,Married,Male,White,Yes,120000.0
50,60.0,High school,Private,Divorced,Female,White,Yes,34000.0
30,40.0,Graduate degree,Self-employed,Married,Female,Black,Yes,35000.0
71,45.0,Bachelor degree,Private,Divorced,Male,White,Yes,35000.0
52,40.0,Bachelor degree,Federal government,Married,Male,White,Yes,104200.0
24,6.0,Graduate degree,Private non-profit,Never married,Female,Asian,Yes,310.0
36,40.0,Bachelor degree,Private,Never married,Male,White,Yes,95000.0
22,50.0,Some college,Private,Never married,Male,White,Yes,65000.0
62,21.0,Some college,Private,Married,Female,Black,Yes,19100.0
35,30.0,No high school diploma,Private,Married,Male,White,Yes,13000.0
30,40.0,Bachelor degree,Private,Never married,Female,White,Yes,72000.0
23,30.0,Some college,Private,Married,Female,White,Yes,500.0
40,40.0,Bachelor degree,Private,Married,Male,White,Yes,100000.0
22,10.0,Some college,Private,Never married,Female,Asian,No,1500.0
32,40.0,Graduate degree,Private non-profit,Never married,Female,White,Yes,90000.0
59,40.0,High school,Private,Married,Female,White,Yes,52130.0
23,24.0,Some college,Private non-profit,Never married,Female,White,Yes,15000.0
40,40.0,Graduate degree,Private,Married,Female,Asian,No,110000.0
63,40.0,High school,Private,Married,Male,White,Yes,47600.0
59,60.0,Bachelor degree,Private non-profit,Divorced,Female,White,Yes,15000.0
56,16.0,No high school diploma,Private,Married,Female,White,Yes,1300.0
47,40.0,High school,Private,Married,Female,Black,Yes,12000.0
33,84.0,No high school diploma,Private,Married,Male,White,No,45000.0
33,40.0,Some college,Private,Never married,Female,Black,Yes,24000.0
43,32.0,Graduate degree,Private,Married,Female,Black,Yes,41000.0
26,40.0,Bachelor degree,Private,Married,Male,White,Yes,30000.0
32,40.0,High school,Private,Married,Female,Other or multiple,No,58000.0
26,40.0,Bachelor degree,Private,Never married,Female,White,Yes,28000.0
53,45.0,Some college,Private,Married,Female,White,Yes,70000.0
59,40.0,Bachelor degree,Private,Married,Male,White,Yes,90000.0
26,35.0,Graduate degree,Private non-profit,Married,Female,White,Yes,9600.0
49,40.0,Some college,Local government,Separated,Female,White,Yes,15000.0
43,50.0,Associate degree,Private,Divorced,Male,White,Yes,30000.0
58,50.0,Some college,,Married,Male,White,Yes,30000.0
61,40.0,,Private,Widowed,Female,White,Yes,50000.0
25,40.0,Bachelor degree,Private,Married,Male,Asian,No,40000.0
43,40.0,Bachelor degree,Local government,Married,Female,White,Yes,32000.0
19,30.0,No high school diploma,Private,Never married,Female,White,Yes,5000.0
62,40.0,High school,Federal government,Divorced,Female,Black,Yes,23000.0
55,50.0,Graduate degree,State government,Divorced,Female,White,Yes,78030.0
44,40.0,High school,Private,Divorced,Male,Black,Yes,25000.0
61,40.0,Bachelor degree,,Married,Male,White,Yes,72000.0
24,50.0,Some college,Private,Married,Male,White,Yes,50000.0
65,60.0,Bachelor degree,Self-employed (incorporated),Married,Male,White,Yes,84000.0
29,40.0,Bachelor degree,Local government,Married,Female,White,Yes,46500.0
26,40.0,High school,Private,Never married,Male,Black,Yes,32000.0
35,40.0,Bachelor degree,Private,Never married,Female,White,Yes,25000.0
63,10.0,High school,Private non-profit,Married,Female,White,Yes,60000.0
26,40.0,Bachelor degree,Private,Never married,Male,White,No,45200.0
54,75.0,No high school diploma,Private,Divorced,Male,Black,Yes,42000.0
55,45.0,Graduate degree,Private,Married,Male,Black,Yes,202000.0
42,25.0,Some college,,Married,Female,White,Yes,24000.0
60,40.0,Graduate degree,State government,Separated,Female,Black,Yes,56000.0
18,40.0,Some college,Private,Never married,Male,Black,Yes,5000.0
50,62.0,High school,Private,Married,Male,Asian,No,6000.0
74,20.0,Some college,Local government,Married,Male,White,Yes,28060.0
41,20.0,Some college,,Widowed,Female,White,Yes,20000.0
20,40.0,High school,Federal government,Never married,Female,White,Yes,37000.0
56,60.0,Graduate degree,Federal government,Married,Female,White,Yes,150000.0
46,40.0,High school,Self-employed (incorporated),Divorced,Male,Asian,No,86000.0
54,,Graduate degree,Private,Married,Male,White,Yes,287000.0
37,50.0,Some college,Self-employed,Married,Female,White,Yes,30000.0
36,35.0,Some college,Private,Divorced,Female,White,Yes,16500.0
59,30.0,Graduate degree,Local government,Married,Male,White,Yes,58500.0
61,40.0,Graduate degree,Private,Married,Male,White,Yes,155700.0
21,20.0,High school,Private,Never married,Male,White,Yes,1600.0
60,45.0,Some college,Private,Married,Female,White,Yes,17000.0
72,4.0,Bachelor degree,Self-employed,Married,Male,White,Yes,3500.0
23,40.0,High school,Private,Never married,Male,Black,Yes,7500.0
29,40.0,High school,Private,Married,Female,Black,Yes,28000.0
31,20.0,Some college,Private,Divorced,Female,White,Yes,21000.0
58,50.0,High school,State government,Married,Female,White,Yes,55000.0
36,40.0,Bachelor degree,Private,Married,Male,Black,Yes,120000.0
58,42.0,High school,State government,Married,Male,White,Yes,47000.0
19,15.0,Some college,Private,Never married,Female,Black,Yes,9200.0
32,40.0,Associate degree,Private,Married,Female,White,Yes,33000.0
29,60.0,Graduate degree,Private,Never married,Male,White,Yes,130000.0
32,45.0,Some college,Private,Never married,Male,White,Yes,81600.0
27,40.0,Graduate degree,Private,Married,Male,White,Yes,85000.0
44,40.0,Bachelor degree,Local government,Married,Female,White,Yes,38000.0
26,40.0,Bachelor degree,Local government,Married,Female,Black,Yes,31000.0
42,15.0,High school,Self-employed,Divorced,Male,White,Yes,1200.0
17,12.0,No high school diploma,Private,Never married,Male,White,Yes,2000.0
55,40.0,No high school diploma,Private,Married,Male,White,Yes,36000.0
64,60.0,Graduate degree,Self-employed (incorporated),Married,Male,White,Yes,120000.0
60,48.0,Some college,Private,Married,Female,White,Yes,58000.0
28,40.0,Bachelor degree,State government,Never married,Male,Other or multiple,No,24000.0
65,60.0,Some college,Private,Married,Male,White,Yes,38000.0
59,60.0,High school,Private,Widowed,Female,Asian,No,24000.0
52,45.0,Bachelor degree,Private,Divorced,Female,White,Yes,55200.0
34,40.0,Bachelor degree,Private non-profit,Married,Female,Black,Yes,14000.0
30,40.0,Associate degree,Private,Married,Male,Black,Yes,37000.0
45,65.0,Bachelor degree,Private,Married,Male,White,Yes,551000.0
19,20.0,No high school diploma,Private,Never married,Female,White,Yes,500.0
17,15.0,No high school diploma,Private,Never married,Female,White,Yes,1500.0
48,40.0,High school,,Never married,Female,White,No,32000.0
33,70.0,High school,Self-employed (incorporated),Never married,Male,Black,Yes,25000.0
18,30.0,No high school diploma,Private,Never married,Female,White,Yes,12600.0
17,10.0,No high school diploma,Private non-profit,Never married,Male,White,Yes,460.0
35,36.0,Some college,Private,Never married,Male,Other or multiple,No,27000.0
52,25.0,Bachelor degree,Private,Married,Female,White,Yes,12000.0
29,40.0,High school,Private,Married,Male,White,Yes,30000.0
32,70.0,Bachelor degree,Federal government,Married,Male,White,Yes,90000.0
45,40.0,Graduate degree,Private non-profit,Married,Female,White,Yes,22800.0
52,35.0,High school,Private,Never married,Male,White,Yes,21900.0
32,45.0,Bachelor degree,Private,Never married,Female,Black,Yes,60000.0
57,20.0,High school,State government,Married,Female,White,Yes,9100.0
28,40.0,High school,Private,Married,Male,White,No,24000.0
62,40.0,High school,,Divorced,Female,White,Yes,27000.0
33,40.0,Some college,Private,Married,Female,Black,No,30500.0
59,45.0,Bachelor degree,Private,Married,Male,White,Yes,108000.0
65,20.0,Some college,Private,Never married,Female,Black,Yes,12000.0
17,40.0,No high school diploma,Private,Never married,Female,White,Yes,5600.0
43,40.0,Some college,Private,Married,Male,Black,Yes,16000.0
54,50.0,Bachelor degree,Private,Divorced,Male,White,Yes,70000.0
67,40.0,Some college,Private,Divorced,Male,White,Yes,77200.0
53,60.0,Some college,Self-employed (incorporated),Married,Male,White,Yes,14000.0
28,40.0,Bachelor degree,Private non-profit,Married,Female,White,Yes,40000.0
24,15.0,Associate degree,Private,Never married,Male,White,Yes,8200.0
21,20.0,Associate degree,Private,Never married,Female,White,No,12000.0
61,4.0,No high school diploma,Self-employed (incorporated),Married,Male,White,Yes,2700.0
24,40.0,High school,Private,Never married,Male,Black,Yes,12000.0
35,40.0,High school,Self-employed,Never married,Male,Other or multiple,Yes,30000.0
51,40.0,Graduate degree,State government,Married,Female,White,Yes,74000.0
30,40.0,Bachelor degree,Private,Married,Male,White,Yes,471000.0
51,40.0,High school,Private,Never married,Male,Black,Yes,19000.0
32,40.0,High school,Private,Married,Female,White,Yes,20000.0
21,12.0,Some college,State government,Never married,Male,White,Yes,2000.0
37,40.0,Bachelor degree,Private,Married,Male,White,Yes,50000.0
30,40.0,Bachelor degree,Private,Married,Male,White,Yes,52000.0
23,25.0,Bachelor degree,Private,Never married,Female,White,Yes,8600.0
48,45.0,Bachelor degree,Private non-profit,Married,Female,White,Yes,55000.0
46,50.0,Graduate degree,Self-employed (incorporated),Married,Male,White,No,60000.0
18,30.0,No high school diploma,Private,Never married,Female,White,Yes,2000.0
40,40.0,Some college,Private,Married,Female,Black,Yes,45000.0
82,60.0,Some college,Private non-profit,Married,Male,Black,No,35600.0
20,15.0,High school,Private non-profit,Never married,Female,White,Yes,1700.0
59,60.0,Bachelor degree,Local government,Married,Male,White,No,69100.0
69,40.0,Some college,State government,Married,Female,White,Yes,40500.0
21,12.0,Some college,Self-employed,Never married,Female,Other or multiple,Yes,4050.0
61,39.0,High school,Private non-profit,Never married,Female,Black,Yes,20000.0
21,25.0,Associate degree,Private,Never married,Female,White,Yes,10300.0
22,55.0,High school,Private,Never married,Male,White,Yes,22000.0
38,40.0,Graduate degree,Private,Married,Female,Asian,No,80000.0
51,40.0,High school,Private,Never married,Female,Black,Yes,20000.0
63,32.0,Graduate degree,Private non-profit,Married,Female,White,Yes,60000.0
44,50.0,Associate degree,Self-employed (incorporated),Married,Male,White,Yes,120000.0
46,40.0,Some college,Private,Never married,Female,Other or multiple,Yes,6330.0
62,4.0,High school,Self-employed,Married,Female,White,Yes,5600.0
49,50.0,Associate degree,Private,Married,Female,Black,Yes,45000.0
51,60.0,Bachelor degree,Private,Married,Male,White,No,80000.0
23,30.0,Some college,Private,Never married,Male,White,Yes,5000.0
57,50.0,Some college,Private,Married,Male,White,Yes,63000.0
79,25.0,Bachelor degree,Private,Married,Male,White,Yes,517800.0
59,50.0,Bachelor degree,Private,Married,Male,Black,Yes,72000.0
35,40.0,Bachelor degree,Private,Never married,Female,White,Yes,52000.0
32,40.0,High school,Private,Married,Female,White,No,20000.0
31,,No high school diploma,Private,Never married,Male,White,No,39200.0
44,40.0,Bachelor degree,Private,Married,Male,Asian,No,156500.0
20,20.0,Some college,Private,Never married,Male,White,Yes,10000.0
35,50.0,High school,Local government,Married,Female,Black,Yes,63600.0
43,40.0,No high school diploma,Private,Divorced,Male,White,Yes,10000.0
27,60.0,No high school diploma,Private,Never married,Female,Other or multiple,No,3800.0
39,40.0,Bachelor degree,Private,Married,Female,White,Yes,60000.0
35,,High school,Private,Married,Male,White,Yes,70000.0
38,12.0,High school,Private,Married,Male,Black,Yes,60000.0
66,37.0,Bachelor degree,Local government,Married,Female,Black,Yes,35600.0
43,35.0,Bachelor degree,Private,Married,Female,Other or multiple,No,4000.0
34,40.0,Some college,Private,Never married,Female,Black,Yes,25000.0
45,40.0,Bachelor degree,Private,Divorced,Male,Black,Yes,29000.0
58,45.0,High school,Self-employed (incorporated),Married,Male,White,Yes,60000.0
47,30.0,No high school diploma,Private,Married,Male,White,No,16000.0
43,70.0,Some college,Self-employed (incorporated),Married,Male,White,Yes,30000.0
45,35.0,Graduate degree,Private non-profit,Married,Female,White,Yes,36000.0
28,40.0,Bachelor degree,Private,Married,Male,White,Yes,40000.0
22,26.0,Some college,Private non-profit,Never married,Female,White,Yes,22000.0
28,40.0,Some college,Private,Married,Male,White,Yes,55000.0
55,40.0,Some college,Federal government,Divorced,Female,White,Yes,42000.0
32,40.0,High school,Private,Never married,Male,White,Yes,20000.0
66,40.0,Some college,,Never married,Female,Black,Yes,80000.0
42,35.0,High school,Self-employed (incorporated),Never married,Male,White,Yes,30000.0
65,40.0,Bachelor degree,Private,Married,Male,White,Yes,48000.0
37,72.0,High school,Private,Married,Male,Black,No,42600.0
34,40.0,Some college,Private,Married,Female,Black,No,1200.0
29,40.0,Graduate degree,Private non-profit,Widowed,Female,Other or multiple,No,64000.0
46,30.0,Bachelor degree,Local government,Separated,Female,White,Yes,14500.0
24,50.0,High school,Private,Never married,Male,White,Yes,20000.0
34,50.0,Bachelor degree,Private,Never married,Female,Black,Yes,22900.0
59,40.0,Some college,Private,Married,Male,White,Yes,60000.0
32,40.0,High school,Private,Married,Female,White,Yes,13000.0
24,35.0,Some college,Private,Never married,Male,Black,Yes,10000.0
50,40.0,Some college,Self-employed,Married,Female,White,Yes,10000.0
28,40.0,High school,Private,Never married,Male,White,Yes,46400.0
54,40.0,Some college,Private,Married,Female,White,Yes,40700.0
51,,Associate degree,Private,Divorced,Female,White,Yes,79000.0
46,40.0,Graduate degree,Private,Married,Male,Asian,No,125000.0
49,40.0,No high school diploma,Self-employed,Married,Male,White,Yes,150000.0
42,40.0,Graduate degree,Local government,Never married,Female,Black,Yes,33000.0
43,40.0,Bachelor degree,Local government,Married,Male,White,Yes,42000.0
28,40.0,Graduate degree,Private,Never married,Female,White,Yes,40000.0
55,33.0,,Private,Married,Female,White,Yes,15000.0
43,45.0,Graduate degree,State government,Married,Male,White,Yes,97200.0
68,60.0,Some college,Self-employed (incorporated),Married,Male,Black,Yes,150000.0
69,40.0,Some college,Private,Married,Female,White,Yes,114010.0
53,40.0,Some college,Private,Married,Male,White,Yes,60000.0
65,40.0,High school,Private,Divorced,Male,White,Yes,19540.0
47,40.0,Some college,Private,Married,Male,White,Yes,75000.0
49,35.0,Some college,Private,Married,Male,Asian,No,30000.0
65,38.0,Some college,Self-employed (incorporated),Married,Female,White,Yes,20000.0
43,50.0,Graduate degree,Self-employed (incorporated),Married,Male,White,Yes,92000.0
52,40.0,Graduate degree,Self-employed (incorporated),Divorced,Female,White,Yes,28900.0
46,25.0,Bachelor degree,Private,Married,Female,White,Yes,35000.0
55,40.0,High school,Private,Married,Female,White,Yes,32000.0
28,40.0,Bachelor degree,Private,Never married,Female,Asian,No,54000.0
42,40.0,Graduate degree,State government,Married,Male,White,No,59000.0
58,45.0,Some college,Private,Divorced,Female,White,Yes,42000.0
30,40.0,No high school diploma,Private,Never married,Female,Black,Yes,20000.0
48,40.0,High school,Federal government,Divorced,Female,Black,Yes,30000.0
41,15.0,Some college,Private,Married,Female,White,Yes,16000.0
39,50.0,Bachelor degree,Private,Married,Male,White,Yes,60000.0
62,11.0,Associate degree,Private,Married,Male,White,Yes,30000.0
83,2.0,High school,Private,Married,Male,White,Yes,28300.0
53,40.0,Some college,Private,Married,Female,White,Yes,75000.0
54,40.0,High school,Private,Never married,Male,Black,Yes,38000.0
53,40.0,High school,,Never married,Male,White,Yes,27000.0
39,40.0,Graduate degree,Private,Married,Male,Asian,No,105000.0
58,40.0,Bachelor degree,Private,Married,Female,Asian,No,117000.0
19,6.0,Some college,Private,Never married,Female,Asian,Yes,500.0
24,49.0,Some college,Private,Never married,Female,White,Yes,33400.0
31,40.0,Graduate degree,Private,Married,Female,Black,Yes,40000.0
46,40.0,Some college,Federal government,Widowed,Male,White,Yes,64000.0
61,40.0,Bachelor degree,Federal government,Never married,Female,Black,Yes,69000.0
60,40.0,Associate degree,Private,Widowed,Male,Black,No,52000.0
55,38.0,High school,Private,Never married,Female,Other or multiple,No,28500.0
44,40.0,Bachelor degree,Private,Married,Male,White,Yes,130000.0
40,50.0,Some college,Private,Married,Male,White,Yes,85300.0
59,50.0,Graduate degree,Private,Married,Male,White,Yes,471000.0
27,50.0,Bachelor degree,Private,Never married,Female,Other or multiple,Yes,65000.0
65,60.0,Graduate degree,Private,Married,Male,White,Yes,92000.0
43,40.0,Some college,Private,Married,Female,White,Yes,66000.0
27,40.0,Bachelor degree,Private,Never married,Male,Black,Yes,25000.0
48,40.0,High school,Private,Married,Male,White,Yes,60000.0
35,40.0,Bachelor degree,Private,Divorced,Female,Black,Yes,5000.0
36,50.0,Graduate degree,Private,Never married,Male,Black,Yes,106000.0
18,15.0,No high school diploma,Private,Never married,Male,White,Yes,5000.0
52,50.0,Bachelor degree,Self-employed,Married,Female,White,Yes,35000.0
50,50.0,High school,Private,Married,Male,White,Yes,100000.0
46,25.0,Some college,Private,Never married,Male,Black,Yes,24300.0
52,,Graduate degree,State government,Married,Female,White,Yes,48150.0
57,60.0,Some college,Private non-profit,Married,Male,White,Yes,110000.0
54,38.0,Bachelor degree,Private,Divorced,Male,Other or multiple,No,12000.0
59,20.0,High school,Private,Married,Female,White,Yes,30000.0
39,50.0,Graduate degree,Local government,Married,Male,White,Yes,75000.0
37,,Bachelor degree,Private,Married,Female,Black,No,34000.0
41,45.0,No high school diploma,Private,Married,Female,White,No,31000.0
23,40.0,Some college,Local government,Divorced,Male,White,Yes,20000.0
65,40.0,High school,Private,Married,Female,Black,Yes,49000.0
39,40.0,Bachelor degree,Local government,Married,Male,White,Yes,51000.0
65,40.0,Bachelor degree,Private non-profit,Married,Female,White,Yes,61000.0
19,12.0,Some college,Private,Never married,Female,White,Yes,1200.0
32,30.0,Graduate degree,Private,Married,Male,White,Yes,25000.0
31,50.0,Some college,,Married,Male,White,Yes,48000.0
70,15.0,Bachelor degree,Private,Married,Male,White,Yes,96300.0
26,40.0,Associate degree,Private,Never married,Male,Black,Yes,26000.0
54,45.0,High school,State government,Married,Male,White,Yes,50000.0
40,40.0,High school,Private,Divorced,Male,White,Yes,50000.0
47,40.0,Graduate degree,Local government,Never married,Female,Black,No,120000.0
24,,Some college,Private,Never married,Male,White,No,15000.0
20,20.0,High school,Private,Never married,Female,Black,Yes,5000.0
41,40.0,Some college,Private,Married,Female,Black,Yes,36400.0
18,8.0,High school,Private,Never married,Female,White,Yes,1600.0
47,40.0,Graduate degree,Private,Married,Male,Black,No,80000.0
56,50.0,Associate degree,State government,Married,Female,White,Yes,35000.0
23,30.0,Associate degree,Private,Never married,Male,White,Yes,600.0
49,40.0,Bachelor degree,Private,Married,Male,White,Yes,155000.0
24,45.0,,Private,Never married,Male,Other or multiple,Yes,16500.0
67,40.0,High school,Local government,Married,Female,White,Yes,64000.0
47,40.0,High school,Private,Married,Male,Other or multiple,No,32000.0
42,40.0,Graduate degree,Private,Married,Female,Asian,No,95000.0
37,45.0,Bachelor degree,Private,Married,Female,White,Yes,32000.0
34,40.0,High school,Private,Never married,Male,Black,Yes,1900.0
55,30.0,Graduate degree,Private,Married,Female,White,Yes,17620.0
35,40.0,Some college,Private non-profit,Married,Female,White,Yes,97000.0
65,15.0,High school,Private,Married,Male,Asian,No,33400.0
18,15.0,High school,Private,Never married,Female,Black,Yes,5000.0
60,21.0,High school,Private,Divorced,Female,White,Yes,16400.0
40,40.0,Graduate degree,State government,Married,Female,White,Yes,55000.0
41,16.0,Bachelor degree,State government,Divorced,Female,Black,Yes,11200.0
49,50.0,No high school diploma,,Separated,Male,White,No,30000.0
32,36.0,Bachelor degree,Private,Married,Female,Asian,No,46000.0
59,,High school,Private,Widowed,Female,White,Yes,24700.0
33,50.0,Graduate degree,,Never married,Male,White,Yes,90000.0
61,4.0,Some college,Private,Divorced,Female,Black,Yes,36000.0
44,45.0,High school,Self-employed,Married,Female,Asian,No,18000.0
51,40.0,Bachelor degree,Private,Married,Male,White,Yes,175000.0
69,40.0,Graduate degree,Private,Married,Female,White,Yes,99400.0
49,40.0,Associate degree,Private,Married,Female,White,Yes,28700.0
42,40.0,Some college,Private,Married,Male,White,Yes,67000.0
34,24.0,Bachelor degree,Private,Married,Female,White,Yes,35000.0
30,54.0,High school,Self-employed,Never married,Female,Black,Yes,3760.0
23,30.0,Some college,Private,Never married,Female,Other or multiple,Yes,13300.0
36,55.0,No high school diploma,Private,Married,Male,White,Yes,170000.0
29,40.0,High school,Private,Married,Male,White,Yes,50000.0
69,20.0,Bachelor degree,Self-employed,Widowed,Male,Black,Yes,1600.0
64,,Associate degree,Federal government,Divorced,Male,White,Yes,45000.0
59,40.0,Some college,Private,Divorced,Male,Black,Yes,55000.0
61,35.0,Some college,Private,Married,Male,White,Yes,39000.0
57,50.0,Graduate degree,Private non-profit,Married,Male,White,Yes,125000.0
32,25.0,Some college,Private,Divorced,Female,White,Yes,16000.0
66,70.0,No high school diploma,Self-employed,Divorced,Male,White,Yes,26100.0
45,65.0,Bachelor degree,Local government,Married,Male,White,Yes,80000.0
48,30.0,Bachelor degree,Self-employed (incorporated),Married,Female,White,Yes,125000.0
42,30.0,Some college,Private,Never married,Female,White,Yes,1000.0
57,50.0,Graduate degree,Private non-profit,Married,Male,White,Yes,248500.0
51,,High school,Private,Married,Male,White,Yes,40000.0
20,5.0,Some college,Private,Never married,Female,White,Yes,2010.0
69,15.0,No high school diploma,Local government,Never married,Male,White,Yes,16700.0
42,10.0,Bachelor degree,Private,Married,Female,White,Yes,9500.0
41,45.0,Bachelor degree,Private,Married,Male,Asian,No,190000.0
45,40.0,High school,Private,Never married,Male,Black,Yes,12000.0
25,40.0,Some college,Private,Never married,Female,Black,Yes,2400.0
42,60.0,No high school diploma,Self-employed,Married,Male,White,No,43000.0
38,40.0,Graduate degree,Private,Married,Male,Black,Yes,65000.0
28,24.0,Some college,Private,Never married,Female,White,Yes,20000.0
32,60.0,,Private non-profit,Married,Male,Asian,No,24000.0
47,50.0,,Private,Married,Male,White,Yes,250000.0
54,40.0,Some college,Private,Married,Female,Black,Yes,32000.0
61,40.0,Some college,Private,Married,Female,White,Yes,60000.0
43,40.0,Associate degree,Private,Never married,Male,Black,Yes,9600.0
47,45.0,Graduate degree,Private,Married,Male,Asian,No,165000.0
41,40.0,Associate degree,Federal government,Married,Male,Black,Yes,45000.0
53,40.0,No high school diploma,Private,Married,Male,White,No,29000.0
35,40.0,Some college,Private,Never married,Male,Black,Yes,25000.0
55,32.0,,Private,Married,Female,White,Yes,36400.0
23,25.0,High school,Private,Never married,Male,White,Yes,8000.0
44,40.0,Some college,State government,Married,Female,White,Yes,15000.0
30,51.0,No high school diploma,Private,Never married,Female,Black,Yes,10000.0
41,60.0,No high school diploma,Private,Married,Male,White,No,60000.0
47,50.0,Graduate degree,Private,Married,Male,White,Yes,150000.0
51,50.0,Bachelor degree,Local government,Divorced,Male,Black,Yes,104000.0
47,30.0,Graduate degree,Private,Widowed,Female,White,Yes,120800.0
28,70.0,High school,Private,Never married,Female,White,Yes,44000.0
53,45.0,Bachelor degree,Private,Married,Male,Other or multiple,Yes,125000.0
44,42.0,Bachelor degree,Private,Married,Male,White,Yes,471120.0
35,40.0,High school,Private,Never married,Male,Black,Yes,80000.0
30,50.0,Some college,Private,Never married,Male,White,Yes,40000.0
47,40.0,Associate degree,Self-employed,Married,Female,White,Yes,38000.0
35,45.0,Graduate degree,Local government,Married,Male,White,Yes,65000.0
32,55.0,Bachelor degree,Private,Married,Male,White,Yes,200000.0
52,45.0,High school,Private,Divorced,Female,White,Yes,48000.0
58,40.0,High school,Federal government,Married,Female,White,Yes,30000.0
34,30.0,Associate degree,Self-employed,Married,Female,White,Yes,5800.0
29,,High school,Private,Married,Male,Asian,No,15600.0
21,30.0,Some college,Private,Never married,Female,White,Yes,1000.0
43,45.0,Associate degree,Self-employed (incorporated),Married,Male,Black,Yes,47000.0
38,40.0,Associate degree,State government,Never married,Female,Black,Yes,33000.0
52,40.0,High school,Private,Married,Female,Asian,No,24000.0
19,50.0,No high school diploma,Private,Never married,Male,White,No,16000.0
40,40.0,Graduate degree,,Divorced,Female,Black,Yes,59000.0
19,20.0,Some college,Private non-profit,Never married,Female,White,Yes,560.0
64,40.0,Some college,Self-employed (incorporated),Married,Female,White,Yes,44000.0
27,40.0,Some college,Private,Never married,Male,White,Yes,40700.0
48,40.0,Graduate degree,Federal government,Married,Male,White,Yes,120000.0
50,40.0,Graduate degree,Private,Married,Female,White,No,42000.0
33,40.0,Associate degree,Private,Married,Female,White,Yes,38100.0
60,50.0,High school,Self-employed,Married,Male,White,No,100100.0
56,65.0,,Private non-profit,Married,Female,White,Yes,71000.0
29,35.0,High school,Private,Never married,Female,White,Yes,8000.0
46,20.0,Bachelor degree,Private,Married,Female,White,Yes,20000.0
33,40.0,Some college,Private,Married,Female,White,Yes,22000.0
20,10.0,High school,Private,Never married,Male,Other or multiple,Yes,19000.0
34,20.0,Bachelor degree,Self-employed,Never married,Female,White,Yes,3000.0
58,,No high school diploma,Private,Divorced,Male,White,Yes,27000.0
27,84.0,High school,State government,Never married,Female,White,No,20000.0
50,40.0,High school,Self-employed,Married,Male,White,Yes,50000.0
28,36.0,Bachelor degree,,Never married,Female,White,Yes,45000.0
43,50.0,High school,Private,Married,Male,White,Yes,60000.0
33,55.0,Graduate degree,Private,Married,Female,White,Yes,140000.0
54,40.0,High school,Private,Married,Female,White,Yes,14000.0
18,10.0,,Private,Never married,Male,White,Yes,500.0
24,40.0,Bachelor degree,Local government,Never married,Female,Black,Yes,37700.0
53,40.0,Bachelor degree,Private,Married,Female,White,Yes,82600.0
39,32.0,Graduate degree,Self-employed (incorporated),Never married,Female,Black,Yes,41000.0
22,4.0,Some college,State government,Never married,Male,Black,No,400.0
48,,,State government,Married,Female,White,Yes,20000.0
37,40.0,,Private,Married,Female,White,No,22000.0
55,40.0,Graduate degree,Private non-profit,Married,Male,Black,No,81200.0
23,32.0,Some college,Private,Never married,Female,White,Yes,15000.0
49,40.0,Bachelor degree,Private,Divorced,Female,White,Yes,126000.0
27,40.0,Bachelor degree,Private,Married,Male,White,Yes,75170.0
17,15.0,No high school diploma,Private,Never married,Female,White,Yes,800.0
62,21.0,Graduate degree,Private,Divorced,Female,Black,Yes,32000.0
52,55.0,High school,,Married,Male,White,No,106000.0
44,50.0,Graduate degree,Private,Married,Female,Asian,No,130000.0
25,36.0,Some college,Federal government,Never married,Female,White,Yes,38000.0
65,35.0,No high school diploma,Private,Divorced,Female,Black,Yes,27400.0
35,40.0,Bachelor degree,Private,Married,Male,Black,Yes,21000.0
25,40.0,Some college,Private,Never married,Male,White,Yes,45000.0
20,40.0,,Private,Married,Male,White,Yes,31000.0
51,40.0,Associate degree,Private,Married,Male,White,Yes,58000.0
20,40.0,High school,Private,Never married,Male,White,Yes,20300.0
59,48.0,Associate degree,Self-employed,Divorced,Male,White,Yes,82000.0
46,40.0,High school,Private,Married,Female,White,Yes,35000.0
31,20.0,Associate degree,Private,Married,Female,White,Yes,10000.0
30,40.0,Associate degree,Private,Divorced,Female,White,Yes,25000.0
28,40.0,Some college,Private,Never married,Female,Black,Yes,18000.0
46,60.0,Bachelor degree,Private,Married,Male,Black,Yes,102000.0
49,40.0,Graduate degree,Private,Married,Female,Asian,No,90000.0
35,55.0,Graduate degree,Private,Never married,Male,White,Yes,80000.0
56,40.0,High school,Private,Married,Male,White,Yes,80000.0
27,45.0,Bachelor degree,Private,Never married,Male,White,No,68000.0
22,30.0,High school,Private,Never married,Male,White,Yes,20000.0
33,40.0,Some college,Private,Married,Male,White,Yes,85000.0
42,40.0,Bachelor degree,Private,Married,Male,White,Yes,180000.0
68,55.0,Bachelor degree,Private non-profit,Married,Male,White,Yes,65000.0
26,30.0,Bachelor degree,Self-employed,Married,Female,White,Yes,5900.0
20,12.0,No high school diploma,,Never married,Male,Black,Yes,2100.0
34,40.0,Bachelor degree,,Never married,Female,White,Yes,28000.0
41,40.0,Graduate degree,Local government,Married,Female,Black,Yes,96000.0
31,20.0,High school,Self-employed (incorporated),Married,Female,White,No,13000.0
63,45.0,Graduate degree,Local government,Divorced,Female,Black,Yes,92500.0
37,65.0,Some college,Self-employed (incorporated),Married,Male,White,Yes,20000.0
59,40.0,High school,Private,Married,Female,White,Yes,28600.0
54,40.0,Graduate degree,Private,Married,Male,White,Yes,30000.0
61,30.0,High school,Private,Married,Male,White,Yes,33000.0
38,10.0,Some college,Self-employed,Married,Female,White,Yes,7500.0
45,36.0,High school,Private,Married,Female,White,Yes,4900.0
75,8.0,Some college,Self-employed,Married,Female,White,Yes,12200.0
27,40.0,High school,Private,Never married,Female,White,Yes,17200.0
47,24.0,Bachelor degree,Private,Married,Female,White,Yes,49000.0
36,40.0,Associate degree,Private,Married,Female,Black,Yes,31000.0
65,37.0,Associate degree,Federal government,Married,Male,White,Yes,51000.0
58,44.0,Bachelor degree,Private,Divorced,Female,White,Yes,128500.0
39,20.0,High school,Private,Married,Male,White,Yes,16400.0
68,30.0,Bachelor degree,Self-employed,Widowed,Female,White,Yes,75500.0
55,72.0,Associate degree,Self-employed,Married,Male,Black,Yes,3000.0
44,60.0,Bachelor degree,Private,Never married,Male,Black,Yes,70000.0
52,50.0,Bachelor degree,Private,Married,Female,White,Yes,100150.0
45,40.0,High school,Private,Never married,Male,White,Yes,36040.0
31,1.0,No high school diploma,Private,Married,Female,White,Yes,500.0
45,80.0,High school,Private,Divorced,Male,White,Yes,45000.0
22,26.0,High school,,Never married,Female,White,Yes,17900.0
49,50.0,High school,Private,Married,Male,White,Yes,93000.0
61,55.0,Bachelor degree,Private,Married,Male,White,Yes,471000.0
30,40.0,No high school diploma,Private,Never married,Male,White,Yes,38000.0
43,60.0,Graduate degree,Federal government,Married,Male,White,Yes,63600.0
19,15.0,Some college,Private,Never married,Male,Black,Yes,10000.0
37,60.0,Graduate degree,Private,Never married,Male,White,Yes,8000.0
18,40.0,High school,Private,Never married,Female,White,Yes,7500.0
57,44.0,High school,Private,Married,Female,White,Yes,41000.0
31,40.0,High school,Private,Never married,Male,White,Yes,40000.0
32,99.0,Bachelor degree,,Married,Female,White,Yes,44000.0
43,40.0,Graduate degree,Private,Married,Male,White,Yes,93000.0
59,50.0,Bachelor degree,Self-employed (incorporated),Married,Male,White,Yes,177000.0
59,40.0,No high school diploma,Private,Married,Female,Black,Yes,42900.0
58,36.0,High school,Private,Married,Female,White,Yes,44900.0
53,55.0,Graduate degree,State government,Married,Female,White,Yes,55000.0
35,40.0,High school,Private,Divorced,Male,Black,Yes,61000.0
55,40.0,High school,Self-employed (incorporated),Married,Female,White,Yes,81000.0
48,50.0,Bachelor degree,Self-employed,Married,Male,White,Yes,311000.0
30,40.0,Some college,Private,Never married,Female,White,Yes,52000.0
27,40.0,High school,Self-employed (incorporated),Never married,Male,Black,Yes,60000.0
60,45.0,Associate degree,Private,Married,Female,White,Yes,76000.0
26,40.0,Bachelor degree,Private,Never married,Female,White,Yes,87000.0
51,50.0,High school,Federal government,Married,Male,Black,Yes,70000.0
28,40.0,Bachelor degree,Private,Married,Female,White,Yes,45000.0
34,45.0,No high school diploma,Private non-profit,Married,Male,White,Yes,36400.0
35,40.0,Graduate degree,Federal government,Married,Female,White,Yes,65000.0
57,50.0,Bachelor degree,Private,Married,Male,Asian,No,90000.0
33,40.0,Bachelor degree,,Married,Female,White,Yes,75000.0
45,40.0,Bachelor degree,Federal government,Married,Male,White,No,80000.0
41,40.0,High school,Federal government,Divorced,Male,White,Yes,68500.0
47,30.0,High school,Private,Married,Female,Black,Yes,100000.0
49,40.0,Graduate degree,Federal government,Divorced,Male,White,Yes,117000.0
48,60.0,Some college,Self-employed (incorporated),Divorced,Male,White,Yes,52100.0
57,45.0,No high school diploma,Self-employed (incorporated),Divorced,Male,White,Yes,50000.0
17,40.0,No high school diploma,Private,Never married,Male,White,Yes,4000.0
27,12.0,No high school diploma,Private,Widowed,Male,White,Yes,5000.0
20,20.0,Some college,Local government,Never married,Male,White,Yes,500.0
70,60.0,High school,Private,Divorced,Female,Black,Yes,45800.0
53,38.0,No high school diploma,Private,Married,Male,White,No,25000.0
24,60.0,Bachelor degree,Private,Never married,Male,White,Yes,143000.0
49,35.0,Associate degree,Private,Married,Female,Black,Yes,11300.0
56,50.0,High school,Private,Married,Female,White,Yes,36000.0
55,40.0,Bachelor degree,Private,Married,Male,Asian,No,30000.0
18,30.0,No high school diploma,Local government,Married,Female,Asian,Yes,14600.0
57,42.0,Bachelor degree,,Never married,Female,White,Yes,32000.0
25,42.0,Some college,Private,Never married,Female,Other or multiple,Yes,28000.0
32,35.0,High school,State government,Married,Female,White,Yes,18000.0
70,6.0,Bachelor degree,Private,Married,Male,White,Yes,13000.0
37,40.0,Some college,Private,Never married,Male,Black,No,43000.0
46,,Associate degree,State government,Divorced,Female,White,Yes,60000.0
73,40.0,High school,State government,Widowed,Female,White,Yes,23100.0
43,40.0,High school,Self-employed,Married,Female,White,Yes,40000.0
34,40.0,No high school diploma,Private,Married,Male,White,No,33000.0
42,40.0,Bachelor degree,Private,Married,Female,White,No,75000.0
43,8.0,Some college,Self-employed,Married,Male,White,Yes,17000.0
49,40.0,Graduate degree,Local government,Married,Female,Black,Yes,56000.0
39,20.0,Some college,Private,Married,Male,White,Yes,15000.0
67,40.0,Some college,Self-employed,Married,Female,White,Yes,82800.0
36,8.0,No high school diploma,Private,Never married,Female,White,No,600.0
38,16.0,High school,Private,Never married,Female,Black,Yes,20000.0
34,14.0,High school,Private,Never married,Male,White,Yes,2400.0
39,40.0,Associate degree,Local government,Married,Male,Black,Yes,48000.0
63,40.0,Bachelor degree,Self-employed (incorporated),Married,Male,White,Yes,782000.0
61,40.0,Associate degree,Private,Married,Female,White,Yes,48000.0
29,40.0,Graduate degree,State government,Married,Female,White,No,51000.0
36,20.0,Some college,Local government,Married,Female,Other or multiple,Yes,2600.0
59,45.0,Bachelor degree,,Divorced,Female,White,Yes,60000.0
25,40.0,Some college,Unpaid family work,Married,Male,Other or multiple,Yes,8000.0
50,40.0,Graduate degree,Private,Married,Female,Black,Yes,30000.0
50,,Bachelor degree,Private,Married,Male,Black,Yes,94000.0
58,40.0,Associate degree,Private non-profit,Married,Female,Black,Yes,21000.0
60,52.0,Bachelor degree,Private,Widowed,Male,White,Yes,70000.0
26,60.0,Some college,Private,Married,Female,Black,Yes,35000.0
28,80.0,Bachelor degree,Federal government,Married,Male,White,Yes,100000.0
27,40.0,High school,Private,Never married,Female,White,Yes,38000.0
28,40.0,Graduate degree,State government,Married,Female,Other or multiple,Yes,32000.0
59,30.0,High school,Private,Married,Female,Asian,No,25000.0
47,42.0,Graduate degree,Private,Married,Male,White,Yes,88100.0
72,40.0,Bachelor degree,Self-employed (incorporated),Married,Male,White,Yes,576000.0
20,34.0,Some college,Private,Never married,Female,White,Yes,15500.0
18,40.0,No high school diploma,Private,Never married,Male,White,No,7800.0
52,40.0,Graduate degree,Private,Married,Male,White,Yes,180000.0
81,45.0,Bachelor degree,Private,Widowed,Female,Black,Yes,135000.0
57,25.0,Some college,Private,Separated,Female,Black,Yes,52800.0
35,,Bachelor degree,Private,Married,Male,White,Yes,125000.0
30,40.0,Some college,Private,Separated,Female,Black,Yes,20800.0
52,40.0,Bachelor degree,Self-employed (incorporated),Married,Female,White,Yes,48000.0
62,50.0,Bachelor degree,Local government,Married,Female,White,Yes,48000.0
50,99.0,High school,Local government,Divorced,Female,White,Yes,38000.0
37,45.0,Some college,Private,Never married,Male,Other or multiple,Yes,46000.0
50,60.0,High school,State government,Married,Male,Black,No,50000.0
62,57.0,Some college,Private,Divorced,Female,White,Yes,54000.0
45,40.0,Some college,Self-employed (incorporated),Married,Male,White,Yes,44400.0
49,40.0,High school,,Widowed,Male,Black,Yes,21000.0
22,55.0,Some college,Private,Married,Female,White,Yes,15000.0
42,40.0,Bachelor degree,Local government,Divorced,Female,White,Yes,17000.0
17,10.0,No high school diploma,Private,Married,Female,Asian,No,500.0
61,60.0,Some college,Self-employed (incorporated),Married,Male,White,Yes,25000.0
59,43.0,Some college,,Married,Male,Black,Yes,73000.0
25,35.0,Some college,Private,Married,Female,White,Yes,24100.0
67,50.0,Associate degree,State government,Married,Female,White,Yes,40000.0
48,60.0,Graduate degree,Self-employed (incorporated),Married,Male,White,Yes,60000.0
40,40.0,High school,Private,Married,Female,White,No,48800.0
22,40.0,High school,Private,Never married,Male,White,No,20000.0
47,50.0,Bachelor degree,Private,Married,Female,White,Yes,105000.0
59,45.0,Associate degree,Private,Married,Male,White,Yes,156000.0
59,50.0,No high school diploma,Self-employed (incorporated),Married,Male,White,Yes,52700.0
20,,Some college,Private,Never married,Female,Asian,No,10000.0
68,10.0,Some college,Private,Married,Female,White,Yes,11400.0
35,40.0,,State government,Married,Male,White,Yes,40000.0
29,60.0,High school,Federal government,Married,Male,White,Yes,38000.0
39,60.0,High school,Private,Divorced,Male,Asian,No,24000.0
51,60.0,Bachelor degree,Private,Married,Female,White,Yes,110000.0
19,40.0,High school,Private,Never married,Male,Other or multiple,Yes,2500.0
48,70.0,High school,Private,Married,Male,White,No,38400.0
43,55.0,Graduate degree,Private non-profit,Married,Male,White,Yes,471000.0
45,40.0,Associate degree,State government,Divorced,Male,White,Yes,36000.0
63,16.0,Some college,Private,Married,Male,White,Yes,44000.0
45,40.0,Graduate degree,Federal government,Married,Male,Black,No,140000.0
28,30.0,No high school diploma,Private,Married,Female,White,No,18200.0
50,45.0,Graduate degree,Private non-profit,Separated,Female,Black,No,63000.0
40,40.0,Bachelor degree,Private,Married,Male,Black,Yes,30000.0
25,40.0,High school,Private,Never married,Male,Black,Yes,16000.0
25,20.0,No high school diploma,Private,Never married,Female,White,Yes,15500.0
43,50.0,Graduate degree,,Married,Male,White,Yes,110000.0
44,60.0,Graduate degree,Private,Married,Male,White,No,145000.0
28,40.0,Associate degree,Private,Married,Male,White,Yes,50000.0
23,16.0,Bachelor degree,State government,Never married,Male,White,Yes,4800.0
65,15.0,No high school diploma,Self-employed,Never married,Female,Black,Yes,19100.0
35,,Bachelor degree,Private,Never married,Female,Black,Yes,42000.0
18,40.0,No high school diploma,Private,Never married,Male,White,No,3900.0
25,40.0,Bachelor degree,Private,Married,Female,Asian,No,63000.0
22,20.0,Some college,Private,Never married,Male,White,Yes,9000.0
52,25.0,High school,Private,Married,Female,White,Yes,10000.0
30,40.0,Bachelor degree,Private,Never married,Female,Black,Yes,34000.0
23,30.0,No high school diploma,Private,Married,Male,White,Yes,10000.0
28,45.0,Bachelor degree,Private,Never married,Male,White,Yes,35000.0
17,16.0,No high school diploma,Private,Never married,Male,White,Yes,400.0
50,40.0,High school,,Divorced,Male,Black,Yes,28000.0
22,40.0,High school,Private,Never married,Male,White,Yes,13000.0
27,30.0,Some college,Private,Married,Female,White,Yes,14400.0
47,40.0,High school,Federal government,Married,Male,Black,Yes,89000.0
52,,High school,Private,Never married,Female,White,Yes,16000.0
18,25.0,No high school diploma,Private,Never married,Female,White,Yes,12000.0
30,50.0,Some college,Private,Divorced,Male,White,Yes,40000.0
41,50.0,Bachelor degree,Private,Married,Female,White,Yes,90000.0
36,40.0,High school,Private,Never married,Male,Black,Yes,3000.0
26,40.0,High school,Private,Married,Male,White,Yes,40000.0
47,50.0,Some college,Self-employed (incorporated),Divorced,Female,White,Yes,105000.0
67,4.0,Graduate degree,Local government,Married,Female,White,Yes,70000.0
57,50.0,Graduate degree,State government,Married,Male,White,Yes,250000.0
23,12.0,Bachelor degree,State government,Never married,Female,White,Yes,15000.0
56,58.0,Bachelor degree,Private,Married,Male,White,Yes,121800.0
19,24.0,Some college,Private,Never married,Female,White,Yes,9800.0
28,30.0,Some college,Private,Separated,Male,White,Yes,30000.0
18,20.0,High school,Private,Never married,Female,White,Yes,4000.0
56,40.0,Associate degree,Private,Married,Female,White,Yes,29000.0
28,40.0,Bachelor degree,Private,Married,Female,White,Yes,30000.0
45,40.0,High school,Private,Separated,Female,White,Yes,50000.0
40,40.0,,Private,Never married,Female,White,Yes,65000.0
19,24.0,High school,Private,Married,Male,White,Yes,3000.0
36,57.0,Graduate degree,Self-employed,Married,Male,White,Yes,15000.0
50,44.0,No high school diploma,Private,Divorced,Female,White,No,34000.0
25,,Bachelor degree,,Never married,Female,White,Yes,55000.0
34,15.0,No high school diploma,Private,Never married,Female,White,Yes,11100.0
43,15.0,No high school diploma,Private,Married,Female,White,Yes,9000.0
46,24.0,Bachelor degree,Private,Married,Male,Black,Yes,14000.0
55,60.0,Some college,Private,Married,Male,White,Yes,120000.0
61,40.0,Some college,Local government,Married,Female,White,Yes,331000.0
20,40.0,No high school diploma,Private,Never married,Male,White,Yes,14000.0
50,40.0,High school,Private,Married,Male,White,Yes,90000.0
66,50.0,High school,Private,Married,Male,Black,Yes,60600.0
46,50.0,High school,Local government,Married,Male,White,No,28400.0
47,40.0,Some college,Private,Married,Male,Black,Yes,65000.0
22,25.0,Some college,Private,Never married,Female,White,Yes,15600.0
45,40.0,High school,Private,Divorced,Female,Asian,No,22900.0
22,30.0,High school,Private,Never married,Male,White,Yes,10000.0
23,20.0,Associate degree,Private,Never married,Male,White,Yes,5000.0
56,40.0,,Self-employed (incorporated),Married,Male,White,Yes,55000.0
63,60.0,High school,Private,Married,Male,Black,Yes,100000.0
38,40.0,Bachelor degree,Private,Married,Female,Asian,No,35000.0
65,60.0,Graduate degree,Self-employed (incorporated),Married,Male,White,Yes,475000.0
28,40.0,High school,Private,Married,Male,Black,No,22000.0
20,24.0,Some college,,Never married,Male,White,Yes,22500.0
60,40.0,Graduate degree,State government,Divorced,Female,Black,No,75000.0
24,7.0,Associate degree,Private,Never married,Female,Black,Yes,110.0
37,5.0,Associate degree,Self-employed,Never married,Male,White,Yes,11700.0
27,40.0,Bachelor degree,Private non-profit,Married,Male,White,Yes,31600.0
31,30.0,High school,Self-employed,Never married,Male,Black,Yes,15000.0
63,,No high school diploma,Self-employed,Married,Male,White,Yes,18500.0
53,40.0,,Private,Married,Male,White,Yes,177000.0
51,46.0,Graduate degree,Federal government,Married,Female,White,Yes,82000.0
56,45.0,No high school diploma,Self-employed (incorporated),Married,Male,White,Yes,50000.0
34,40.0,Graduate degree,Private,Married,Male,Asian,No,80000.0
31,,Bachelor degree,State government,Never married,Female,Black,Yes,38000.0
35,45.0,Bachelor degree,Private,Married,Male,Asian,No,138000.0
32,45.0,No high school diploma,Private,Married,Male,White,No,50000.0
36,45.0,Associate degree,Private,Married,Female,White,No,65000.0
51,65.0,High school,Private,Married,Male,Black,Yes,32000.0
22,25.0,,Private,Never married,Female,White,Yes,4000.0
31,40.0,Graduate degree,State government,Never married,Female,Black,Yes,47000.0
33,40.0,Some college,Private,Never married,Female,Black,Yes,61000.0
45,20.0,High school,Private,Married,Female,Other or multiple,No,18000.0
41,16.0,No high school diploma,Private,Married,Female,White,Yes,3400.0
34,60.0,No high school diploma,Private,Never married,Male,White,No,41000.0
43,45.0,Graduate degree,Private,Married,Female,White,Yes,75000.0
50,40.0,Bachelor degree,Private,Married,Female,White,Yes,100000.0
52,30.0,No high school diploma,Private,Divorced,Female,Black,Yes,2000.0
28,40.0,Some college,Self-employed,Never married,Male,Black,Yes,10000.0
62,40.0,Bachelor degree,State government,Married,Female,White,Yes,34500.0
19,41.0,Some college,Private,Never married,Male,Black,Yes,6100.0
33,50.0,Bachelor degree,Private,Married,Female,White,Yes,60000.0
43,,High school,Private,Never married,Female,White,Yes,42000.0
47,45.0,Bachelor degree,Private,Married,Male,White,Yes,58500.0
19,40.0,No high school diploma,Private,Never married,Male,White,Yes,29500.0
31,,Some college,Private,Married,Male,White,No,70000.0
59,60.0,No high school diploma,Private,Married,Male,Asian,Yes,28000.0
33,40.0,High school,Local government,Divorced,Female,White,Yes,20000.0
34,25.0,Associate degree,Unpaid family work,Never married,Male,Other or multiple,No,2200.0
70,4.0,Associate degree,Self-employed,Married,Female,White,Yes,12000.0
49,50.0,No high school diploma,Private,Separated,Male,White,Yes,60000.0
47,40.0,Graduate degree,Local government,Married,Female,Black,Yes,60000.0
72,60.0,Bachelor degree,Self-employed (incorporated),Married,Male,White,Yes,33100.0
32,40.0,Associate degree,Private,Never married,Female,Black,Yes,59300.0
66,40.0,Bachelor degree,Self-employed,Married,Male,White,Yes,311000.0
42,10.0,Bachelor degree,Private non-profit,Married,Female,White,Yes,3000.0
51,50.0,Some college,Private,Married,Female,Asian,No,55000.0
57,40.0,Bachelor degree,Self-employed (incorporated),Never married,Male,White,Yes,47000.0
23,25.0,Graduate degree,Private,Never married,Female,White,Yes,5100.0
50,55.0,Graduate degree,Self-employed,Married,Male,White,Yes,314310.0
40,40.0,High school,Private,Married,Male,White,Yes,70000.0
61,80.0,Some college,Self-employed (incorporated),Married,Male,White,Yes,70000.0
80,12.0,Some college,Private,Divorced,Female,White,Yes,32700.0
54,60.0,Some college,Private,Married,Male,Black,Yes,65000.0
22,36.0,No high school diploma,Private,Never married,Male,White,Yes,7200.0
49,40.0,Some college,Private,Never married,Male,White,Yes,16010.0
30,50.0,Bachelor degree,Private,Never married,Male,Black,Yes,60000.0
27,45.0,Some college,Private,Never married,Female,White,Yes,23000.0
20,15.0,Some college,Private,Never married,Male,Black,Yes,1800.0
56,50.0,High school,Private,Married,Male,White,Yes,78000.0
57,45.0,Graduate degree,State government,Married,Female,White,Yes,52000.0
59,40.0,Associate degree,Private,Never married,Male,White,Yes,43000.0
37,60.0,High school,Private,Married,Female,Black,Yes,17000.0
47,45.0,Associate degree,Self-employed,Divorced,Male,White,Yes,35000.0
36,40.0,High school,Private,Separated,Female,White,Yes,40000.0
22,80.0,Some college,Private,Never married,Male,White,Yes,75000.0
63,40.0,No high school diploma,Private,Married,Female,White,Yes,67000.0
53,,Bachelor degree,Private,Divorced,Male,White,Yes,30000.0
30,32.0,Associate degree,Private,Married,Female,Asian,No,50000.0
71,40.0,Some college,Private,Separated,Male,Black,Yes,90000.0
52,70.0,Graduate degree,Self-employed,Married,Male,White,Yes,7000.0
58,40.0,Bachelor degree,Federal government,Never married,Female,Black,Yes,25000.0
59,40.0,Graduate degree,Self-employed,Widowed,Female,White,Yes,65000.0
22,36.0,Some college,Private non-profit,Never married,Female,White,Yes,31000.0
44,36.0,Some college,Private,Married,Female,White,Yes,34000.0
40,50.0,Graduate degree,Local government,Married,Male,White,Yes,68000.0
58,37.0,Some college,Private non-profit,Separated,Female,Black,No,20400.0
57,60.0,High school,Private,Married,Male,Black,Yes,57000.0
24,20.0,No high school diploma,Local government,Never married,Female,White,Yes,6000.0
17,20.0,No high school diploma,Private,Never married,Female,Black,Yes,4500.0
31,38.0,Graduate degree,Private non-profit,Married,Female,White,Yes,106000.0
35,40.0,Bachelor degree,Private non-profit,Married,Male,Asian,Yes,98500.0
68,40.0,Some college,State government,Married,Male,White,Yes,48000.0
57,34.0,Some college,Private,Married,Male,Black,Yes,18100.0
70,,No high school diploma,Self-employed,Married,Male,Asian,No,37500.0
23,60.0,Some college,Federal government,Married,Male,White,Yes,23600.0
35,40.0,Bachelor degree,State government,Married,Female,White,Yes,45000.0
59,40.0,No high school diploma,Private,Married,Female,White,Yes,9800.0
27,40.0,High school,Private,Never married,Female,White,Yes,12000.0
69,40.0,High school,Federal government,Married,Male,Black,Yes,30000.0
59,45.0,High school,Private,Divorced,Female,White,Yes,64000.0
38,45.0,Some college,Federal government,Never married,Male,White,Yes,50000.0
51,40.0,Bachelor degree,Local government,Divorced,Female,White,Yes,24100.0
32,40.0,Bachelor degree,,Divorced,Female,White,Yes,55000.0
39,40.0,Associate degree,Federal government,Married,Male,White,Yes,100000.0
28,40.0,Some college,Private,Never married,Male,White,Yes,6010.0
57,40.0,High school,Private,Married,Female,White,Yes,50000.0
29,40.0,Graduate degree,Private,Never married,Female,Black,Yes,23000.0
70,8.0,Bachelor degree,Private,Widowed,Male,White,Yes,55200.0
77,60.0,,Private non-profit,Married,Female,Black,No,69500.0
36,20.0,Associate degree,Private,Divorced,Female,Black,Yes,20000.0
28,20.0,Bachelor degree,Private non-profit,Never married,Female,White,Yes,18500.0
31,40.0,Some college,Local government,Married,Male,White,Yes,34000.0
45,40.0,High school,Local government,Married,Male,White,Yes,45000.0
22,40.0,High school,Self-employed,Never married,Male,White,Yes,10000.0
52,50.0,High school,Private,Married,Male,White,Yes,50000.0
51,45.0,Bachelor degree,Private,Married,Male,White,Yes,60000.0
36,60.0,High school,Private,Married,Male,White,Yes,82000.0
19,40.0,High school,Private,Never married,Male,Black,Yes,3000.0
30,50.0,Graduate degree,Self-employed (incorporated),Never married,Male,White,Yes,70000.0
47,40.0,High school,Private,Married,Female,White,Yes,7900.0
67,5.0,Graduate degree,Self-employed,Married,Female,White,Yes,31250.0
54,40.0,High school,Private,Never married,Female,White,Yes,49500.0
71,3.0,High school,Private non-profit,Married,Male,White,Yes,28000.0
31,45.0,Some college,Private,Married,Male,White,Yes,45000.0
20,40.0,High school,Private,Never married,Female,White,No,5200.0
50,40.0,High school,Private,Married,Male,White,Yes,58000.0
30,40.0,Bachelor degree,Private non-profit,Married,Female,White,Yes,41000.0
28,25.0,Some college,Private,Married,Female,White,Yes,5000.0
50,50.0,,Private,Never married,Female,White,Yes,29000.0
38,42.0,Associate degree,Private,Never married,Male,Black,Yes,65000.0
54,40.0,Associate degree,Private,Married,Male,White,Yes,55300.0
60,70.0,High school,Federal government,Married,Male,Black,Yes,59000.0
30,40.0,Bachelor degree,Private,Never married,Female,White,Yes,67000.0
45,50.0,Bachelor degree,Private,Married,Male,White,Yes,210000.0
52,40.0,Bachelor degree,Private,Married,Male,White,Yes,83000.0
61,40.0,High school,Private,Divorced,Male,White,Yes,6700.0
32,60.0,Graduate degree,Private,Married,Female,White,Yes,60000.0
50,50.0,Graduate degree,State government,Married,Female,White,Yes,125030.0
23,,High school,Local government,Never married,Male,Black,Yes,2900.0
20,60.0,High school,Private,Never married,Male,White,Yes,1900.0
60,50.0,High school,Private,Married,Male,White,Yes,36400.0
72,12.0,Bachelor degree,Self-employed,Married,Male,White,No,87600.0
37,40.0,High school,Private,Never married,Female,Black,Yes,41000.0
38,32.0,Some college,Private,Married,Female,White,Yes,9900.0
20,,Some college,Private,Never married,Male,White,Yes,2000.0
52,78.0,Some college,Self-employed (incorporated),Married,Male,White,Yes,90000.0
35,,No high school diploma,Private,Never married,Female,White,Yes,14000.0
64,5.0,Some college,Private,Married,Female,White,Yes,29200.0
24,40.0,High school,Private,Never married,Male,Black,Yes,9600.0
50,24.0,High school,Private,Never married,Female,Black,Yes,21800.0
51,40.0,Some college,Private,Married,Female,Black,Yes,65000.0
46,28.0,Bachelor degree,Self-employed,Married,Male,Asian,No,20000.0
59,40.0,Graduate degree,Private,Divorced,Male,White,Yes,113400.0
25,20.0,No high school diploma,Private,Never married,Female,White,No,8900.0
76,,Associate degree,Private,Widowed,Female,White,Yes,30700.0
22,25.0,Associate degree,Private,Never married,Female,Black,Yes,6000.0
48,40.0,No high school diploma,Private,Married,Female,White,Yes,12830.0
65,60.0,Bachelor degree,Self-employed,Married,Male,White,Yes,85070.0
67,60.0,High school,Private non-profit,Married,Female,White,Yes,76000.0
41,40.0,Bachelor degree,Private,Married,Male,Black,Yes,24000.0
23,70.0,High school,Self-employed (incorporated),Never married,Male,White,Yes,26900.0
19,45.0,High school,Private,Never married,Male,White,Yes,29300.0
60,40.0,High school,Private,Divorced,Female,White,Yes,40000.0
55,50.0,Bachelor degree,Private,Married,Male,White,Yes,80000.0
28,40.0,Bachelor degree,Private,Never married,Male,White,Yes,83000.0
50,40.0,High school,Self-employed (incorporated),Married,Male,White,Yes,107000.0
66,,Some college,Private,Never married,Female,White,No,50000.0
33,40.0,Bachelor degree,Private,Married,Female,Black,Yes,25000.0
64,40.0,Associate degree,Private,Divorced,Female,White,Yes,71700.0
32,20.0,Graduate degree,Private,Never married,Male,White,Yes,12000.0
35,45.0,Some college,Self-employed,Married,Male,White,Yes,36500.0
30,10.0,Some college,Private,Divorced,Female,White,Yes,19000.0
29,40.0,Bachelor degree,Private,Married,Female,White,Yes,55000.0
53,40.0,Some college,Private,Divorced,Male,White,Yes,63000.0
33,40.0,High school,Private,Never married,Female,Black,Yes,32000.0
39,50.0,Some college,Private,Divorced,Female,White,Yes,37500.0
49,27.0,No high school diploma,Local government,Married,Female,White,No,15900.0
21,40.0,Some college,,Never married,Female,White,Yes,8700.0
31,40.0,Graduate degree,Private,Never married,Female,Black,Yes,45000.0
57,50.0,Graduate degree,Local government,Divorced,Male,White,Yes,135740.0
28,25.0,Bachelor degree,Self-employed,Never married,Male,White,Yes,11800.0
67,20.0,High school,Private,Married,Female,White,Yes,6000.0
45,40.0,Bachelor degree,State government,Married,Female,Black,Yes,30000.0
40,60.0,High school,Self-employed (incorporated),Married,Male,White,Yes,60000.0
63,50.0,Graduate degree,Private,Married,Male,White,Yes,150000.0
49,40.0,Graduate degree,Private,Married,Male,White,Yes,120000.0
19,40.0,Some college,Private,Never married,Female,White,Yes,5000.0
22,25.0,High school,Private,Never married,Male,Black,Yes,1000.0
65,34.0,Associate degree,Private,Never married,Male,White,Yes,42000.0
30,40.0,High school,Private,Never married,Male,Black,Yes,25000.0
64,40.0,Bachelor degree,Private,Married,Male,White,Yes,93000.0
52,40.0,Associate degree,Private,Divorced,Female,Black,Yes,30500.0
49,35.0,High school,Private,Married,Female,White,Yes,28000.0
37,40.0,Bachelor degree,Private,Divorced,Female,White,Yes,60000.0
52,40.0,High school,Self-employed,Married,Male,White,Yes,30210.0
44,40.0,High school,Local government,Married,Male,White,Yes,30000.0
34,40.0,High school,Private,Married,Female,Other or multiple,Yes,25000.0
61,40.0,High school,Private,Married,Male,White,Yes,55000.0
66,25.0,Associate degree,Private,Widowed,Male,White,Yes,79000.0
21,40.0,,State government,Never married,Male,Black,Yes,37200.0
20,8.0,Some college,Private,Never married,Male,Black,Yes,2000.0
47,40.0,High school,Private,Divorced,Female,Asian,No,23000.0
18,60.0,High school,Private,Never married,Male,Other or multiple,Yes,20000.0
34,22.0,High school,Private,Married,Female,White,Yes,12000.0
37,40.0,Bachelor degree,Private,Never married,Male,Black,Yes,34700.0
45,45.0,Some college,Private,Married,Female,White,Yes,40000.0
48,40.0,Some college,State government,Divorced,Female,Black,Yes,12000.0
58,41.0,Some college,Private,Divorced,Female,Black,Yes,60000.0
27,45.0,Some college,Private,Married,Female,White,Yes,40000.0
27,60.0,Bachelor degree,Private,Never married,Male,Black,Yes,80000.0
49,60.0,Some college,Private,Married,Female,White,Yes,100000.0
80,40.0,Some college,Self-employed (incorporated),Married,Male,White,Yes,24800.0
29,,Graduate degree,Private,Married,Male,White,Yes,474000.0
32,40.0,Bachelor degree,Private,Married,Female,White,Yes,51000.0
28,30.0,No high school diploma,Private,Never married,Female,Black,Yes,20000.0
21,35.0,Some college,Private,Never married,Female,White,Yes,18000.0
23,48.0,Some college,Private,Never married,Male,White,Yes,45000.0
28,7.0,High school,Private,Married,Female,Black,Yes,1800.0
40,45.0,No high school diploma,Private,Never married,Male,Other or multiple,No,30000.0
35,50.0,Bachelor degree,Private,Never married,Female,Black,Yes,100000.0
43,45.0,Graduate degree,Private non-profit,Never married,Female,Black,Yes,32000.0
31,40.0,High school,,Married,Male,Black,Yes,30000.0
21,10.0,Bachelor degree,State government,Never married,Male,Asian,No,2100.0
55,40.0,High school,Local government,Never married,Female,Black,Yes,19200.0
20,25.0,No high school diploma,Private,Married,Female,White,Yes,8000.0
49,45.0,Bachelor degree,Private,Never married,Male,Other or multiple,Yes,25000.0
22,20.0,Some college,Private,Married,Female,White,Yes,5550.0
32,40.0,Some college,Private,Never married,Male,White,Yes,31100.0
32,,Bachelor degree,Private,Divorced,Male,White,Yes,131000.0
43,40.0,Graduate degree,Private non-profit,Married,Female,White,Yes,57000.0
45,40.0,Associate degree,Private non-profit,Married,Female,White,Yes,60000.0
51,40.0,Graduate degree,Private,Married,Male,Asian,No,120000.0
48,45.0,Bachelor degree,Private,Married,Male,White,Yes,92000.0
54,50.0,High school,Private,Married,Male,White,Yes,68000.0
64,35.0,Graduate degree,Private,Married,Male,White,Yes,120000.0
59,50.0,Bachelor degree,Private non-profit,Divorced,Female,White,No,71200.0
28,50.0,High school,Private,Never married,Male,Black,Yes,38000.0
43,40.0,Some college,Private,Married,Male,Asian,No,4000.0
26,40.0,Some college,Private,Married,Male,White,Yes,1500.0
51,40.0,High school,Unpaid family work,Married,Female,White,Yes,16200.0
58,40.0,,Local government,Married,Female,Black,Yes,40000.0
53,,Some college,Private,Married,Female,Other or multiple,No,2000.0
38,40.0,Bachelor degree,Private,Married,Male,White,Yes,90000.0
29,40.0,Graduate degree,Private,Married,Male,Black,Yes,80000.0
32,40.0,,Private non-profit,Married,Male,White,Yes,46000.0
51,40.0,Some college,Private,Never married,Male,Black,Yes,70000.0
18,40.0,High school,Private,Never married,Female,White,Yes,1100.0
42,50.0,Graduate degree,Local government,Never married,Female,White,Yes,60000.0
39,70.0,Some college,,Married,Female,White,No,140000.0
61,50.0,Bachelor degree,Private,Widowed,Male,White,Yes,95390.0
34,50.0,Bachelor degree,Self-employed (incorporated),Married,Male,Asian,No,20000.0
60,,Bachelor degree,Private,Married,Male,Asian,No,28000.0
50,53.0,High school,Local government,Married,Male,White,Yes,54000.0
67,50.0,Graduate degree,State government,Married,Female,White,Yes,54300.0
50,50.0,No high school diploma,Private,Married,Male,White,Yes,30000.0
42,50.0,High school,Private,Married,Male,Black,Yes,24000.0
29,40.0,Associate degree,Private,Divorced,Female,White,Yes,30000.0
55,45.0,Associate degree,Private,Never married,Male,White,Yes,77000.0
56,,Graduate degree,State government,Married,Male,White,Yes,146500.0
56,40.0,High school,Private,Married,Male,White,Yes,30000.0
30,10.0,High school,Self-employed,Never married,Female,Black,Yes,33000.0
53,45.0,Associate degree,Local government,Married,Female,White,Yes,15000.0
20,20.0,Some college,Private,Never married,Male,White,Yes,9800.0
43,35.0,Bachelor degree,Private,Never married,Female,Black,Yes,14000.0
38,45.0,Associate degree,Private,Divorced,Male,Other or multiple,Yes,30000.0
38,60.0,Bachelor degree,Private,Married,Male,White,Yes,220000.0
36,40.0,Bachelor degree,Private,Married,Male,Asian,No,130000.0
57,40.0,No high school diploma,Private,Married,Male,Black,Yes,38000.0
33,30.0,Some college,Private,Divorced,Female,White,Yes,20000.0
17,20.0,No high school diploma,Private,Never married,Female,Other or multiple,Yes,5800.0
28,45.0,High school,Private,Never married,Male,Black,Yes,45000.0
51,65.0,Graduate degree,Local government,Married,Female,White,Yes,55000.0
42,40.0,Bachelor degree,Local government,Married,Female,White,Yes,60000.0
31,60.0,Bachelor degree,,Never married,Male,White,Yes,75000.0
44,40.0,High school,Private,Divorced,Female,White,Yes,53500.0
31,,Some college,Private,Never married,Male,White,Yes,31200.0
21,30.0,No high school diploma,Private,Never married,Female,Other or multiple,Yes,10600.0
51,40.0,High school,State government,Married,Male,White,Yes,30000.0
51,50.0,Associate degree,Private,Married,Female,White,No,225000.0
55,40.0,Some college,Private,Married,Female,White,Yes,38000.0
43,45.0,Graduate degree,State government,Never married,Male,Black,Yes,58000.0
47,65.0,Some college,Self-employed,Married,Female,White,Yes,25000.0
21,40.0,Some college,Local government,Never married,Female,Other or multiple,Yes,3300.0
36,43.0,Associate degree,Private,Never married,Female,White,No,38000.0
36,35.0,Some college,Private,Never married,Male,White,Yes,25000.0
51,40.0,High school,Private,Married,Male,White,Yes,60200.0
64,40.0,Bachelor degree,Self-employed (incorporated),Married,Male,Asian,No,182400.0
56,22.0,Bachelor degree,Private,Never married,Female,Black,Yes,20000.0
31,40.0,Bachelor degree,Private,Never married,Male,White,Yes,30000.0
83,50.0,Some college,Self-employed,Married,Male,White,Yes,376000.0
73,60.0,High school,Self-employed (incorporated),Divorced,Male,White,Yes,46000.0
60,50.0,High school,Private,Divorced,Male,Other or multiple,No,13000.0
71,40.0,High school,Private,Widowed,Female,Black,Yes,31000.0
51,36.0,Some college,Private,Married,Female,Black,No,27500.0
46,10.0,Bachelor degree,Private non-profit,Married,Female,White,Yes,10000.0
62,40.0,Some college,Private,Married,Male,White,Yes,68130.0
37,40.0,Graduate degree,Private,Married,Female,White,Yes,75000.0
56,40.0,No high school diploma,Private,Married,Male,White,Yes,89000.0
59,50.0,Some college,,Divorced,Male,White,Yes,210000.0
40,,Some college,Private,Married,Male,White,Yes,63000.0
37,40.0,Graduate degree,State government,Married,Female,White,Yes,51000.0
21,35.0,Some college,Private,Never married,Male,Black,Yes,25000.0
17,20.0,No high school diploma,Private,Never married,Female,White,Yes,9000.0
61,18.0,No high school diploma,Private,Married,Female,White,Yes,9600.0
46,40.0,Graduate degree,Private non-profit,Married,Male,Asian,No,150000.0
67,40.0,High school,Private,Married,Male,White,Yes,90000.0
26,,Associate degree,Private,Never married,Male,Black,Yes,13000.0
59,25.0,Bachelor degree,Private,Married,Female,White,Yes,12000.0
27,40.0,Bachelor degree,Private,Never married,Male,Black,Yes,68000.0
54,20.0,Some college,Private,Widowed,Female,White,Yes,15000.0
55,50.0,High school,Private,Married,Male,White,Yes,100000.0
25,40.0,Associate degree,Private,Married,Male,White,Yes,35000.0
54,40.0,Some college,,Married,Female,White,Yes,36000.0
66,10.0,Graduate degree,Private non-profit,Never married,Male,White,Yes,100600.0
46,40.0,Associate degree,Private,Married,Female,Asian,No,86000.0
57,45.0,Associate degree,Private,Married,Male,White,Yes,108700.0
50,40.0,Graduate degree,Local government,Married,Female,White,Yes,80000.0
26,40.0,Some college,Private,Never married,Female,White,Yes,23110.0
64,50.0,Graduate degree,Self-employed,Married,Female,White,Yes,20000.0
50,,Graduate degree,Self-employed (incorporated),Married,Male,Black,Yes,250000.0
28,40.0,Graduate degree,Private,Married,Female,Asian,No,115000.0
61,40.0,High school,Private,Widowed,Male,White,Yes,47000.0
72,,High school,Self-employed (incorporated),Divorced,Female,White,Yes,79800.0
70,25.0,Graduate degree,Private,Divorced,Female,Black,Yes,37600.0
49,45.0,Graduate degree,Private,Divorced,Female,White,Yes,53000.0
32,45.0,Bachelor degree,Private,Married,Male,White,Yes,66000.0
19,20.0,No high school diploma,Private,Never married,Female,Other or multiple,Yes,5000.0
59,60.0,Bachelor degree,Self-employed,Married,Male,White,Yes,40000.0
67,40.0,Bachelor degree,Private,Married,Male,White,Yes,471000.0
43,48.0,High school,Private,Separated,Male,Black,Yes,40000.0
49,30.0,Bachelor degree,Self-employed,Never married,Female,Black,Yes,6000.0
55,40.0,Bachelor degree,Self-employed,Never married,Male,White,Yes,14000.0
33,45.0,Bachelor degree,Private,Married,Female,White,Yes,65000.0
78,60.0,Some college,Private,Married,Male,White,Yes,126600.0
41,48.0,Some college,Local government,Never married,Male,Black,Yes,40000.0
32,50.0,Some college,Private,Never married,Male,White,Yes,38000.0
49,35.0,Bachelor degree,Self-employed,Married,Female,White,Yes,8000.0
27,40.0,,Private,Never married,Male,White,Yes,50000.0
55,36.0,Bachelor degree,Private,Divorced,Female,Black,Yes,137000.0
19,30.0,No high school diploma,Private,Never married,Female,Other or multiple,Yes,15000.0
36,40.0,Bachelor degree,Private,Married,Female,White,No,10000.0
53,,Graduate degree,,Married,Female,White,Yes,55000.0
55,60.0,High school,Private,Married,Male,White,Yes,60000.0
27,45.0,Associate degree,Private,Never married,Female,White,Yes,27000.0
39,40.0,Bachelor degree,Private,Married,Male,White,Yes,65000.0
60,40.0,Bachelor degree,Self-employed,Married,Male,White,Yes,52000.0
64,40.0,Some college,Private,Married,Male,White,Yes,10000.0
40,36.0,Some college,Private,Married,Female,Black,No,19000.0
48,40.0,Graduate degree,Self-employed (incorporated),Married,Male,White,Yes,471000.0
23,40.0,High school,Private,Never married,Male,Black,Yes,22800.0
18,35.0,High school,Private,Never married,Male,White,Yes,6100.0
46,60.0,Graduate degree,Private non-profit,Married,Female,White,No,24000.0
29,40.0,High school,Private,Never married,Male,White,Yes,400.0
77,,Graduate degree,Self-employed (incorporated),Married,Male,White,Yes,73200.0
30,45.0,Associate degree,Private,Never married,Male,White,Yes,44000.0
80,40.0,High school,Private,Married,Female,White,Yes,475000.0
33,40.0,Graduate degree,Private,Never married,Female,Black,Yes,80000.0
54,40.0,High school,Private non-profit,Never married,Male,White,Yes,45000.0
64,32.0,High school,Private,Divorced,Female,Black,Yes,33700.0
33,32.0,High school,Private,Never married,Male,Black,Yes,20000.0
33,55.0,High school,Private,Never married,Male,White,Yes,55000.0
32,40.0,Associate degree,Private,Never married,Female,White,Yes,18000.0
25,25.0,Some college,Private,Never married,Male,White,Yes,6100.0
34,40.0,Graduate degree,Federal government,Married,Male,White,Yes,95600.0
67,25.0,Bachelor degree,Self-employed,Married,Male,White,Yes,31300.0
24,40.0,Bachelor degree,Private,Married,Female,White,Yes,32000.0
40,50.0,Bachelor degree,Private,Married,Female,White,Yes,150000.0
53,45.0,Some college,Private,Married,Male,White,Yes,110000.0
23,40.0,Some college,Private,Never married,Female,White,Yes,14600.0
57,37.0,Bachelor degree,Private,Married,Female,Black,Yes,30000.0
19,,High school,Private,Never married,Female,White,Yes,600.0
46,50.0,Graduate degree,Private,Married,Female,Asian,No,70000.0
47,,Some college,Local government,Married,Male,Other or multiple,No,30000.0
34,40.0,Graduate degree,,Married,Female,White,Yes,109000.0
29,30.0,Associate degree,Private,Never married,Female,Black,Yes,27000.0
60,60.0,Graduate degree,Private,Married,Female,White,Yes,140000.0
57,40.0,Some college,Self-employed,Married,Male,White,Yes,50000.0
44,50.0,Graduate degree,Private,Married,Male,Asian,No,132350.0
39,40.0,High school,Private,Married,Male,White,Yes,13000.0
67,50.0,Some college,Self-employed (incorporated),Married,Male,White,Yes,134000.0
30,40.0,Some college,Private,Never married,Male,White,Yes,40000.0
56,80.0,Associate degree,Private,Divorced,Male,Black,Yes,55000.0
40,70.0,,Private,Married,Male,White,No,30000.0
35,60.0,,Self-employed (incorporated),Married,Female,White,Yes,12000.0
21,,High school,Private,Never married,Female,Black,Yes,4000.0
58,35.0,Associate degree,State government,Married,Female,White,Yes,45000.0
34,80.0,Bachelor degree,Federal government,Married,Male,Black,Yes,64000.0
61,40.0,Graduate degree,Private non-profit,Married,Male,Black,No,24000.0
65,10.0,Graduate degree,,Married,Male,White,Yes,4000.0
32,35.0,Associate degree,Private non-profit,Married,Female,White,Yes,88000.0
50,50.0,Some college,Private,Married,Male,White,Yes,78000.0
52,40.0,Some college,Private,Divorced,Female,White,Yes,75000.0
37,37.0,High school,Private,Never married,Female,Black,Yes,18000.0
31,40.0,Associate degree,Private,Never married,Female,Black,Yes,24000.0
38,40.0,Some college,Private,Divorced,Female,White,Yes,23000.0
74,48.0,Some college,Private,Married,Male,White,Yes,154700.0
28,40.0,High school,Private,Never married,Male,Other or multiple,Yes,45000.0
27,40.0,High school,Private non-profit,Never married,Female,Black,Yes,30000.0
32,50.0,Associate degree,Private,Divorced,Male,Black,No,45000.0
20,30.0,Some college,Private,Married,Female,Black,Yes,7600.0
62,30.0,Bachelor degree,Private,Married,Female,White,Yes,60000.0
62,40.0,Associate degree,Private,Widowed,Female,White,Yes,45000.0
50,25.0,Some college,Self-employed (incorporated),Married,Male,Black,Yes,20000.0
25,40.0,Bachelor degree,Private non-profit,Never married,Male,White,Yes,37000.0
57,48.0,Bachelor degree,Private,Married,Male,White,Yes,96000.0
33,40.0,Bachelor degree,Private,Married,Female,White,Yes,50000.0
48,40.0,Bachelor degree,Private,Married,Male,White,Yes,140000.0
33,40.0,Associate degree,Private,Married,Female,Other or multiple,Yes,30500.0
33,40.0,No high school diploma,Local government,Married,Female,White,Yes,45000.0
54,42.0,Some college,Private,Married,Male,White,Yes,88000.0
39,40.0,Bachelor degree,Private,Married,Male,White,Yes,70000.0
43,45.0,Graduate degree,State government,Married,Female,White,Yes,175000.0
33,45.0,Bachelor degree,Self-employed (incorporated),Married,Female,White,Yes,36000.0
20,40.0,,Private,Never married,Female,White,Yes,25000.0
42,40.0,Bachelor degree,Federal government,Never married,Male,Black,Yes,102840.0
39,40.0,High school,Local government,Never married,Female,Black,Yes,51000.0
71,20.0,Graduate degree,Private,Married,Male,White,Yes,20600.0
39,25.0,Bachelor degree,Local government,Married,Female,White,Yes,27800.0
64,45.0,,Private,Married,Male,White,Yes,25600.0
19,12.0,High school,Private,Never married,Female,White,Yes,2000.0
47,40.0,No high school diploma,Private,Divorced,Male,White,Yes,23000.0
27,45.0,Some college,Private,Married,Male,Asian,No,24000.0
63,15.0,Some college,Unpaid family work,Married,Male,White,Yes,8000.0
21,40.0,Some college,Private,Never married,Female,Black,Yes,24000.0
44,40.0,Graduate degree,,Married,Male,White,Yes,82300.0
40,,Associate degree,Private,Married,Female,White,Yes,75000.0
47,48.0,High school,Private,Never married,Male,White,No,20000.0
43,40.0,High school,Private,Never married,Female,Asian,No,21000.0
32,40.0,Bachelor degree,Private,Never married,Female,White,Yes,87000.0
53,40.0,High school,State government,Married,Female,White,Yes,35000.0
54,40.0,High school,Private,Married,Male,Black,Yes,71200.0
50,50.0,Bachelor degree,State government,Married,Female,White,Yes,38000.0
31,40.0,,Private,Never married,Male,Black,Yes,30000.0
19,10.0,,Private non-profit,Never married,Female,White,Yes,1000.0
23,40.0,Some college,Private,Never married,Male,Other or multiple,No,20000.0
23,20.0,Some college,Private,Never married,Male,White,Yes,2500.0
36,50.0,Graduate degree,State government,Divorced,Female,Black,No,112000.0
33,20.0,Some college,Self-employed,Married,Female,White,Yes,10000.0
60,48.0,High school,Private,Married,Male,White,Yes,108000.0
30,55.0,High school,Private,Never married,Male,White,Yes,80000.0
48,40.0,Some college,Private,Married,Female,White,Yes,25000.0
58,40.0,Some college,Private,Married,Male,White,Yes,40000.0
63,36.0,Some college,Private non-profit,Divorced,Female,White,Yes,34000.0
59,40.0,Some college,Private,Married,Female,Black,Yes,50000.0
28,40.0,Associate degree,Private,Married,Male,Other or multiple,No,38900.0
41,4.0,High school,Private,Married,Female,White,Yes,1300.0
43,50.0,Graduate degree,Private,Never married,Male,Black,Yes,95000.0
43,45.0,Bachelor degree,Private,Married,Male,White,Yes,122700.0
44,40.0,Graduate degree,Local government,Married,Female,Asian,No,60000.0
27,40.0,Associate degree,,Never married,Male,White,Yes,21900.0
52,,Bachelor degree,Private,Never married,Male,Black,Yes,24000.0
65,40.0,High school,Private,Divorced,Male,White,Yes,12000.0
53,25.0,Bachelor degree,Private non-profit,Divorced,Female,White,Yes,16640.0
52,15.0,Bachelor degree,Private non-profit,Married,Female,White,Yes,11400.0
72,30.0,Graduate degree,Private,Married,Female,White,Yes,88800.0
42,36.0,Graduate degree,State government,Never married,Male,Asian,No,2700.0
35,40.0,Bachelor degree,Private,Divorced,Male,White,Yes,65020.0
69,30.0,Graduate degree,Self-employed,Married,Female,White,Yes,205300.0
20,40.0,Some college,Private,Never married,Male,White,No,50000.0
48,50.0,Graduate degree,State government,Divorced,Female,White,Yes,50000.0
41,45.0,High school,Private,Married,Male,Black,Yes,25000.0
31,45.0,Graduate degree,Private,Married,Female,Black,Yes,150000.0
49,70.0,Some college,Private,Married,Male,White,Yes,35000.0
56,40.0,Associate degree,Private,Never married,Female,White,Yes,15000.0
75,50.0,Some college,Private non-profit,Divorced,Female,White,Yes,9700.0
27,10.0,Associate degree,Private,Married,Male,White,Yes,31200.0
62,40.0,Bachelor degree,Private,Married,Female,White,Yes,38000.0
21,33.0,Some college,Private,Never married,Female,Asian,Yes,12000.0
58,40.0,No high school diploma,Private,Divorced,Male,Black,Yes,25000.0
54,45.0,Bachelor degree,Private,Never married,Female,White,Yes,117000.0
30,40.0,Some college,Private,Married,Female,White,Yes,22000.0
18,35.0,Some college,Private,Never married,Male,White,Yes,2500.0
30,42.0,High school,Private,Separated,Female,White,Yes,60000.0
33,73.0,Graduate degree,Private,Never married,Female,White,Yes,29000.0
22,,Bachelor degree,Private,Never married,Female,White,Yes,3000.0
41,45.0,Bachelor degree,Private,Married,Male,White,Yes,210000.0
45,40.0,Bachelor degree,Private non-profit,Married,Male,White,Yes,56000.0
72,2.0,Some college,Local government,Married,Female,Black,Yes,18760.0
56,40.0,High school,Private,Widowed,Female,White,Yes,78000.0
31,40.0,Bachelor degree,Private,Married,Male,White,Yes,471000.0
40,25.0,Graduate degree,Federal government,Married,Female,White,Yes,3700.0
30,40.0,Bachelor degree,Private,Never married,Female,White,Yes,52000.0
43,50.0,Bachelor degree,Private,Divorced,Male,White,Yes,180000.0
59,,High school,Local government,Married,Female,White,Yes,32000.0
41,40.0,Some college,Private,Married,Male,Asian,No,125000.0
59,48.0,Some college,Private,Divorced,Female,White,Yes,33400.0
24,40.0,High school,Private,Married,Male,Black,Yes,30000.0
30,80.0,Graduate degree,Self-employed (incorporated),Married,Female,White,No,44000.0
46,50.0,Bachelor degree,Self-employed,Married,Male,White,Yes,411000.0
61,40.0,Graduate degree,Federal government,Married,Male,White,Yes,190500.0
42,50.0,Graduate degree,Private non-profit,Married,Male,White,Yes,125000.0
36,40.0,Associate degree,Private,Divorced,Male,White,Yes,35000.0
61,40.0,Some college,,Married,Female,White,Yes,120000.0
43,50.0,Graduate degree,Private,Never married,Female,White,No,98000.0
28,,High school,Private,Divorced,Female,White,Yes,17000.0
61,,High school,Private,Married,Female,Black,Yes,30000.0
25,54.0,Some college,Private,Never married,Male,Other or multiple,Yes,50000.0
60,40.0,Some college,Private,Married,Male,White,Yes,165600.0
54,,Graduate degree,Local government,Widowed,Female,White,Yes,110000.0
24,40.0,High school,Private,Never married,Female,Black,Yes,20000.0
59,40.0,Associate degree,Private,Never married,Male,White,Yes,20000.0
28,20.0,Associate degree,Private,Married,Female,Asian,No,12000.0
36,45.0,Some college,Federal government,Married,Male,White,Yes,40000.0
18,26.0,No high school diploma,Private,Never married,Male,Black,Yes,1300.0
30,30.0,,Private,Never married,Male,Other or multiple,Yes,4100.0
28,40.0,Bachelor degree,Private non-profit,Married,Female,White,Yes,39000.0
59,70.0,Bachelor degree,Private,Married,Male,White,No,471000.0
42,50.0,Graduate degree,State government,Married,Female,White,Yes,60000.0
38,42.0,Some college,Private non-profit,Separated,Female,Black,Yes,6000.0
35,48.0,Bachelor degree,Private,Married,Male,White,Yes,160000.0
23,30.0,High school,Private,Married,Female,White,Yes,15000.0
63,48.0,Bachelor degree,Private,Married,Male,White,Yes,42000.0
58,36.0,Associate degree,Private non-profit,Divorced,Female,White,Yes,65000.0
29,40.0,Graduate degree,Self-employed (incorporated),Married,Female,Asian,No,48000.0
39,55.0,Associate degree,Private,Married,Male,White,Yes,80000.0
62,40.0,No high school diploma,Self-employed,Married,Male,White,Yes,36000.0
60,40.0,No high school diploma,Private,Divorced,Male,Asian,No,15600.0
24,30.0,Some college,Private,Never married,Female,White,No,15000.0
53,50.0,Graduate degree,State government,Married,Female,White,Yes,83000.0
54,40.0,High school,Private,Married,Male,White,Yes,35000.0
20,20.0,Some college,Private,Never married,Female,White,Yes,6000.0
57,50.0,No high school diploma,Private,Married,Male,White,Yes,50000.0
32,40.0,High school,Private,Married,Male,Other or multiple,Yes,40000.0
58,25.0,Some college,Private,Widowed,Female,White,Yes,3600.0
25,40.0,Some college,Private,Never married,Male,White,Yes,38000.0
29,40.0,Some college,Private,Never married,Male,Black,Yes,30000.0
34,20.0,No high school diploma,Self-employed,Separated,Female,White,Yes,6200.0
59,,Bachelor degree,Private,Divorced,Female,Black,Yes,33300.0
49,60.0,High school,Private,Married,Female,White,Yes,26000.0
53,45.0,Graduate degree,Private,Married,Female,White,Yes,100000.0
60,40.0,High school,Local government,Married,Male,White,Yes,53100.0
36,25.0,Some college,Private,Never married,Female,Black,Yes,14400.0
51,55.0,Bachelor degree,Private,Married,Female,Black,Yes,121000.0
42,48.0,No high school diploma,Self-employed,Married,Male,White,No,40000.0
41,30.0,No high school diploma,Private,Married,Female,White,Yes,20000.0
28,60.0,Graduate degree,Private,Never married,Female,Black,Yes,140000.0
46,40.0,High school,Private,Married,Male,White,Yes,37000.0
55,50.0,Associate degree,State government,Married,Female,White,Yes,68000.0
43,35.0,Bachelor degree,Local government,Married,Female,Other or multiple,No,16000.0
39,50.0,Bachelor degree,Private,Married,Male,White,Yes,243600.0
82,,Some college,Private non-profit,Married,Male,Black,No,35600.0
61,40.0,No high school diploma,Private,Married,Female,White,Yes,11700.0
50,80.0,Some college,Self-employed,Married,Male,White,Yes,3000.0
49,40.0,High school,Local government,Never married,Male,Black,Yes,30000.0
54,40.0,Bachelor degree,State government,Divorced,Female,Black,Yes,23000.0
40,45.0,Graduate degree,Federal government,Married,Male,White,Yes,75000.0
52,40.0,Some college,Private,Married,Female,White,Yes,31200.0
50,50.0,Some college,Private,Married,Female,White,Yes,54000.0
38,30.0,Bachelor degree,Private,Married,Female,White,Yes,60000.0
41,36.0,High school,Private,Separated,Female,White,Yes,15000.0
19,35.0,Some college,Private,Never married,Female,White,Yes,6000.0
42,,Some college,Self-employed,Married,Male,Black,Yes,42200.0
31,40.0,High school,Private,Never married,Male,White,Yes,40000.0
55,40.0,Some college,Private,Divorced,Female,Black,Yes,32000.0
53,40.0,High school,Private,Married,Male,White,Yes,50000.0
50,50.0,High school,Private,Married,Female,White,Yes,36000.0
23,40.0,Some college,Private,Never married,Male,White,Yes,9000.0
43,40.0,Bachelor degree,Private,Divorced,Male,White,Yes,138000.0
29,42.0,Bachelor degree,Private,Married,Female,White,Yes,34000.0
36,2.0,Associate degree,Self-employed,Married,Female,White,Yes,1300.0
36,40.0,High school,Private,Married,Female,Black,Yes,41000.0
37,40.0,High school,Private,Married,Male,Black,Yes,51000.0
21,40.0,High school,Private,Never married,Female,Black,Yes,15000.0
59,40.0,High school,Private,Married,Female,White,Yes,471000.0
35,45.0,No high school diploma,Self-employed,Married,Male,Other or multiple,No,10000.0
58,40.0,Bachelor degree,Private,Never married,Female,White,Yes,75000.0
35,32.0,High school,Private,Never married,Male,White,Yes,11200.0
28,40.0,High school,Private non-profit,Married,Male,White,Yes,45000.0
46,55.0,Graduate degree,Private,Married,Female,Asian,Yes,169000.0
18,15.0,Some college,Private,Never married,Male,White,Yes,2000.0
68,40.0,Associate degree,Private,Married,Male,White,Yes,103500.0
57,40.0,Bachelor degree,Private,Divorced,Male,White,Yes,250000.0
26,40.0,Bachelor degree,Federal government,Never married,Male,Black,Yes,5800.0
36,40.0,High school,Private,Never married,Male,Black,Yes,25000.0
52,60.0,High school,Private,Married,Male,Black,Yes,66000.0
39,45.0,Graduate degree,Self-employed (incorporated),Married,Female,White,Yes,576000.0
32,45.0,High school,Private,Married,Male,White,Yes,66000.0
37,45.0,No high school diploma,,Never married,Male,White,Yes,40000.0
57,40.0,High school,Private,Never married,Female,Black,Yes,20800.0
57,40.0,Graduate degree,Private,Never married,Male,Black,Yes,15000.0
56,50.0,Graduate degree,Federal government,Married,Male,White,Yes,124000.0
23,20.0,High school,Private,Never married,Female,Black,Yes,3200.0
24,39.0,High school,Private,Never married,Male,Black,Yes,24000.0
58,50.0,Bachelor degree,Private,Divorced,Male,White,Yes,106000.0
31,12.0,Bachelor degree,Private non-profit,Married,Female,White,Yes,3500.0
44,45.0,High school,Private,Married,Male,White,Yes,80000.0
28,40.0,Bachelor degree,Private,Never married,Male,White,Yes,15000.0
17,8.0,No high school diploma,Private,Never married,Female,Black,Yes,2000.0
46,40.0,High school,Private,Married,Female,Black,Yes,24500.0
23,60.0,High school,Private,Never married,Male,White,Yes,40000.0
38,40.0,Bachelor degree,Local government,Married,Female,White,Yes,100000.0
57,50.0,High school,State government,Divorced,Female,White,Yes,30000.0
24,40.0,Some college,State government,Never married,Female,Black,Yes,36000.0
33,36.0,Associate degree,Private,Married,Female,White,Yes,60000.0
35,40.0,No high school diploma,Private,Never married,Male,Black,Yes,70000.0
32,,Associate degree,Private,Never married,Female,Asian,Yes,100000.0
51,47.0,,Private,Married,Male,White,Yes,48900.0
34,40.0,Some college,Private,Divorced,Female,Black,Yes,14700.0
42,36.0,Bachelor degree,Self-employed (incorporated),Never married,Female,White,No,70000.0
54,35.0,Some college,Self-employed,Divorced,Female,White,Yes,25000.0
48,40.0,Associate degree,Private,Married,Female,White,No,64000.0
38,24.0,High school,Private,Married,Female,White,Yes,1000.0
30,40.0,Bachelor degree,Private,Married,Female,White,Yes,50000.0
65,40.0,High school,Private,Married,Female,White,Yes,55000.0
61,40.0,High school,Private,Married,Male,Black,Yes,48000.0
57,65.0,Some college,Private,Married,Male,White,Yes,86000.0
22,35.0,Bachelor degree,Private,Never married,Male,White,Yes,26200.0
45,52.0,Bachelor degree,Private,Married,Female,Black,Yes,106000.0
57,15.0,Graduate degree,Self-employed,Married,Female,White,Yes,100000.0
67,35.0,Graduate degree,Self-employed (incorporated),Married,Male,White,No,220000.0
45,,No high school diploma,Private,Married,Male,White,No,60000.0
29,36.0,Graduate degree,Private,Married,Female,White,Yes,21700.0
24,99.0,Some college,Private,Divorced,Male,White,No,56000.0
59,40.0,Graduate degree,State government,Separated,Female,Black,Yes,33900.0
63,40.0,,Private,Married,Female,White,Yes,30000.0
53,40.0,High school,Private,Married,Male,White,Yes,28800.0
50,40.0,High school,Self-employed,Married,Female,White,Yes,40000.0
58,40.0,Some college,Private,Married,Female,White,No,17000.0
35,50.0,Bachelor degree,Private,Separated,Male,Asian,No,60000.0
48,40.0,High school,State government,Married,Female,White,Yes,50000.0
41,40.0,Some college,Private,Married,Female,White,Yes,20000.0
43,40.0,Graduate degree,State government,Married,Female,White,Yes,55000.0
49,50.0,Bachelor degree,Private,Married,Female,Asian,No,145890.0
57,50.0,High school,Private,Divorced,Male,Black,Yes,48000.0
41,50.0,Bachelor degree,Private,Married,Female,White,Yes,72500.0
41,,Bachelor degree,Self-employed (incorporated),Married,Female,White,Yes,110000.0
61,40.0,High school,Federal government,Divorced,Female,White,Yes,142000.0
32,40.0,High school,,Married,Male,White,Yes,40000.0
24,32.0,Some college,Private,Never married,Female,White,Yes,10000.0
36,40.0,,Self-employed,Married,Female,Black,Yes,35000.0
42,50.0,Bachelor degree,Private,Married,Male,White,Yes,205000.0
24,40.0,Bachelor degree,Private,Never married,Male,White,Yes,18000.0
47,40.0,High school,Self-employed,Married,Male,White,Yes,60000.0
40,38.0,No high school diploma,Private,Separated,Female,White,Yes,8000.0
59,12.0,Bachelor degree,,Married,Female,White,Yes,34000.0
46,20.0,No high school diploma,Private,Divorced,Female,White,Yes,12000.0
60,15.0,High school,Private non-profit,Divorced,Female,White,Yes,4900.0
18,5.0,,Private,Never married,Female,White,Yes,500.0
63,40.0,,Private non-profit,Married,Female,Black,Yes,83000.0
45,4.0,Associate degree,Self-employed,Married,Female,White,Yes,500.0
66,35.0,Graduate degree,State government,Divorced,Female,White,Yes,82400.0
56,45.0,High school,Private,Married,Female,White,Yes,86000.0
40,45.0,Some college,Private,Never married,Female,White,Yes,60000.0
66,40.0,Some college,Private,Married,Male,Black,Yes,54000.0
17,15.0,No high school diploma,Private non-profit,Never married,Male,Other or multiple,Yes,5600.0
57,40.0,Bachelor degree,Private,Married,Female,White,Yes,110000.0
59,55.0,Associate degree,Private,Never married,Female,Black,Yes,18000.0
64,35.0,High school,Private,Divorced,Male,White,Yes,24700.0
63,22.0,Bachelor degree,Private,Married,Male,White,Yes,2000.0
40,45.0,Bachelor degree,Private,Married,Male,White,No,28600.0
64,55.0,Graduate degree,State government,Married,Female,White,Yes,79000.0
55,40.0,High school,Private,Never married,Female,White,Yes,51900.0
57,40.0,Bachelor degree,Private,Married,Male,White,Yes,41700.0
26,35.0,Graduate degree,State government,Never married,Male,White,Yes,75600.0
67,30.0,Bachelor degree,Private non-profit,Married,Female,White,Yes,24900.0
23,20.0,Bachelor degree,Private,Never married,Male,White,Yes,8000.0
24,40.0,Some college,Private,Never married,Male,Black,Yes,28000.0
20,15.0,Some college,Private,Never married,Female,White,Yes,3500.0
71,50.0,Graduate degree,Private,Married,Male,White,Yes,31000.0
46,37.0,Graduate degree,Private,Married,Female,Black,No,84000.0
56,40.0,Associate degree,Local government,Married,Female,White,Yes,34000.0
24,50.0,High school,Private,Never married,Male,White,Yes,30000.0
65,40.0,Associate degree,Private,Married,Female,Black,Yes,26300.0
24,90.0,High school,Self-employed (incorporated),Married,Male,White,Yes,10000.0
46,80.0,High school,Private,Married,Male,White,Yes,90000.0
46,,High school,Self-employed,Divorced,Female,White,Yes,33200.0
61,40.0,Bachelor degree,Private,Married,Female,White,No,186000.0
58,50.0,No high school diploma,Private,Married,Male,White,Yes,55000.0
54,52.0,High school,Federal government,Married,Male,Black,Yes,70000.0
19,30.0,High school,Private,Never married,Female,White,Yes,3600.0
47,35.0,No high school diploma,State government,Never married,Female,White,Yes,22700.0
32,35.0,High school,Private,Married,Female,White,Yes,35000.0
27,40.0,Some college,State government,Never married,Female,Black,Yes,43700.0
23,40.0,Bachelor degree,Private,Never married,Female,White,Yes,36000.0
27,40.0,Some college,Private,Married,Female,White,Yes,48000.0
52,40.0,High school,Private,Divorced,Female,White,Yes,55000.0
71,40.0,Graduate degree,Private,Married,Male,White,Yes,164300.0
21,24.0,High school,,Never married,Male,White,Yes,600.0
64,45.0,Associate degree,Self-employed,Married,Female,White,No,6500.0
35,28.0,Some college,Private,Never married,Female,White,Yes,13000.0
60,40.0,Associate degree,Private,Widowed,Male,White,Yes,31300.0
32,40.0,Bachelor degree,,Married,Female,White,Yes,25000.0
35,40.0,High school,Private non-profit,Never married,Male,Black,Yes,25000.0
27,57.0,Some college,Private,Married,Male,White,No,80000.0
47,40.0,High school,Private,Divorced,Female,White,Yes,19000.0
41,40.0,Some college,Private,Never married,Male,White,Yes,90000.0
67,40.0,Some college,Private non-profit,Married,Female,White,Yes,75000.0
33,42.0,High school,Local government,Married,Male,White,Yes,31000.0
53,50.0,Graduate degree,Self-employed (incorporated),Married,Male,White,Yes,471000.0
38,40.0,No high school diploma,Private non-profit,Married,Male,Other or multiple,No,24000.0
27,,Associate degree,Private,Never married,Male,White,Yes,10000.0
31,68.0,Bachelor degree,Private,Married,Male,White,No,45000.0
52,15.0,Some college,,Married,Male,Black,Yes,3300.0
49,40.0,High school,Private,Married,Male,White,Yes,28000.0
33,40.0,Associate degree,Private,Married,Male,Black,Yes,32000.0
44,55.0,High school,Private,Divorced,Male,White,Yes,40000.0
52,40.0,Bachelor degree,Private,Married,Male,White,Yes,100000.0
63,40.0,Bachelor degree,Federal government,Married,Male,White,Yes,72000.0
33,50.0,Graduate degree,Private,Married,Male,Asian,Yes,471000.0
19,30.0,Some college,,Never married,Male,White,Yes,3700.0
53,,Bachelor degree,Private,Married,Female,Asian,No,5000.0
65,40.0,Some college,Private,Divorced,Female,White,Yes,69000.0
30,40.0,High school,Private,Married,Male,White,Yes,60000.0
48,40.0,Graduate degree,State government,Never married,Female,White,Yes,82000.0
27,70.0,High school,Private,Never married,Male,White,Yes,60000.0
19,38.0,High school,Private,Never married,Female,Other or multiple,Yes,15800.0
34,40.0,Associate degree,,Never married,Female,Black,Yes,34000.0
29,40.0,High school,Federal government,Never married,Male,Asian,No,26000.0
47,45.0,No high school diploma,Private,Married,Male,White,No,99000.0
36,40.0,,Private,Married,Male,Black,Yes,16000.0
56,40.0,Associate degree,Local government,Married,Female,White,Yes,19000.0
51,50.0,Bachelor degree,Private,Married,Male,White,Yes,55000.0
23,36.0,Some college,Private,Widowed,Male,White,Yes,18000.0
59,40.0,Graduate degree,State government,Married,Female,Black,Yes,50000.0
33,15.0,High school,Self-employed,Divorced,Male,White,Yes,400.0
38,25.0,No high school diploma,Private,Married,Male,White,No,6700.0
34,,Some college,Self-employed,Divorced,Female,White,Yes,31300.0
46,40.0,Some college,Local government,Married,Female,Black,No,17500.0
40,40.0,Bachelor degree,Private,Married,Female,White,Yes,43000.0
19,30.0,Some college,Private,Never married,Female,Other or multiple,Yes,450.0
24,35.0,High school,Private,Never married,Female,White,No,20800.0
64,40.0,Graduate degree,Private,Married,Male,White,Yes,152000.0
55,40.0,No high school diploma,Private non-profit,Married,Male,White,Yes,60000.0
58,70.0,High school,Private,Separated,Male,White,Yes,65000.0
64,72.0,,Private,Divorced,Male,White,Yes,70000.0
48,15.0,Some college,Private non-profit,Married,Female,Other or multiple,Yes,5000.0
24,10.0,Some college,Private,Never married,Male,White,Yes,300.0
25,,Bachelor degree,Private,Married,Female,Asian,No,62000.0
78,40.0,Bachelor degree,Local government,Married,Male,White,Yes,229800.0
54,40.0,Associate degree,Private,Married,Male,Black,Yes,44000.0
48,12.0,No high school diploma,Self-employed,Married,Male,White,Yes,13400.0
30,50.0,Some college,Private,Never married,Male,White,Yes,40000.0
33,35.0,High school,Private,Married,Female,Black,Yes,30000.0
24,40.0,Bachelor degree,Private,Never married,Female,Black,Yes,28000.0
62,40.0,Graduate degree,Private,Married,Male,White,No,165000.0
28,40.0,Bachelor degree,Private,Married,Female,Black,Yes,40000.0
36,55.0,,Private,Never married,Female,White,Yes,471000.0
49,40.0,High school,,Married,Female,White,Yes,32000.0
61,40.0,Graduate degree,Private non-profit,Married,Female,White,Yes,78400.0
50,72.0,High school,Self-employed (incorporated),Married,Female,Other or multiple,No,93800.0
19,60.0,No high school diploma,Private,Never married,Male,Other or multiple,Yes,120.0
48,14.0,Some college,Private,Married,Male,Asian,Yes,12000.0
17,25.0,Some college,Private,Never married,Male,White,Yes,2000.0
26,38.0,High school,Private,Married,Female,White,Yes,29000.0
53,48.0,Graduate degree,State government,Divorced,Female,White,Yes,57000.0
30,50.0,Graduate degree,,Married,Female,White,Yes,51000.0
76,45.0,Bachelor degree,Self-employed (incorporated),Married,Male,White,Yes,253300.0
53,40.0,High school,Private,Never married,Male,Black,Yes,14600.0
64,46.0,Bachelor degree,Federal government,Married,Female,White,Yes,65000.0
35,35.0,Some college,Private,Divorced,Female,White,Yes,23000.0
47,20.0,Some college,Self-employed,Married,Male,White,Yes,34000.0
42,50.0,High school,Private,Married,Male,Other or multiple,Yes,75000.0
23,20.0,No high school diploma,Private,Married,Male,Black,Yes,3200.0
44,50.0,High school,Private,Married,Male,Black,Yes,27600.0
54,40.0,Some college,Private,Married,Male,White,Yes,30000.0
28,20.0,Bachelor degree,Self-employed,Married,Female,White,Yes,13200.0
35,40.0,High school,Self-employed (incorporated),Never married,Male,Black,Yes,19200.0
33,40.0,High school,Private,Never married,Male,White,No,43000.0
73,30.0,Bachelor degree,Self-employed,Married,Female,White,Yes,88000.0
43,50.0,Bachelor degree,Private,Never married,Female,White,Yes,69000.0
27,70.0,Graduate degree,Private,Married,Male,White,Yes,52000.0
28,,Graduate degree,Private,Never married,Female,Asian,Yes,95000.0
49,40.0,High school,Private,Divorced,Female,White,Yes,38000.0
30,50.0,Bachelor degree,Private,Divorced,Female,White,Yes,120000.0
56,40.0,High school,Private,Married,Male,Black,Yes,40000.0
50,56.0,No high school diploma,Private,Widowed,Female,Asian,Yes,30000.0
25,,Some college,Private,Divorced,Male,White,Yes,106000.0
23,40.0,Associate degree,State government,Never married,Female,White,Yes,35000.0
52,40.0,High school,Private,Married,Female,Black,Yes,30000.0
36,50.0,Bachelor degree,Private,Married,Female,Black,Yes,65000.0
19,20.0,Some college,Private,Never married,Male,White,Yes,9400.0
30,50.0,Bachelor degree,Federal government,Married,Male,White,Yes,42000.0
30,70.0,High school,Self-employed (incorporated),Married,Male,White,Yes,36000.0
34,40.0,High school,Private,Never married,Female,White,No,5700.0
34,16.0,Associate degree,Private,Married,Female,Black,Yes,40000.0
56,40.0,High school,,Divorced,Male,White,Yes,15000.0
45,45.0,Bachelor degree,Private,Married,Male,Black,Yes,130000.0
57,48.0,Bachelor degree,Private,Divorced,Female,White,Yes,86000.0
38,48.0,Bachelor degree,Private,Never married,Male,White,Yes,78230.0
36,45.0,High school,Private,Never married,Male,White,Yes,22000.0
50,40.0,No high school diploma,Private,Divorced,Male,White,Yes,32000.0
25,32.0,High school,Private,Never married,Male,White,Yes,14000.0
32,40.0,No high school diploma,Private,Never married,Male,White,Yes,35000.0
35,40.0,Bachelor degree,,Married,Female,White,Yes,70000.0
22,30.0,Some college,Private non-profit,Never married,Male,Black,Yes,25000.0
68,16.0,Graduate degree,Local government,Married,Female,White,Yes,73200.0
57,60.0,Associate degree,Private,Married,Male,White,Yes,132000.0
45,45.0,Some college,Private,Married,Female,White,Yes,81600.0
72,30.0,Bachelor degree,Self-employed (incorporated),Married,Male,White,Yes,109700.0
20,34.0,Some college,Private,Never married,Male,Black,Yes,1900.0
48,55.0,Bachelor degree,Private,Divorced,Male,White,Yes,140000.0
60,40.0,Some college,Private,Never married,Female,Black,Yes,32000.0
42,50.0,Bachelor degree,Private,Married,Male,White,Yes,119500.0
61,10.0,Associate degree,Unpaid family work,Married,Male,Black,Yes,38300.0
26,48.0,No high school diploma,Private,Never married,Female,White,Yes,11000.0
33,45.0,Graduate degree,,Married,Female,White,Yes,65000.0
37,45.0,Bachelor degree,Private,Married,Female,White,Yes,90000.0
40,60.0,Graduate degree,Private,Married,Male,White,Yes,170100.0
28,40.0,Bachelor degree,Private,Never married,Female,White,Yes,28000.0
27,40.0,High school,Private,Never married,Female,Black,Yes,24000.0
48,60.0,Some college,Private,Married,Male,White,Yes,15100.0
32,40.0,No high school diploma,Private,Married,Male,White,Yes,25000.0
33,40.0,Associate degree,Local government,Married,Male,White,Yes,36000.0
64,40.0,High school,Federal government,Married,Male,Black,Yes,38000.0
54,8.0,Bachelor degree,Self-employed (incorporated),Married,Female,Black,Yes,1000.0
30,40.0,Some college,Private non-profit,Never married,Male,White,Yes,57000.0
26,40.0,Bachelor degree,Private,Married,Female,White,Yes,32000.0
46,65.0,Associate degree,Local government,Married,Female,Black,No,40000.0
20,26.0,High school,Private,Never married,Female,Black,Yes,13900.0
57,50.0,Graduate degree,Private,Married,Female,Black,Yes,65000.0
39,30.0,Some college,Private,Married,Female,White,Yes,2200.0
52,28.0,High school,Private non-profit,Married,Female,White,Yes,17400.0
34,40.0,Some college,Private non-profit,Never married,Female,White,Yes,21720.0
18,15.0,No high school diploma,Private,Never married,Male,White,Yes,2000.0
60,45.0,Some college,Private,Never married,Female,White,Yes,134100.0
51,30.0,Graduate degree,Self-employed (incorporated),Married,Male,White,Yes,122500.0
50,16.0,High school,Self-employed (incorporated),Married,Female,White,No,1200.0
40,8.0,Some college,Self-employed (incorporated),Married,Female,White,Yes,10800.0
31,40.0,Bachelor degree,Private,Married,Male,White,Yes,44000.0
20,16.0,Some college,Private,Never married,Male,White,Yes,15000.0
23,40.0,Associate degree,Private,Never married,Male,White,Yes,21300.0
26,36.0,,Private,Never married,Male,White,Yes,13000.0
46,36.0,Bachelor degree,Private,Never married,Female,Black,Yes,28500.0
34,25.0,Bachelor degree,Self-employed (incorporated),Married,Female,Asian,No,3000.0
59,40.0,Bachelor degree,Local government,Married,Female,White,Yes,100000.0
28,40.0,Bachelor degree,State government,Married,Female,White,Yes,40000.0
46,36.0,Associate degree,Private,Divorced,Female,Black,No,14400.0
30,24.0,Some college,State government,Never married,Female,Black,Yes,32000.0
39,50.0,Some college,Private,Never married,Female,Black,Yes,40000.0
36,30.0,Bachelor degree,Private,Married,Female,White,Yes,85000.0
61,32.0,Some college,Private,Married,Male,Black,Yes,135000.0
62,40.0,Bachelor degree,Private,Married,Male,White,Yes,113200.0
46,40.0,High school,Private,Married,Male,White,Yes,25000.0
30,40.0,Bachelor degree,State government,Married,Female,White,Yes,53000.0
32,45.0,Bachelor degree,Private,Never married,Female,Other or multiple,Yes,46000.0
28,30.0,Bachelor degree,Private,Never married,Male,White,Yes,80000.0
55,75.0,Graduate degree,Private non-profit,Married,Male,White,Yes,130000.0
23,50.0,No high school diploma,Private,Never married,Male,White,No,30000.0
63,82.0,No high school diploma,Private,Married,Male,White,Yes,70000.0
43,40.0,Graduate degree,Private non-profit,Married,Female,White,No,150000.0
56,40.0,High school,Private,Widowed,Male,White,Yes,30000.0
29,20.0,Associate degree,Private,Married,Female,White,Yes,12500.0
32,60.0,Graduate degree,Self-employed,Married,Female,White,Yes,101000.0
48,30.0,Bachelor degree,Private,Married,Female,Asian,No,13550.0
26,36.0,Associate degree,Private non-profit,Married,Female,White,Yes,65000.0
47,60.0,Bachelor degree,Private,Married,Male,White,Yes,472500.0
45,50.0,Bachelor degree,Private,Married,Female,White,No,110500.0
62,40.0,Graduate degree,Self-employed (incorporated),Married,Male,White,Yes,200000.0
20,40.0,No high school diploma,Private,Never married,Male,White,Yes,11000.0
58,40.0,High school,Private,Married,Male,Asian,No,30000.0
18,20.0,High school,,Never married,Female,Black,Yes,420.0
59,30.0,High school,Self-employed,Married,Male,White,No,45000.0
27,40.0,Some college,Federal government,Never married,Female,Black,Yes,40000.0
41,40.0,Some college,Private,Widowed,Female,White,Yes,17000.0
62,,No high school diploma,Private,Married,Male,Other or multiple,No,18000.0
57,40.0,No high school diploma,Private,Married,Male,White,Yes,55000.0
48,40.0,High school,Private,Married,Female,White,Yes,29000.0
26,32.0,High school,Private,Never married,Male,White,Yes,6500.0
33,40.0,Bachelor degree,Private non-profit,Never married,Male,White,Yes,55000.0
49,40.0,High school,Private,Married,Male,White,Yes,31000.0
31,60.0,Graduate degree,Private,Never married,Male,White,Yes,75000.0
26,40.0,High school,Private,Never married,Female,White,Yes,12000.0
40,30.0,Some college,Private,Never married,Female,Black,Yes,15000.0
19,40.0,High school,Federal government,Never married,Male,White,Yes,24000.0
31,40.0,Some college,Private,Married,Male,Black,Yes,32000.0
49,50.0,Bachelor degree,Self-employed (incorporated),Married,Male,White,Yes,104000.0
67,40.0,Some college,,Separated,Female,White,Yes,45000.0
62,40.0,Some college,,Married,Female,White,Yes,42800.0
22,30.0,Some college,Private,Never married,Male,Black,Yes,11000.0
57,40.0,Bachelor degree,Private,Married,Male,White,No,77000.0
22,45.0,Bachelor degree,Private,Never married,Female,White,Yes,13900.0
61,50.0,Some college,Private,Married,Male,White,Yes,55000.0
27,45.0,Some college,Private,Married,Female,White,Yes,38000.0
46,24.0,Graduate degree,Private,Married,Female,Other or multiple,Yes,60000.0
67,40.0,Associate degree,Private,Married,Female,White,No,28000.0
57,50.0,Associate degree,State government,Married,Male,White,Yes,60000.0
35,50.0,Bachelor degree,Self-employed,Divorced,Female,White,Yes,27000.0
27,40.0,Some college,Private,Married,Female,White,Yes,41000.0
49,60.0,Bachelor degree,Federal government,Never married,Male,White,Yes,65000.0
63,15.0,Some college,Self-employed,Married,Male,Black,Yes,15400.0
52,2.0,Bachelor degree,Self-employed,Married,Female,White,Yes,800.0
21,40.0,Some college,Private,Never married,Male,White,Yes,32000.0
29,40.0,Some college,Private,Never married,Female,White,Yes,30000.0
27,35.0,Some college,Private,Never married,Male,White,Yes,12000.0
19,,High school,Private,Never married,Female,White,Yes,12000.0
55,,Some college,Private,Married,Female,White,Yes,8000.0
69,16.0,Graduate degree,State government,Widowed,Female,Black,Yes,85900.0
60,40.0,Graduate degree,Local government,Never married,Female,Black,Yes,80000.0
43,40.0,High school,Private,Divorced,Female,White,Yes,8400.0
52,40.0,High school,Private,Married,Female,White,Yes,55000.0
52,40.0,Bachelor degree,Federal government,Divorced,Female,Other or multiple,Yes,45500.0
64,16.0,High school,State government,Married,Female,Black,Yes,37300.0
24,40.0,High school,Private,Never married,Female,White,Yes,28000.0
39,40.0,High school,State government,Separated,Female,Black,Yes,18000.0
59,40.0,High school,Local government,Divorced,Female,Black,Yes,70000.0
28,70.0,High school,Self-employed,Married,Female,White,Yes,24000.0
45,55.0,Bachelor degree,Private,Divorced,Male,White,No,193900.0
34,50.0,Graduate degree,Private,Never married,Female,Black,Yes,80000.0
33,40.0,Bachelor degree,Self-employed (incorporated),Never married,Male,White,Yes,69000.0
18,8.0,Some college,Private,Never married,Female,White,Yes,1000.0
32,40.0,High school,Local government,Divorced,Male,White,Yes,35000.0
39,40.0,High school,Private,Separated,Female,Black,Yes,1500.0
47,42.0,Bachelor degree,Private,Never married,Female,Black,Yes,471000.0
43,40.0,Some college,Federal government,Never married,Male,Black,Yes,35000.0
35,40.0,Some college,Private,Married,Male,White,Yes,35000.0
47,40.0,High school,Private,Never married,Male,White,Yes,35500.0
33,40.0,Bachelor degree,Federal government,Never married,Male,White,Yes,87200.0
40,50.0,Graduate degree,Private,Married,Female,White,Yes,471000.0
49,,Graduate degree,State government,Never married,Male,White,No,60100.0
43,45.0,Bachelor degree,Private,Married,Female,White,Yes,70000.0
49,20.0,High school,Private,Widowed,Male,White,Yes,12000.0
56,40.0,No high school diploma,Private,Married,Female,White,No,28000.0
21,40.0,No high school diploma,Private,Never married,Female,Black,Yes,26000.0
44,50.0,Bachelor degree,Self-employed,Married,Female,White,Yes,102000.0
59,60.0,High school,Federal government,Widowed,Male,White,Yes,61500.0
33,40.0,Associate degree,Private,Married,Male,White,Yes,56000.0
53,45.0,High school,Self-employed (incorporated),Married,Male,White,No,30100.0
62,40.0,Associate degree,Private,Never married,Female,Black,Yes,28000.0
41,50.0,Some college,Private,Married,Female,White,Yes,24000.0
61,40.0,Bachelor degree,Private,Married,Female,Black,Yes,14400.0
61,45.0,High school,Private,Married,Male,White,Yes,50000.0
49,36.0,Associate degree,Private,Divorced,Female,White,Yes,30000.0
44,,Graduate degree,State government,Married,Female,White,Yes,65000.0
47,40.0,Bachelor degree,,Married,Male,White,Yes,160000.0
44,50.0,No high school diploma,Private,Never married,Male,White,No,18000.0
61,40.0,Bachelor degree,Private,Married,Female,White,No,38100.0
33,40.0,High school,Private,Married,Male,Asian,No,40000.0
35,60.0,Graduate degree,Local government,Married,Female,White,Yes,63000.0
65,40.0,Graduate degree,Self-employed (incorporated),Divorced,Female,White,Yes,35000.0
33,25.0,Some college,Private,Married,Female,White,Yes,25000.0
57,32.0,High school,Private,Married,Female,White,Yes,8900.0
68,,Bachelor degree,Private non-profit,Married,Female,White,Yes,31700.0
21,20.0,No high school diploma,Private,Never married,Female,White,Yes,4000.0
24,20.0,High school,Private,Married,Female,White,Yes,500.0
44,40.0,No high school diploma,Private,Married,Male,Asian,No,30000.0
43,40.0,High school,Private,Married,Male,White,Yes,87000.0
46,40.0,High school,Private,Divorced,Male,White,Yes,90000.0
37,80.0,,Local government,Never married,Male,Black,Yes,75000.0
53,40.0,High school,Private,Married,Female,White,Yes,23000.0
34,20.0,Graduate degree,State government,Married,Male,Asian,No,44000.0
50,65.0,Some college,Private,Married,Male,Black,No,72000.0
33,30.0,Graduate degree,Private,Never married,Female,White,Yes,10000.0
53,,No high school diploma,Private,Never married,Female,White,No,26000.0
44,25.0,Graduate degree,Local government,Married,Female,White,Yes,7100.0
57,40.0,Bachelor degree,Private,Married,Male,White,Yes,71400.0
56,40.0,Some college,Self-employed (incorporated),Divorced,Male,White,Yes,32500.0
43,40.0,Bachelor degree,State government,Married,Female,White,Yes,48000.0
34,55.0,Some college,Private,Married,Male,White,Yes,24600.0
63,40.0,High school,Private,Divorced,Female,Black,No,28810.0
33,55.0,Graduate degree,,Married,Female,White,Yes,58000.0
47,40.0,Graduate degree,Local government,Divorced,Female,Black,Yes,91000.0
40,55.0,Bachelor degree,Private,Married,Male,White,Yes,125000.0
25,45.0,Some college,Federal government,Never married,Male,Asian,Yes,28000.0
53,40.0,Graduate degree,Private,Married,Female,Black,Yes,110000.0
27,40.0,Bachelor degree,Private,Never married,Female,White,Yes,42000.0
60,10.0,High school,Private,Separated,Female,Black,Yes,7300.0
58,45.0,Associate degree,Private,Married,Female,White,No,98000.0
48,40.0,Some college,Private,Divorced,Female,White,Yes,45000.0
69,40.0,Some college,State government,Married,Female,White,Yes,49500.0
39,50.0,High school,Private,Married,Female,White,Yes,20000.0
43,40.0,High school,Private,Married,Male,White,Yes,80000.0
60,40.0,Bachelor degree,Private non-profit,Married,Male,Black,Yes,36000.0
28,40.0,Bachelor degree,Private,Never married,Male,White,No,82000.0
65,36.0,Bachelor degree,Private,Married,Male,White,Yes,31900.0
54,45.0,Bachelor degree,Private,Married,Male,White,Yes,90010.0
75,16.0,High school,,Widowed,Female,White,Yes,6900.0
80,4.0,Some college,Self-employed,Married,Male,White,No,42300.0
44,60.0,Bachelor degree,Private,Married,Male,White,Yes,178000.0
31,40.0,High school,Private,Never married,Female,Black,Yes,44000.0
70,30.0,High school,Private,Married,Female,White,Yes,54000.0
52,40.0,Some college,Private,Never married,Female,Black,Yes,19200.0
60,40.0,Graduate degree,Private,Married,Female,White,Yes,87110.0
37,25.0,Some college,Private,Married,Female,White,Yes,4200.0
32,40.0,Bachelor degree,Private,Never married,Female,White,Yes,35000.0
25,40.0,No high school diploma,Private,Married,Male,Black,Yes,18000.0
65,50.0,High school,Private,Married,Male,White,Yes,54200.0
55,50.0,Bachelor degree,Self-employed (incorporated),Married,Male,White,Yes,541000.0
44,40.0,High school,Private,Married,Male,White,Yes,68000.0
27,40.0,No high school diploma,Private,Married,Male,White,No,15900.0
20,25.0,Associate degree,Local government,Never married,Female,White,Yes,11000.0
70,40.0,Associate degree,Self-employed,Divorced,Female,Black,Yes,14800.0
33,15.0,High school,Self-employed (incorporated),Married,Female,White,Yes,20000.0
35,40.0,Graduate degree,State government,Never married,Female,Black,Yes,31000.0
17,20.0,No high school diploma,Private,Never married,Female,White,Yes,1200.0
53,40.0,High school,Private,Married,Female,White,Yes,31500.0
42,36.0,,Private,Divorced,Female,White,Yes,67000.0
19,55.0,High school,Federal government,Never married,Male,White,Yes,22000.0
54,60.0,Bachelor degree,Self-employed (incorporated),Married,Male,White,Yes,30000.0
40,40.0,Bachelor degree,Private,Married,Female,White,Yes,37000.0
18,38.0,No high school diploma,Private,Never married,Female,White,Yes,18200.0
61,45.0,Some college,Private,Married,Male,White,Yes,120000.0
58,27.0,Bachelor degree,Self-employed (incorporated),Divorced,Female,White,Yes,29000.0
18,20.0,Some college,Private,Never married,Female,White,Yes,5000.0
57,40.0,Bachelor degree,Private,Married,Female,White,Yes,100000.0
58,50.0,High school,Private,Married,Male,White,Yes,30000.0
46,45.0,Graduate degree,State government,Married,Female,White,Yes,66000.0
33,40.0,Some college,Private,Never married,Female,White,No,50000.0
59,35.0,Graduate degree,Private,Married,Male,White,Yes,95000.0
43,40.0,Bachelor degree,Private,Married,Male,Black,Yes,160000.0
38,45.0,Graduate degree,Federal government,Married,Female,White,Yes,105000.0
20,40.0,Some college,Federal government,Never married,Female,White,Yes,5000.0
65,40.0,No high school diploma,Local government,Married,Male,White,Yes,33400.0
20,16.0,Some college,Private,Never married,Female,Black,Yes,1400.0
38,40.0,High school,Private,Married,Male,White,Yes,48000.0
36,48.0,High school,Private,Never married,Male,Black,Yes,22000.0
33,45.0,,Private,Never married,Male,Black,Yes,21000.0
18,24.0,Some college,Private,Married,Male,Black,Yes,5700.0
22,40.0,High school,Private,Divorced,Female,White,Yes,20000.0
17,20.0,No high school diploma,Private,Never married,Male,Other or multiple,Yes,470.0
54,40.0,Graduate degree,Private,Married,Male,White,Yes,100000.0
24,,Some college,Private,Never married,Male,White,Yes,5300.0
47,70.0,Graduate degree,Private,Married,Male,White,Yes,471000.0
23,40.0,No high school diploma,Private,Married,Female,Asian,No,40000.0
32,40.0,Some college,Private,Never married,Male,White,Yes,129000.0
21,32.0,Some college,Private,Never married,Male,Black,Yes,4200.0
28,40.0,High school,Private,Never married,Male,Black,Yes,6000.0
50,60.0,Bachelor degree,Private,Married,Male,White,Yes,155000.0
51,50.0,Graduate degree,Local government,Divorced,Male,White,Yes,50000.0
44,40.0,High school,Private,Separated,Female,White,Yes,800.0
22,40.0,High school,Private,Never married,Female,White,Yes,10000.0
30,40.0,Bachelor degree,Private,Married,Male,White,Yes,70000.0
43,40.0,,State government,Married,Female,White,Yes,25000.0
25,40.0,Bachelor degree,Private,Never married,Female,White,Yes,90000.0
52,40.0,High school,Private,Married,Male,Black,Yes,9000.0
40,,Some college,Private,Married,Male,White,No,12000.0
74,38.0,High school,Private non-profit,Widowed,Female,White,Yes,32000.0
29,40.0,Some college,Private,Married,Male,White,Yes,62000.0
52,50.0,Graduate degree,Private,Married,Female,White,Yes,182000.0
37,40.0,Bachelor degree,Private,Married,Male,White,Yes,45000.0
27,40.0,Associate degree,Private,Married,Male,Black,Yes,25000.0
61,40.0,Graduate degree,State government,Married,Female,White,Yes,70000.0
52,35.0,Some college,Self-employed (incorporated),Divorced,Female,Black,Yes,32000.0
65,10.0,Graduate degree,State government,Divorced,Male,White,Yes,46200.0
32,40.0,Graduate degree,Private,Never married,Male,White,Yes,75000.0
24,40.0,Bachelor degree,Private,Married,Female,White,Yes,32000.0
19,15.0,High school,Private,Never married,Female,White,Yes,5000.0
64,35.0,Bachelor degree,Private,Married,Female,Asian,No,19000.0
37,40.0,High school,Private,Married,Male,White,Yes,30000.0
24,20.0,Bachelor degree,Private,Never married,Male,White,Yes,9600.0
68,40.0,Bachelor degree,Self-employed (incorporated),Married,Male,White,Yes,29700.0
30,20.0,Some college,,Never married,Female,Black,No,15190.0
56,36.0,Graduate degree,Local government,Divorced,Female,Black,Yes,80000.0
36,40.0,Bachelor degree,Private,Never married,Male,Black,No,82000.0
47,40.0,Some college,Federal government,Separated,Female,Black,Yes,70600.0
26,40.0,Bachelor degree,Private,Never married,Male,White,Yes,82000.0
19,18.0,High school,Private,Never married,Female,White,Yes,7200.0
49,40.0,Some college,Private,Married,Male,White,Yes,20000.0
54,40.0,Bachelor degree,Local government,Married,Male,White,Yes,93000.0
42,40.0,Associate degree,Local government,Married,Female,Other or multiple,Yes,41100.0
47,40.0,High school,Private,Divorced,Male,White,Yes,30000.0
40,40.0,Graduate degree,Private,Married,Male,White,Yes,145000.0
57,56.0,Bachelor degree,Private,Married,Male,White,Yes,120000.0
82,60.0,Some college,Private non-profit,Married,Male,Black,No,35600.0
48,48.0,Some college,Private,Married,Female,White,Yes,14400.0
45,36.0,Bachelor degree,Private,Never married,Female,White,Yes,19000.0
53,28.0,High school,,Married,Female,White,Yes,7500.0
18,20.0,Some college,Private,Never married,Female,White,Yes,7000.0
27,20.0,,Private,Never married,Female,White,Yes,3000.0
60,60.0,Some college,Private,Married,Male,White,Yes,471000.0
19,30.0,High school,Private,Never married,Male,White,Yes,34300.0
41,60.0,Associate degree,Private,Married,Male,White,No,125000.0
29,50.0,Graduate degree,State government,Never married,Female,White,No,24000.0
24,40.0,Bachelor degree,,Never married,Female,Asian,No,12000.0
19,35.0,No high school diploma,Private,Never married,Female,Other or multiple,Yes,900.0
30,50.0,Bachelor degree,,Married,Female,White,Yes,30000.0
27,40.0,Some college,Private,Never married,Male,Black,Yes,2700.0
40,40.0,High school,Private,Married,Female,Other or multiple,Yes,40000.0
19,,High school,Private,Never married,Female,Black,Yes,12000.0
54,50.0,Some college,Private,Married,Male,White,Yes,80000.0
49,,Bachelor degree,State government,Married,Female,Black,Yes,50000.0
57,43.0,High school,Private,Never married,Male,White,Yes,36000.0
20,40.0,High school,Local government,Never married,Male,White,Yes,22000.0
37,40.0,Bachelor degree,Private,Married,Female,Asian,No,11100.0
58,47.0,Graduate degree,Private,Married,Male,White,Yes,471000.0
35,40.0,High school,Private,Married,Male,White,Yes,30000.0
43,50.0,Associate degree,,Never married,Male,Black,Yes,36000.0
18,10.0,No high school diploma,Private,Never married,Female,White,Yes,1800.0
35,40.0,Associate degree,Private,Never married,Female,Black,Yes,18000.0
29,24.0,Some college,Private,Never married,Female,Black,Yes,20000.0
57,60.0,Graduate degree,Private non-profit,Married,Male,White,Yes,65000.0
55,50.0,Some college,Local government,Married,Male,White,Yes,70000.0
60,45.0,Some college,,Married,Female,White,Yes,99500.0
45,40.0,Bachelor degree,Private,Married,Female,White,Yes,90000.0
41,15.0,Bachelor degree,Private,Married,Female,Asian,No,2100.0
53,20.0,High school,Private,Married,Female,White,Yes,25000.0
33,45.0,Some college,Local government,Never married,Female,Black,Yes,23300.0
45,32.0,Associate degree,Private,Never married,Female,Other or multiple,Yes,5000.0
54,40.0,High school,Federal government,Married,Female,White,Yes,59500.0
25,40.0,High school,Self-employed,Never married,Male,White,Yes,20000.0
34,55.0,Bachelor degree,Private,Married,Male,White,Yes,75000.0
65,50.0,Some college,Self-employed (incorporated),Married,Female,White,Yes,75000.0
46,50.0,Associate degree,Private,Married,Male,White,No,80000.0
42,40.0,Associate degree,Private non-profit,Never married,Female,Black,Yes,48600.0
35,40.0,,Private,Married,Male,Other or multiple,No,50000.0
43,40.0,Some college,Private,Married,Female,Black,Yes,46000.0
22,,Some college,Private,Never married,Female,White,Yes,8600.0
45,38.0,High school,Private,Married,Female,Black,Yes,5000.0
67,37.0,No high school diploma,Private,Widowed,Female,Asian,No,17000.0
41,40.0,Some college,Private,Married,Male,White,Yes,67000.0
44,40.0,Bachelor degree,Private,Married,Male,White,Yes,471000.0
40,40.0,Some college,Private,Married,Male,Black,Yes,46100.0
17,30.0,High school,Private,Never married,Female,White,No,12000.0
21,15.0,Some college,Private,Never married,Female,White,Yes,2700.0
28,40.0,High school,Private,Never married,Female,White,Yes,26000.0
47,45.0,Bachelor degree,Private,Married,Male,White,Yes,250000.0
33,80.0,High school,Private,Married,Male,Black,Yes,50000.0
40,30.0,Graduate degree,Self-employed (incorporated),Married,Female,White,Yes,30000.0
32,28.0,High school,Private,Never married,Male,Black,Yes,12000.0
42,25.0,,Private,Married,Male,White,Yes,3000.0
44,40.0,Graduate degree,Private,Never married,Male,Other or multiple,Yes,106000.0
37,36.0,Some college,Private non-profit,Married,Female,White,Yes,50000.0
41,40.0,Graduate degree,Private,Divorced,Female,Black,Yes,54000.0
30,60.0,Graduate degree,Private,Never married,Male,White,Yes,224000.0
63,40.0,Some college,Private,Married,Male,White,Yes,101800.0
55,40.0,Some college,Private,Divorced,Female,Black,Yes,55000.0
59,70.0,Bachelor degree,Private,Never married,Male,White,Yes,260000.0
23,30.0,High school,,Never married,Female,Black,Yes,12000.0
38,25.0,Some college,Private,Separated,Female,Black,Yes,25000.0
34,40.0,Graduate degree,Private,Married,Male,White,Yes,95000.0
32,,Some college,Self-employed (incorporated),Never married,Female,White,Yes,35000.0
38,42.0,Some college,Private,Never married,Female,White,Yes,55000.0
59,40.0,Associate degree,Private,Married,Female,White,Yes,30030.0
75,19.0,Bachelor degree,State government,Married,Male,White,Yes,67300.0
54,4.0,Some college,Private,Married,Female,White,Yes,9600.0
49,40.0,Bachelor degree,Local government,Married,Female,White,Yes,33000.0
38,40.0,No high school diploma,Self-employed,Married,Male,White,Yes,20400.0
55,40.0,Associate degree,Private,Married,Male,White,Yes,45000.0
53,40.0,High school,Private,Divorced,Female,White,Yes,19000.0
50,70.0,High school,Self-employed,Married,Male,White,Yes,125000.0
33,36.0,Bachelor degree,Private,Never married,Female,White,Yes,31000.0
36,40.0,Bachelor degree,Federal government,Married,Male,White,Yes,100000.0
59,,High school,Private,Married,Female,White,Yes,20000.0
53,36.0,High school,Private,Married,Female,Black,Yes,24000.0
39,60.0,Bachelor degree,,Divorced,Male,Black,No,80000.0
51,40.0,High school,Private,Married,Female,Black,Yes,24000.0
59,40.0,High school,Private,Never married,Male,Black,Yes,2700.0
38,40.0,Graduate degree,Private,Married,Female,White,Yes,131000.0
59,40.0,Some college,Private,Married,Female,Black,Yes,36000.0
34,50.0,Some college,Private,Never married,Male,Black,Yes,25000.0
38,30.0,Graduate degree,Self-employed,Married,Female,White,Yes,90000.0
58,12.0,Bachelor degree,Self-employed,Married,Female,White,Yes,3500.0
57,40.0,High school,Federal government,Married,Male,White,Yes,85000.0
65,80.0,High school,Private,Separated,Male,Black,Yes,39000.0
28,40.0,Graduate degree,Private,Married,Male,White,Yes,63000.0
56,8.0,Bachelor degree,Private non-profit,Married,Female,White,Yes,5000.0
61,40.0,Some college,Local government,Divorced,Female,White,Yes,18100.0
23,25.0,Some college,Private non-profit,Married,Female,White,Yes,20000.0
52,40.0,High school,Private,Divorced,Female,Black,Yes,17000.0
28,40.0,No high school diploma,Private,Married,Female,White,Yes,16000.0
30,20.0,No high school diploma,Private,Divorced,Female,White,Yes,3000.0
51,40.0,Bachelor degree,Private,Married,Female,Black,No,90000.0
39,30.0,Some college,Private,Married,Female,White,Yes,45000.0
65,28.0,High school,Private,Married,Male,White,Yes,63000.0
58,30.0,Associate degree,Private,Married,Female,Black,Yes,10000.0
61,40.0,Bachelor degree,Self-employed (incorporated),Divorced,Male,Other or multiple,No,85000.0
39,40.0,High school,Private,Married,Male,White,Yes,46000.0
27,40.0,Bachelor degree,Private,Never married,Female,Black,Yes,4800.0
48,50.0,Some college,Private,Married,Male,White,Yes,80000.0
60,60.0,High school,Private,Married,Female,White,Yes,50000.0
36,45.0,Bachelor degree,,Married,Male,White,Yes,74210.0
52,50.0,Some college,Private,Married,Male,White,Yes,85000.0
36,50.0,Bachelor degree,Self-employed,Married,Male,White,Yes,311000.0
51,30.0,Some college,Self-employed (incorporated),Married,Female,White,Yes,25000.0
60,50.0,Graduate degree,Local government,Married,Female,Black,Yes,63000.0
25,40.0,High school,Private,Never married,Male,Black,Yes,12200.0
31,40.0,High school,Self-employed,Married,Female,Other or multiple,Yes,36000.0
28,40.0,,Private,Married,Female,White,Yes,65000.0
59,40.0,Bachelor degree,Private,Married,Male,White,Yes,52150.0
19,30.0,High school,Private,Never married,Female,Black,Yes,1800.0
57,44.0,Associate degree,Private,Married,Female,White,No,48000.0
27,40.0,Some college,Private,Never married,Male,White,Yes,30000.0
52,40.0,High school,Private,Married,Male,Black,No,46800.0
28,40.0,Bachelor degree,Private,Never married,Male,White,Yes,78000.0
62,70.0,Bachelor degree,Self-employed,Married,Male,Asian,No,55000.0
61,45.0,High school,Private,Married,Female,White,Yes,40000.0
22,40.0,High school,Private,Never married,Male,White,Yes,1500.0
29,40.0,High school,Private,Married,Female,Other or multiple,No,10000.0
48,40.0,Some college,Private,Married,Male,White,Yes,98000.0
47,48.0,High school,Local government,Married,Male,White,Yes,71000.0
41,60.0,Graduate degree,Self-employed,Married,Male,White,Yes,99000.0
55,40.0,Graduate degree,State government,Married,Male,Asian,No,52000.0
38,44.0,Some college,,Married,Male,White,Yes,35000.0
24,40.0,Some college,Local government,Married,Male,White,Yes,46000.0
31,40.0,High school,Private,Never married,Female,Black,Yes,15000.0
42,50.0,Graduate degree,Federal government,Married,Male,Black,Yes,70000.0
32,40.0,Bachelor degree,Private,Divorced,Female,White,Yes,80400.0
65,50.0,Graduate degree,Federal government,Married,Male,White,Yes,117600.0
41,40.0,Graduate degree,Self-employed (incorporated),Married,Male,Asian,No,100000.0
37,50.0,Some college,Self-employed (incorporated),Separated,Male,Other or multiple,No,70000.0
34,50.0,Bachelor degree,Private non-profit,Widowed,Female,Black,No,60000.0
33,60.0,,State government,Married,Male,White,Yes,50000.0
65,40.0,High school,Private,Married,Male,White,Yes,29100.0
47,40.0,No high school diploma,Private,Married,Male,White,No,25000.0
19,20.0,High school,Private,Never married,Male,White,Yes,6000.0
18,25.0,High school,Private,Never married,Female,White,Yes,8400.0
40,40.0,Bachelor degree,Private,Never married,Male,White,Yes,64000.0
27,31.0,Some college,Private,Divorced,Female,Black,No,15700.0
49,40.0,No high school diploma,Self-employed (incorporated),Married,Male,White,Yes,88000.0
43,40.0,High school,Private,Married,Female,White,Yes,20000.0
19,15.0,Some college,State government,Never married,Female,White,Yes,500.0
73,60.0,High school,Self-employed,Widowed,Female,White,Yes,38410.0
56,30.0,Some college,Private,Separated,Male,Black,Yes,9000.0
20,25.0,No high school diploma,Private,Never married,Male,Black,Yes,7000.0
67,40.0,Bachelor degree,Federal government,Married,Male,White,Yes,76900.0
37,40.0,Bachelor degree,Private,Married,Female,Asian,No,50000.0
48,20.0,Some college,Private,Married,Female,White,Yes,12000.0
39,32.0,No high school diploma,Private,Married,Female,White,Yes,800.0
57,40.0,Bachelor degree,,Married,Male,White,Yes,40000.0
48,50.0,Graduate degree,,Married,Male,Asian,No,200000.0
50,46.0,High school,Private,Married,Male,White,Yes,42100.0
37,40.0,Graduate degree,State government,Married,Female,White,Yes,63000.0
38,,High school,Private,Divorced,Male,Black,Yes,20000.0
64,2.0,High school,Private,Married,Female,White,Yes,9200.0
23,15.0,Some college,Private,Never married,Male,White,Yes,5000.0
42,45.0,Graduate degree,Private,Married,Male,White,Yes,225000.0
42,46.0,Graduate degree,Private,Married,Female,White,Yes,155000.0
56,50.0,Some college,Private,Married,Male,White,Yes,55000.0
62,35.0,Associate degree,Private,Married,Female,White,Yes,82000.0
35,40.0,Bachelor degree,Private,Never married,Male,White,Yes,103000.0
24,30.0,High school,Private,Never married,Female,White,Yes,18000.0
60,40.0,High school,Self-employed,Widowed,Male,Black,Yes,12000.0
24,40.0,Some college,Private,Never married,Male,Black,Yes,19200.0
43,40.0,Graduate degree,Self-employed (incorporated),Married,Female,White,Yes,150000.0
26,40.0,,Private,Never married,Female,White,Yes,42000.0
37,55.0,Bachelor degree,State government,Divorced,Female,White,Yes,47000.0
22,30.0,High school,Private,Never married,Female,Black,Yes,16800.0
27,40.0,Some college,Private,Never married,Female,White,Yes,45000.0
40,40.0,Bachelor degree,Private,Never married,Male,White,Yes,120000.0
48,40.0,High school,,Married,Male,White,Yes,60000.0
23,35.0,No high school diploma,Private,Never married,Male,White,Yes,12000.0
43,40.0,Graduate degree,,Married,Male,White,Yes,55000.0
18,12.0,No high school diploma,Private,Never married,Male,White,Yes,2000.0
24,40.0,Bachelor degree,Private,Married,Female,White,Yes,30000.0
60,36.0,Associate degree,Private non-profit,Never married,Male,White,Yes,60000.0
46,40.0,Graduate degree,State government,Married,Female,Black,Yes,28400.0
33,40.0,Some college,Private,Married,Male,Black,Yes,1700.0
42,30.0,High school,Private,Never married,Male,White,Yes,30000.0
27,55.0,Bachelor degree,Private,Married,Male,White,Yes,60000.0
29,40.0,Some college,Self-employed,Married,Female,White,Yes,45000.0
60,70.0,Graduate degree,Private,Divorced,Female,White,Yes,12000.0
64,60.0,Some college,Self-employed,Married,Male,White,Yes,20000.0
42,40.0,High school,Private,Separated,Male,Black,Yes,15000.0
22,40.0,High school,Private,Never married,Male,Black,Yes,13900.0
37,34.0,,Private,Married,Female,White,Yes,85000.0
62,40.0,Some college,Private,Married,Female,Black,Yes,15000.0
49,25.0,High school,Self-employed,Married,Male,Black,Yes,14000.0
24,40.0,Associate degree,Federal government,Married,Male,White,Yes,110000.0
51,40.0,Graduate degree,Private,Married,Male,White,Yes,160000.0
38,40.0,No high school diploma,Private,Never married,Male,White,Yes,20000.0
34,15.0,Some college,Private,Never married,Female,Black,Yes,6800.0
37,40.0,No high school diploma,Private,Married,Male,Other or multiple,No,37000.0
66,30.0,High school,Private,Widowed,Female,White,Yes,55000.0
17,15.0,High school,Private,Married,Male,Other or multiple,Yes,5000.0
57,35.0,Some college,Private,Married,Female,White,Yes,70000.0
44,40.0,No high school diploma,Private,Married,Female,White,Yes,25000.0
43,50.0,Some college,Private,Divorced,Male,White,Yes,50000.0
21,60.0,Bachelor degree,Unpaid family work,Never married,Male,White,Yes,5000.0
45,50.0,Some college,Self-employed,Never married,Male,Black,No,9000.0
50,55.0,No high school diploma,Private,Separated,Male,White,Yes,60000.0
25,30.0,No high school diploma,Private,Married,Male,White,No,2300.0
25,36.0,Bachelor degree,Private non-profit,Married,Male,White,Yes,50000.0
43,38.0,Some college,Private,Married,Female,White,Yes,20000.0
45,35.0,Some college,Private,Married,Female,White,Yes,90000.0
37,45.0,Graduate degree,Private,Married,Male,White,Yes,60000.0
20,20.0,Some college,Private,Never married,Male,White,Yes,12000.0
56,60.0,No high school diploma,Private,Married,Male,White,Yes,78000.0
62,40.0,Graduate degree,Federal government,Married,Female,White,Yes,70400.0
23,24.0,High school,Private non-profit,Never married,Male,White,Yes,19100.0
32,40.0,Some college,Federal government,Married,Female,Black,Yes,38000.0
37,60.0,High school,Private,Divorced,Male,Black,Yes,48000.0
58,37.0,Associate degree,Private,Married,Female,White,Yes,57000.0
61,24.0,Bachelor degree,Private non-profit,Married,Female,White,Yes,8600.0
33,6.0,High school,Private,Never married,Female,Black,Yes,15200.0
57,40.0,High school,Private,Married,Female,White,Yes,18700.0
43,40.0,Bachelor degree,Private,Married,Male,White,Yes,96000.0
50,40.0,High school,Local government,Separated,Male,White,Yes,21100.0
62,40.0,High school,Self-employed,Married,Male,White,Yes,74000.0
44,40.0,Graduate degree,Local government,Divorced,Female,White,Yes,37000.0
31,45.0,Graduate degree,Private non-profit,Married,Male,White,Yes,100000.0
29,30.0,Some college,Private,Never married,Male,Black,Yes,20000.0
50,40.0,Associate degree,,Married,Female,Black,No,55000.0
68,40.0,No high school diploma,Self-employed,Divorced,Male,White,Yes,14000.0
51,50.0,High school,Private,Married,Male,White,Yes,215000.0
64,35.0,Some college,Self-employed (incorporated),Married,Male,White,Yes,20200.0
46,45.0,Bachelor degree,Private,Married,Female,White,Yes,90000.0
51,42.0,High school,Private,Divorced,Male,White,Yes,20800.0
18,10.0,No high school diploma,Private,Never married,Male,Black,Yes,6000.0
33,40.0,Graduate degree,State government,Married,Female,White,Yes,47000.0
42,60.0,Some college,Self-employed (incorporated),Married,Male,White,Yes,120000.0
58,40.0,High school,Private,Never married,Female,Black,Yes,29400.0
79,12.0,No high school diploma,Self-employed,Married,Female,White,Yes,15850.0
21,4.0,High school,Private non-profit,Never married,Female,White,Yes,2000.0
28,40.0,Some college,Private,Married,Male,White,Yes,53000.0
45,75.0,Graduate degree,Federal government,Married,Male,White,Yes,250000.0
32,35.0,No high school diploma,Private,Married,Male,Other or multiple,No,35000.0
38,35.0,Some college,Private,Married,Female,White,Yes,10200.0
20,25.0,High school,Private,Never married,Female,Other or multiple,Yes,8000.0
32,6.0,Associate degree,Private,Married,Female,White,Yes,900.0
37,45.0,Graduate degree,Self-employed (incorporated),Married,Male,White,Yes,106000.0
56,30.0,Some college,Private,Divorced,Male,Black,Yes,163000.0
20,30.0,Some college,Private,Never married,Male,White,Yes,5100.0
47,40.0,Bachelor degree,Private,Married,Female,Black,No,20000.0
52,45.0,Associate degree,Private non-profit,Married,Female,White,Yes,32000.0
20,40.0,Associate degree,Private,Never married,Female,Black,No,19100.0
59,50.0,Bachelor degree,State government,Married,Female,White,Yes,55000.0
33,,High school,Private,Married,Male,White,Yes,50000.0
37,60.0,,Self-employed,Married,Female,White,Yes,30000.0
49,,High school,Private,Never married,Female,Black,Yes,16000.0
28,42.0,Associate degree,Federal government,Married,Male,White,No,65000.0
32,26.0,Bachelor degree,Private,Married,Female,White,Yes,28000.0
62,60.0,High school,Private,Married,Male,White,Yes,20000.0
49,45.0,,Private non-profit,Never married,Female,White,Yes,65000.0
59,40.0,Some college,Private non-profit,Married,Female,White,Yes,42000.0
25,40.0,Bachelor degree,Private,Never married,Female,White,Yes,100000.0
36,40.0,Some college,Private,Divorced,Female,White,Yes,43000.0
21,30.0,Some college,Private,Never married,Female,White,Yes,12000.0
61,30.0,Associate degree,Private,Married,Female,Asian,No,6700.0
67,,Graduate degree,State government,Married,Female,White,Yes,89000.0
65,42.0,Graduate degree,Self-employed,Divorced,Female,White,Yes,31600.0
43,40.0,High school,Private,Separated,Male,White,No,35000.0
29,40.0,High school,Private,Never married,Female,White,Yes,14000.0
57,37.0,High school,Local government,Married,Female,White,Yes,23920.0
58,40.0,Some college,Local government,Married,Female,White,Yes,36000.0
38,40.0,Graduate degree,Private,Married,Male,White,Yes,47000.0
58,37.0,High school,Private,Married,Female,Black,Yes,20000.0
60,35.0,High school,Private,Married,Female,White,Yes,50000.0
18,20.0,Some college,Private,Never married,Male,Black,Yes,400.0
71,15.0,High school,Private,Widowed,Female,White,Yes,16900.0
47,60.0,Graduate degree,Private,Married,Male,White,Yes,250000.0
68,,Some college,Private,Married,Female,White,Yes,39500.0
24,30.0,Some college,Private,Divorced,Female,White,Yes,19300.0
19,,Some college,,Never married,Male,White,Yes,4000.0
41,50.0,Some college,Private,Married,Female,White,Yes,13000.0
30,40.0,Bachelor degree,State government,Married,Male,White,Yes,60000.0
31,40.0,Some college,Private,Never married,Male,White,Yes,37000.0
31,40.0,Some college,Private,Never married,Male,Black,Yes,20000.0
44,50.0,Graduate degree,State government,Never married,Male,White,No,64000.0
76,20.0,Graduate degree,Private non-profit,Married,Male,White,Yes,110000.0
53,30.0,Some college,Local government,Married,Male,Black,Yes,22000.0
21,36.0,High school,Private,Never married,Male,White,Yes,13000.0
56,60.0,Bachelor degree,Private,Never married,Male,White,Yes,191000.0
69,10.0,High school,Self-employed,Married,Female,White,Yes,12000.0
33,1.0,Bachelor degree,,Married,Female,White,Yes,5600.0
51,38.0,Associate degree,Private,Divorced,Female,White,Yes,78000.0
29,40.0,Associate degree,Private,Never married,Male,White,No,26000.0
39,40.0,Bachelor degree,Private,Married,Female,Black,Yes,65000.0
57,48.0,High school,Private,Married,Male,White,Yes,21000.0
62,30.0,Some college,Private non-profit,Married,Female,White,Yes,64000.0
50,40.0,Some college,Private,Married,Female,White,Yes,72000.0
37,45.0,Graduate degree,Local government,Married,Female,White,Yes,75000.0
50,37.0,No high school diploma,Private,Married,Female,White,No,8000.0
36,40.0,Some college,Private,Married,Female,Black,Yes,15000.0
22,16.0,High school,Private,Never married,Female,Other or multiple,No,8000.0
57,30.0,High school,Private,Married,Female,White,Yes,20000.0
25,26.0,Bachelor degree,Private,Never married,Male,Black,Yes,4600.0
57,55.0,Some college,Private,Divorced,Male,White,Yes,99000.0
44,8.0,Graduate degree,Private,Married,Female,White,Yes,30200.0
46,69.0,High school,Private,Married,Male,White,No,46000.0
63,32.0,Associate degree,Private,Divorced,Female,Other or multiple,Yes,14000.0
33,15.0,High school,Private,Never married,Male,White,Yes,2200.0
32,54.0,High school,Private,Married,Female,White,Yes,46000.0
31,45.0,Graduate degree,Private,Never married,Male,Black,Yes,80000.0
40,40.0,Some college,Private,Married,Male,White,Yes,86000.0
36,45.0,Graduate degree,Local government,Married,Male,White,Yes,57000.0
23,40.0,Bachelor degree,Private,Never married,Male,White,Yes,30000.0
36,50.0,Graduate degree,,Married,Male,White,Yes,100000.0
30,50.0,Some college,Self-employed,Married,Male,White,Yes,45000.0
46,40.0,Associate degree,Local government,Married,Female,White,Yes,15200.0
53,55.0,High school,Private,Married,Male,White,Yes,62000.0
36,40.0,High school,Private,Separated,Male,White,Yes,3000.0
43,40.0,Associate degree,Federal government,Divorced,Female,Black,Yes,40000.0
34,40.0,Some college,Private,Married,Male,Black,Yes,32000.0
57,45.0,Graduate degree,,Married,Male,White,Yes,315000.0
33,40.0,High school,,Married,Female,Black,No,32000.0
58,50.0,Some college,Private,Married,Female,Black,Yes,27000.0
59,42.0,Bachelor degree,Private,Widowed,Male,White,Yes,134390.0
48,50.0,High school,Private,Married,Male,White,Yes,30330.0
35,40.0,,,Separated,Female,White,Yes,75000.0
45,55.0,Some college,Private,Married,Male,White,Yes,45000.0
37,29.0,Some college,Local government,Married,Female,White,Yes,33220.0
39,40.0,High school,Private,Married,Male,Other or multiple,No,24000.0
41,45.0,Graduate degree,Local government,Married,Male,White,Yes,75000.0
21,40.0,High school,Federal government,Never married,Male,Black,Yes,21000.0
52,40.0,High school,Private,Married,Male,White,Yes,50000.0
60,40.0,Associate degree,Private,Married,Female,White,Yes,35000.0
49,40.0,Bachelor degree,State government,Married,Female,White,Yes,46000.0
47,45.0,Bachelor degree,Private,Married,Male,White,Yes,481000.0
37,40.0,Graduate degree,Local government,Never married,Female,Black,Yes,32200.0
38,30.0,Bachelor degree,Federal government,Divorced,Female,Black,No,25000.0
59,50.0,No high school diploma,Private,Married,Male,White,No,48000.0
24,30.0,Some college,Private,Divorced,Female,White,Yes,14500.0
51,40.0,Graduate degree,Private,Married,Female,White,Yes,140000.0
59,40.0,High school,,Never married,Female,Asian,No,29000.0
51,24.0,High school,Private,Married,Female,White,Yes,49000.0
62,40.0,High school,Local government,Married,Female,White,Yes,23800.0
70,15.0,Bachelor degree,Self-employed,Married,Male,White,Yes,32000.0
32,65.0,Associate degree,Local government,Never married,Male,White,Yes,75000.0
69,40.0,Bachelor degree,Self-employed (incorporated),Married,Male,White,Yes,46800.0
34,50.0,Associate degree,Private,Married,Male,Other or multiple,Yes,84000.0
50,40.0,Graduate degree,Private non-profit,Divorced,Female,White,Yes,83500.0
28,40.0,Bachelor degree,Private,Married,Female,Other or multiple,No,68000.0
50,50.0,Bachelor degree,Federal government,Married,Male,White,Yes,85000.0
36,40.0,High school,Private,Married,Female,White,Yes,24000.0
39,55.0,Bachelor degree,Private,Married,Female,Other or multiple,No,66000.0
57,2.0,Graduate degree,Self-employed (incorporated),Married,Female,White,Yes,12000.0
45,55.0,Graduate degree,Self-employed (incorporated),Married,Female,White,Yes,49000.0
69,40.0,Associate degree,Private,Married,Male,White,Yes,145010.0
38,40.0,Associate degree,State government,Married,Male,White,Yes,50000.0
22,40.0,High school,Private,Never married,Female,Black,Yes,42000.0
46,40.0,High school,Private,Divorced,Female,White,Yes,34000.0
55,40.0,Graduate degree,State government,Divorced,Female,Black,Yes,59000.0
56,70.0,Bachelor degree,Self-employed,Married,Male,Black,Yes,210000.0
30,45.0,Some college,,Divorced,Female,White,Yes,60000.0
28,45.0,Graduate degree,Private,Divorced,Female,White,Yes,49280.0
30,50.0,Bachelor degree,Private,Married,Female,White,Yes,71000.0
63,40.0,High school,Local government,Married,Male,Black,Yes,20000.0
69,40.0,Graduate degree,Local government,Married,Female,Black,Yes,114500.0
55,,High school,Federal government,Married,Female,Black,Yes,32000.0
30,28.0,Some college,Self-employed,Divorced,Male,White,Yes,7200.0
31,40.0,Bachelor degree,Private,Married,Female,Black,Yes,45000.0
33,40.0,Graduate degree,State government,Married,Male,Black,Yes,30500.0
45,40.0,Bachelor degree,Private,Married,Male,Other or multiple,No,115000.0
39,40.0,High school,Private,Divorced,Male,Asian,No,14700.0
51,40.0,,Private,Never married,Female,Black,Yes,58000.0
59,40.0,Bachelor degree,Federal government,Married,Male,White,Yes,102000.0
27,50.0,Bachelor degree,Local government,Never married,Female,White,Yes,45030.0
64,32.0,Some college,State government,Married,Female,White,Yes,29000.0
35,40.0,No high school diploma,Private,Married,Male,White,No,35000.0
30,,High school,Local government,Married,Male,White,Yes,20900.0
44,40.0,Graduate degree,Private,Married,Male,Asian,No,110000.0
49,50.0,Some college,Private,Divorced,Female,Black,Yes,68000.0
65,,Bachelor degree,Private non-profit,Widowed,Male,White,Yes,156000.0
54,40.0,Graduate degree,Private,Married,Female,White,Yes,95000.0
30,40.0,Bachelor degree,Private,Married,Female,White,Yes,44000.0
45,60.0,Graduate degree,Private,Married,Male,White,Yes,125000.0
33,60.0,No high school diploma,Private,Married,Male,Other or multiple,No,28200.0
49,50.0,Graduate degree,,Married,Female,Asian,No,66000.0
59,40.0,Some college,Private,Married,Male,White,Yes,82000.0
67,70.0,High school,Private,Married,Male,White,Yes,79600.0
35,40.0,Some college,Private,Never married,Female,Black,Yes,30000.0
61,38.0,No high school diploma,Private,Never married,Female,Black,Yes,22000.0
41,40.0,Bachelor degree,Self-employed (incorporated),Divorced,Female,Black,Yes,103000.0
54,40.0,Bachelor degree,Private,Married,Male,White,Yes,40000.0
42,40.0,Bachelor degree,Private,Married,Female,White,Yes,100000.0
48,40.0,Bachelor degree,Private,Married,Female,White,Yes,39000.0
42,40.0,Some college,Self-employed,Married,Male,White,Yes,90000.0
47,60.0,Associate degree,Private non-profit,Married,Female,White,Yes,125000.0
39,45.0,Graduate degree,Private,Married,Male,Asian,No,200000.0
55,40.0,High school,Federal government,Married,Male,White,Yes,53000.0
49,40.0,High school,Private,Married,Female,White,Yes,34000.0
44,40.0,Associate degree,Local government,Separated,Female,Black,Yes,4000.0
33,25.0,High school,Private,Never married,Female,Black,Yes,2100.0
48,40.0,Bachelor degree,Private,Married,Male,Asian,No,45000.0
25,30.0,No high school diploma,Private,Never married,Female,Other or multiple,No,32200.0
27,15.0,High school,Self-employed,Never married,Male,White,Yes,400.0
33,60.0,Some college,Private,Married,Male,White,No,40000.0
55,40.0,No high school diploma,Private,Separated,Female,Black,Yes,28600.0
65,25.0,Some college,Self-employed (incorporated),Married,Female,White,No,27000.0
52,40.0,Some college,Federal government,Separated,Male,Black,Yes,37000.0
25,40.0,Some college,Private,Married,Male,White,Yes,39000.0
33,40.0,Bachelor degree,Private,Never married,Female,White,Yes,50000.0
70,10.0,Some college,Private,Married,Female,White,Yes,17800.0
64,15.0,Graduate degree,Self-employed,Married,Male,White,Yes,78600.0
51,40.0,,Private,Married,Female,White,Yes,245000.0
46,50.0,High school,Private,Married,Male,White,Yes,45000.0
55,,Bachelor degree,Private,Married,Male,Black,Yes,50000.0
23,40.0,Bachelor degree,Private,Never married,Male,Black,Yes,22000.0
65,43.0,Bachelor degree,Private,Married,Male,White,No,22000.0
59,60.0,Bachelor degree,,Divorced,Male,White,Yes,54200.0
55,20.0,Bachelor degree,Private,Married,Female,Black,Yes,1500.0
21,40.0,Some college,Private,Never married,Female,White,Yes,2000.0
56,15.0,High school,Self-employed,Married,Male,White,Yes,24000.0
31,40.0,Bachelor degree,Private,Never married,Male,Black,Yes,45000.0
78,16.0,Graduate degree,Private non-profit,Divorced,Male,White,Yes,30600.0
41,50.0,,State government,Never married,Female,White,Yes,56000.0
40,45.0,Graduate degree,Private,Married,Male,White,Yes,160000.0
48,45.0,High school,Self-employed (incorporated),Married,Female,Asian,No,25000.0
54,99.0,No high school diploma,Private,Married,Male,Asian,No,30000.0
28,27.0,Some college,Private,Married,Female,Black,Yes,15000.0
83,18.0,Bachelor degree,Private,Divorced,Female,White,Yes,28200.0
22,20.0,High school,Private,Never married,Male,White,Yes,8000.0
42,40.0,Bachelor degree,Local government,Married,Female,White,Yes,24600.0
60,10.0,Associate degree,Private,Married,Female,White,Yes,7600.0
55,40.0,Some college,State government,Never married,Male,Black,Yes,35000.0
62,38.0,Bachelor degree,Private,Divorced,Male,Black,Yes,50200.0
37,40.0,Some college,Private,Married,Female,White,Yes,17000.0
62,32.0,Graduate degree,Private,Married,Male,White,Yes,26700.0
29,40.0,No high school diploma,Private,Never married,Female,Other or multiple,No,16000.0
20,15.0,,Private,Never married,Male,Other or multiple,Yes,4000.0
24,50.0,High school,Federal government,Married,Male,White,Yes,20000.0
57,25.0,No high school diploma,Self-employed,Married,Male,Black,Yes,2400.0
64,45.0,Bachelor degree,Private,Married,Male,White,Yes,164200.0
38,30.0,Graduate degree,Private,Married,Female,White,No,18000.0
28,,Bachelor degree,Private,Divorced,Female,Other or multiple,Yes,12000.0
22,38.0,Bachelor degree,Private,Never married,Male,White,Yes,4500.0
58,40.0,No high school diploma,Private,Divorced,Female,Black,Yes,19000.0
60,40.0,Bachelor degree,Private,Married,Female,White,Yes,79000.0
52,40.0,Some college,State government,Divorced,Male,White,Yes,42000.0
50,40.0,Bachelor degree,Private,Married,Female,Black,Yes,89600.0
27,40.0,Associate degree,Private,Never married,Male,White,Yes,50000.0
45,50.0,Bachelor degree,Self-employed,Married,Male,White,Yes,50000.0
33,40.0,Bachelor degree,Federal government,Never married,Female,Black,No,49300.0
20,,No high school diploma,Private,Never married,Female,Other or multiple,Yes,5300.0
29,50.0,Bachelor degree,Private,Married,Female,White,Yes,15300.0
40,40.0,Bachelor degree,Private,Never married,Male,Black,Yes,85000.0
57,35.0,No high school diploma,Private,Married,Male,Black,Yes,14000.0
41,30.0,Bachelor degree,Local government,Never married,Female,White,Yes,13000.0
39,40.0,Bachelor degree,Private,Married,Male,White,Yes,81000.0
36,30.0,Associate degree,Private,Married,Female,White,Yes,21100.0
59,25.0,Graduate degree,Self-employed (incorporated),Never married,Male,White,Yes,30020.0
23,40.0,Bachelor degree,Private,Never married,Male,White,Yes,30000.0
25,40.0,No high school diploma,Private,Never married,Male,Black,Yes,3500.0
34,40.0,No high school diploma,Private,Married,Male,White,No,31000.0
61,50.0,High school,Private,Married,Male,White,Yes,55000.0
34,40.0,Bachelor degree,Private,Married,Male,Asian,No,102000.0
54,40.0,,Private,Married,Male,White,Yes,52000.0
46,40.0,Some college,Local government,Married,Male,White,Yes,35000.0
36,,Bachelor degree,Private non-profit,Never married,Female,White,Yes,52000.0
52,45.0,Graduate degree,Private,Married,Male,White,Yes,180000.0
21,20.0,Some college,Private,Never married,Female,White,Yes,17000.0
48,72.0,,Private,Married,Male,White,Yes,103050.0
59,30.0,High school,Private,Married,Female,White,Yes,25000.0
29,35.0,Some college,Private,Never married,Male,White,Yes,5000.0
54,40.0,High school,Private,Married,Female,Black,Yes,21600.0
45,40.0,Bachelor degree,,Married,Female,White,Yes,85000.0
33,36.0,Some college,Private non-profit,Never married,Female,Black,Yes,30000.0
58,50.0,Graduate degree,State government,Married,Female,White,No,160290.0
25,40.0,High school,Private,Married,Male,Black,No,27000.0
32,40.0,High school,Private,Never married,Female,Black,Yes,12300.0
49,40.0,Bachelor degree,Private,Divorced,Female,White,Yes,60000.0
21,40.0,High school,Private,Never married,Female,Black,Yes,25000.0
60,36.0,Some college,Private,Married,Female,White,Yes,46000.0
38,55.0,,Private non-profit,Married,Male,White,Yes,181500.0
32,40.0,Associate degree,Private,Divorced,Female,White,Yes,15000.0
37,40.0,Associate degree,Private,Never married,Female,Black,Yes,13500.0
35,40.0,Graduate degree,State government,Married,Female,White,Yes,53000.0
37,52.0,No high school diploma,Private,Married,Male,White,Yes,45000.0
48,40.0,Some college,Private,Never married,Male,White,Yes,28000.0
62,55.0,Graduate degree,Private,Never married,Male,White,Yes,23000.0
42,35.0,Graduate degree,Self-employed (incorporated),Married,Female,White,Yes,50000.0
58,55.0,Some college,Self-employed (incorporated),Married,Male,White,Yes,125000.0
18,11.0,Some college,Private,Never married,Female,White,Yes,2900.0
54,20.0,Associate degree,Private non-profit,Married,Female,White,Yes,13600.0
19,8.0,Some college,Private,Never married,Male,White,Yes,1000.0
59,45.0,High school,Private,Married,Male,White,Yes,95000.0
23,40.0,No high school diploma,Private,Married,Male,White,Yes,10000.0
60,40.0,High school,Private,Separated,Female,Black,Yes,26000.0
57,30.0,High school,Private,Married,Female,Asian,No,38000.0
23,40.0,Bachelor degree,Private,Never married,Female,Asian,No,50000.0
22,,Associate degree,Private,Never married,Male,White,Yes,13000.0
43,37.0,Associate degree,Private,Divorced,Female,Black,Yes,30000.0
32,50.0,Bachelor degree,Private,Married,Male,White,Yes,30000.0
22,,High school,Private,Never married,Male,Black,Yes,25500.0
52,40.0,Some college,Local government,Married,Male,White,Yes,70000.0
39,,Graduate degree,Private,Married,Female,White,Yes,127000.0
24,40.0,Graduate degree,State government,Never married,Female,White,Yes,41000.0
20,30.0,High school,Private,Never married,Male,White,Yes,14400.0
61,40.0,Associate degree,Local government,Married,Female,White,Yes,39500.0
46,55.0,Bachelor degree,Private,Married,Male,White,Yes,120050.0
33,45.0,Graduate degree,Private,Married,Female,White,Yes,125000.0
54,40.0,High school,Private,Married,Male,Black,No,65000.0
54,40.0,High school,Private,Divorced,Male,Black,Yes,27000.0
35,45.0,No high school diploma,,Married,Male,White,Yes,44300.0
43,45.0,Some college,Local government,Married,Male,White,Yes,47000.0
41,45.0,Some college,Private,Married,Male,White,Yes,36000.0
29,40.0,Some college,Private,Married,Female,White,Yes,55000.0
55,,High school,Private,Divorced,Male,White,Yes,98000.0
37,40.0,Some college,Private,Divorced,Female,Black,Yes,70000.0
53,40.0,Graduate degree,Private,Divorced,Female,Black,Yes,56000.0
42,44.0,Associate degree,Private,Married,Female,Black,Yes,55000.0
23,60.0,Some college,Federal government,Married,Male,White,Yes,40000.0
70,,High school,Private,Married,Male,White,Yes,49600.0
48,40.0,Some college,Private non-profit,Never married,Female,Black,Yes,23000.0
50,40.0,High school,Private,Married,Male,Black,Yes,25000.0
59,60.0,Bachelor degree,Self-employed (incorporated),Married,Male,White,Yes,60000.0
68,2.0,Graduate degree,State government,Married,Male,White,Yes,33000.0
45,50.0,No high school diploma,Private,Married,Male,Other or multiple,No,24000.0
50,40.0,Bachelor degree,,Married,Male,Asian,No,49200.0
17,15.0,No high school diploma,Private,Never married,Male,Black,Yes,1000.0
47,40.0,High school,Private,Never married,Female,Black,Yes,100000.0
46,45.0,Graduate degree,Private,Married,Female,White,Yes,182000.0
59,24.0,Associate degree,Self-employed,Married,Female,White,Yes,22200.0
17,15.0,No high school diploma,Private,Never married,Female,Black,Yes,2000.0
28,40.0,Bachelor degree,Private,Never married,Female,Other or multiple,No,30000.0
45,55.0,Some college,Private,Divorced,Male,White,Yes,101000.0
52,,Bachelor degree,Private,Never married,Female,Black,Yes,120120.0
66,24.0,Bachelor degree,Self-employed,Married,Male,White,Yes,25600.0
56,,Bachelor degree,Private,Married,Male,White,Yes,472000.0
48,48.0,High school,Private,Married,Male,White,Yes,102000.0
48,30.0,High school,Self-employed,Never married,Male,White,Yes,11000.0
52,40.0,High school,Private,Separated,Male,White,Yes,35000.0
39,40.0,No high school diploma,Self-employed (incorporated),Married,Male,Other or multiple,No,1000.0
66,35.0,Bachelor degree,Private,Never married,Male,Black,Yes,37000.0
43,40.0,Bachelor degree,Private,Married,Male,Black,No,150000.0
37,65.0,High school,Federal government,Married,Male,White,Yes,98000.0
55,50.0,Graduate degree,Self-employed (incorporated),Married,Female,White,Yes,40000.0
36,40.0,No high school diploma,Private,Married,Male,Other or multiple,No,21000.0
55,20.0,High school,State government,Married,Female,Black,Yes,18700.0
79,40.0,Some college,Private,Widowed,Male,White,Yes,61000.0
67,40.0,Bachelor degree,Private,Divorced,Male,Black,Yes,35000.0
39,40.0,High school,Private,Never married,Male,White,No,40000.0
32,60.0,High school,Private,Married,Male,White,Yes,30000.0
59,40.0,Graduate degree,Private,Married,Male,Asian,No,240050.0
54,,Graduate degree,Private non-profit,Married,Male,Asian,No,496000.0
54,58.0,Associate degree,Private,Married,Female,White,Yes,95000.0
57,39.0,High school,Private,Married,Female,White,Yes,44000.0
32,50.0,Bachelor degree,Private,Married,Male,White,Yes,108150.0
59,,Bachelor degree,Self-employed,Married,Male,White,Yes,62000.0
34,20.0,High school,Private,Never married,Male,Black,Yes,440.0
31,45.0,Graduate degree,Private,Married,Male,Other or multiple,Yes,100000.0
62,40.0,High school,Private,Married,Male,Black,Yes,40000.0
32,45.0,High school,Private,Never married,Female,Black,Yes,6400.0
42,60.0,Some college,Private,Married,Male,Black,Yes,56000.0
78,2.0,Some college,Private,Married,Female,White,Yes,3200.0
55,40.0,Graduate degree,State government,Married,Male,Black,No,73000.0
33,40.0,Bachelor degree,State government,Married,Female,Other or multiple,Yes,30000.0
36,60.0,Graduate degree,Local government,Married,Female,White,Yes,40000.0
57,25.0,High school,Local government,Married,Female,Black,Yes,24000.0
47,30.0,High school,Self-employed,Never married,Male,Black,Yes,18000.0
25,37.0,Some college,Private,Never married,Female,White,Yes,19700.0
45,40.0,No high school diploma,Private,Married,Male,Other or multiple,No,24000.0
26,35.0,Some college,Private,Never married,Female,Black,Yes,26200.0
75,22.0,High school,Local government,Married,Male,White,Yes,44300.0
43,50.0,,Private,Married,Female,White,Yes,135000.0
45,20.0,Bachelor degree,Self-employed (incorporated),Married,Female,White,Yes,12000.0
49,40.0,Bachelor degree,Private,Divorced,Male,Black,Yes,72000.0
35,40.0,Bachelor degree,Private,Married,Male,Asian,No,160000.0
17,15.0,No high school diploma,Private non-profit,Never married,Male,Black,Yes,940.0
58,35.0,Associate degree,Self-employed,Married,Male,White,Yes,60000.0
59,40.0,,Private,Divorced,Male,White,Yes,83000.0
23,20.0,No high school diploma,Private,Never married,Female,White,Yes,2000.0
24,50.0,,Private,Never married,Male,White,Yes,50000.0
46,,Associate degree,Private,Divorced,Female,White,Yes,65000.0
45,45.0,Associate degree,Private,Married,Female,Asian,No,60000.0
66,30.0,Some college,State government,Widowed,Female,White,Yes,31200.0
59,40.0,Some college,Private,Married,Female,White,Yes,64000.0
57,,High school,Private,Married,Male,White,Yes,172000.0
37,40.0,Bachelor degree,Private,Married,Male,Asian,No,60000.0
60,36.0,Some college,Private,Separated,Male,Black,Yes,40500.0
58,24.0,Bachelor degree,Private,Married,Male,White,Yes,78000.0
71,40.0,Graduate degree,Self-employed (incorporated),Married,Male,White,No,75000.0
33,45.0,Bachelor degree,Private,Married,Male,White,Yes,42000.0
55,40.0,Some college,Private non-profit,Married,Female,White,Yes,8000.0
34,45.0,High school,Private,Never married,Male,Black,Yes,30000.0
34,40.0,Associate degree,Private,Married,Female,White,Yes,45000.0
46,40.0,High school,Private,Married,Male,Black,Yes,80000.0
47,40.0,Some college,Private,Divorced,Male,White,Yes,17900.0
29,40.0,Some college,Private,Never married,Female,Black,No,20000.0
25,20.0,Some college,Private,Married,Male,White,Yes,5000.0
23,40.0,Some college,Private,Never married,Male,White,Yes,3000.0
41,40.0,High school,Private,Married,Female,White,Yes,30000.0
19,40.0,High school,Private,Never married,Female,Black,Yes,7000.0
33,40.0,High school,Private,Never married,Female,White,Yes,5000.0
18,45.0,No high school diploma,Unpaid family work,Never married,Male,White,Yes,700.0
55,50.0,Some college,Private,Married,Female,White,Yes,50000.0
51,30.0,No high school diploma,Private,Married,Female,White,Yes,400.0
49,55.0,Bachelor degree,Private,Married,Male,Asian,No,45000.0
56,40.0,Graduate degree,Self-employed (incorporated),Married,Female,Black,Yes,30000.0
20,15.0,Some college,Unpaid family work,Never married,Female,White,Yes,300.0
50,60.0,Some college,Self-employed,Divorced,Male,White,Yes,60700.0
44,40.0,Associate degree,Private,Married,Female,White,Yes,75000.0
29,30.0,Some college,Private,Never married,Male,White,No,15000.0
39,40.0,Graduate degree,Private,Married,Male,White,Yes,100000.0
35,40.0,Bachelor degree,Private,Married,Male,Asian,No,106000.0
52,40.0,No high school diploma,Private,Married,Male,White,Yes,40000.0
22,,Some college,Private,Never married,Male,Black,Yes,20600.0
20,15.0,Some college,State government,Never married,Male,White,Yes,3600.0
24,35.0,Bachelor degree,Private,Never married,Female,Asian,Yes,12000.0
27,60.0,Associate degree,Private,Never married,Male,Black,No,40000.0
34,55.0,High school,Private,Never married,Male,White,Yes,50000.0
66,40.0,Associate degree,Private,Married,Female,White,Yes,55000.0
47,,High school,Private,Never married,Female,Black,Yes,66000.0
55,40.0,High school,Private,Married,Male,White,Yes,45400.0
49,40.0,Graduate degree,Private,Divorced,Female,White,Yes,80000.0
48,,Bachelor degree,Private,Never married,Female,White,Yes,70000.0
33,36.0,Bachelor degree,Private,Married,Female,White,Yes,51000.0
20,40.0,High school,Local government,Never married,Male,Black,Yes,13000.0
32,40.0,No high school diploma,Private,Never married,Male,Black,Yes,30000.0
53,,No high school diploma,Private,Married,Male,White,Yes,26000.0
31,50.0,Bachelor degree,Private,Married,Male,White,Yes,55000.0
60,40.0,Some college,Private,Never married,Male,White,Yes,40000.0
51,35.0,Graduate degree,Private non-profit,Never married,Female,White,Yes,75000.0
44,40.0,Some college,Private,Never married,Female,Black,Yes,21000.0
63,40.0,High school,Private,Married,Male,White,Yes,66500.0
61,20.0,Associate degree,Local government,Widowed,Female,Black,Yes,20000.0
35,40.0,Bachelor degree,Private,Never married,Female,Black,Yes,71500.0
43,20.0,Bachelor degree,Private,Married,Female,White,Yes,10000.0
34,,Graduate degree,Private,Never married,Female,Asian,No,63000.0
39,,High school,Private,Married,Female,Black,Yes,14900.0
60,40.0,Bachelor degree,Private,Divorced,Male,White,Yes,125000.0
34,32.0,No high school diploma,Private,Never married,Male,Black,Yes,8000.0
57,45.0,Some college,,Separated,Male,White,Yes,35000.0
60,45.0,Graduate degree,State government,Never married,Male,Black,Yes,45000.0
24,40.0,Some college,Private,Never married,Male,White,Yes,4300.0
39,,Bachelor degree,Self-employed (incorporated),Never married,Male,White,Yes,115100.0
31,25.0,Some college,Private,Married,Female,Black,Yes,13000.0
72,75.0,Graduate degree,State government,Married,Male,White,No,206200.0
29,10.0,Some college,Private,Never married,Female,Black,Yes,4000.0
53,30.0,No high school diploma,Private,Married,Female,Other or multiple,No,14000.0
69,,Graduate degree,Private non-profit,Married,Male,Black,Yes,108700.0
62,5.0,Some college,Self-employed,Divorced,Male,Black,Yes,53600.0
54,70.0,Graduate degree,Self-employed,Married,Male,White,Yes,316000.0
64,16.0,High school,,Married,Female,White,Yes,12800.0
50,20.0,Bachelor degree,Self-employed (incorporated),Married,Female,White,Yes,13000.0
60,60.0,Some college,Private,Divorced,Female,Black,Yes,71000.0
56,50.0,High school,Private,Divorced,Male,White,Yes,30000.0
30,40.0,Bachelor degree,Private,Married,Male,White,Yes,56000.0
30,60.0,Graduate degree,Self-employed,Never married,Male,White,Yes,154000.0
50,40.0,Bachelor degree,Private,Married,Female,White,Yes,52270.0
56,48.0,Bachelor degree,Private,Married,Male,White,Yes,254200.0
29,40.0,No high school diploma,Private,Never married,Male,White,No,25000.0
65,24.0,Graduate degree,Private non-profit,Married,Female,White,Yes,25100.0
17,20.0,No high school diploma,Private,Never married,Male,White,Yes,800.0
51,40.0,Some college,Local government,Married,Female,White,Yes,35000.0
30,35.0,High school,Private,Never married,Female,Black,Yes,15000.0
67,15.0,Bachelor degree,Private,Married,Male,White,Yes,25030.0
66,25.0,High school,State government,Married,Female,White,Yes,22500.0
69,50.0,Graduate degree,Self-employed (incorporated),Married,Male,White,Yes,434000.0
39,46.0,High school,Private,Married,Male,Other or multiple,No,22000.0
62,40.0,Graduate degree,State government,Married,Female,White,Yes,41800.0
55,45.0,Bachelor degree,Private,Married,Male,White,Yes,28000.0
43,40.0,Graduate degree,State government,Never married,Female,Black,Yes,63000.0
50,,High school,Self-employed,Married,Male,White,Yes,311850.0
48,50.0,Some college,Private,Married,Male,White,Yes,42000.0
51,40.0,High school,Private,Married,Female,White,Yes,70000.0
64,45.0,Some college,Private,Married,Female,White,Yes,125000.0
52,40.0,Bachelor degree,Private,Never married,Male,White,Yes,50000.0
18,12.0,Some college,State government,Never married,Female,White,Yes,19700.0
18,35.0,No high school diploma,Private,Never married,Male,White,Yes,6000.0
54,50.0,Bachelor degree,Private,Divorced,Female,Black,Yes,50000.0
42,28.0,Some college,Private,Never married,Female,White,Yes,23300.0
24,45.0,Bachelor degree,Private,Never married,Female,White,Yes,15900.0
35,40.0,No high school diploma,Private,Married,Female,Black,No,19500.0
36,50.0,Associate degree,Private,Never married,Male,White,No,35000.0
54,40.0,Some college,Local government,Married,Male,White,Yes,60000.0
48,40.0,Bachelor degree,Private,Married,Male,White,Yes,139700.0
46,50.0,Graduate degree,Private,Married,Female,White,Yes,50000.0
64,40.0,No high school diploma,Private,Widowed,Male,Black,Yes,3550.0
32,50.0,Some college,Private,Never married,Male,White,Yes,40000.0
29,30.0,No high school diploma,Private,Never married,Male,White,Yes,10200.0
55,48.0,High school,Private,Divorced,Male,White,Yes,75000.0
45,40.0,High school,Private,Married,Male,White,Yes,46800.0
62,40.0,High school,Private,Never married,Female,Black,Yes,34000.0
39,,Bachelor degree,State government,Married,Female,Black,Yes,38500.0
28,,,Private non-profit,Never married,Female,White,Yes,49500.0
59,40.0,Some college,Private,Married,Male,White,No,120000.0
51,40.0,High school,Local government,Married,Female,Black,Yes,38000.0
23,40.0,Bachelor degree,Private,Never married,Female,Asian,No,20000.0
21,36.0,Some college,Private,Never married,Male,Black,Yes,10000.0
55,40.0,Associate degree,Private,Married,Male,White,Yes,85000.0
41,40.0,No high school diploma,Private,Never married,Male,Other or multiple,No,14400.0
50,40.0,Some college,Private,Married,Female,White,Yes,28000.0
23,40.0,Associate degree,Federal government,Married,Male,White,No,15000.0
47,50.0,Associate degree,Private,Married,Female,White,Yes,77000.0
44,40.0,Graduate degree,State government,Married,Female,White,Yes,56000.0
26,20.0,High school,,Married,Female,White,Yes,1500.0
37,30.0,No high school diploma,Private,Never married,Female,White,Yes,18000.0
59,45.0,Bachelor degree,Federal government,Separated,Male,White,Yes,92000.0
26,60.0,Bachelor degree,State government,Never married,Female,Black,Yes,33000.0
48,40.0,High school,Private,Married,Male,Black,Yes,30000.0
49,40.0,Bachelor degree,Private,Married,Male,Black,No,20800.0
44,40.0,Associate degree,Private,Married,Female,Black,Yes,60020.0
57,50.0,Bachelor degree,Private,Married,Male,Black,Yes,93200.0
63,16.0,High school,Private,Married,Male,White,Yes,40300.0
40,40.0,,Private,Never married,Female,White,Yes,21800.0
20,40.0,High school,Private,Never married,Male,Black,Yes,21000.0
33,45.0,Associate degree,Self-employed,Married,Male,White,Yes,5200.0
30,45.0,,Private,Married,Male,White,Yes,80000.0
64,12.0,Bachelor degree,Private non-profit,Never married,Female,White,Yes,46110.0
41,50.0,Some college,Self-employed (incorporated),Married,Male,Black,No,21600.0
28,40.0,Some college,Private,Never married,Male,White,Yes,22000.0
21,40.0,Some college,Private,Never married,Female,White,Yes,25000.0
21,48.0,High school,Local government,Never married,Male,White,Yes,38000.0
78,40.0,High school,Private,Widowed,Female,White,Yes,55300.0
43,40.0,High school,Unpaid family work,Married,Male,White,No,10000.0
37,70.0,Some college,Private,Married,Male,White,Yes,49000.0
53,52.0,Associate degree,Federal government,Married,Female,White,Yes,68000.0
71,40.0,Graduate degree,Private,Divorced,Female,Black,Yes,83000.0
32,40.0,High school,Private,Married,Male,White,Yes,52000.0
24,40.0,Some college,State government,Married,Male,White,No,40000.0
58,60.0,Graduate degree,Private,Married,Male,White,Yes,250000.0
32,40.0,Bachelor degree,Federal government,Married,Female,Black,No,24000.0
54,80.0,No high school diploma,Self-employed,Married,Male,White,Yes,7000.0
41,40.0,Graduate degree,State government,Married,Female,Black,Yes,109000.0
53,40.0,Bachelor degree,Private,Married,Female,Asian,No,18000.0
62,40.0,Graduate degree,Private,Married,Female,Black,Yes,87000.0
58,45.0,Bachelor degree,Self-employed (incorporated),Married,Male,White,Yes,136000.0
32,75.0,High school,Private,Never married,Male,Other or multiple,Yes,30600.0
42,60.0,Graduate degree,Private,Married,Male,White,Yes,135300.0
58,45.0,Some college,Self-employed,Married,Male,White,Yes,90000.0
26,,Some college,Private,Married,Female,White,Yes,14000.0
65,8.0,Graduate degree,Self-employed,Divorced,Male,White,Yes,530.0
42,40.0,No high school diploma,State government,Married,Male,Black,Yes,55000.0
29,50.0,Bachelor degree,Private,Never married,Male,White,Yes,119000.0
34,40.0,No high school diploma,Local government,Never married,Male,White,Yes,32000.0
30,40.0,High school,Private,Married,Male,White,Yes,23000.0
56,40.0,No high school diploma,Private,Divorced,Male,White,Yes,81000.0
56,40.0,High school,Local government,Married,Male,White,Yes,41000.0
58,38.0,Bachelor degree,Private,Married,Female,White,Yes,55000.0
49,55.0,Graduate degree,Private non-profit,Married,Male,White,Yes,250500.0
57,40.0,Graduate degree,Self-employed (incorporated),Never married,Male,Asian,No,50000.0
17,7.0,No high school diploma,State government,Never married,Female,White,Yes,1500.0
43,40.0,High school,Private,Married,Male,Black,Yes,30000.0
47,40.0,High school,Private,Widowed,Male,White,Yes,36000.0
54,45.0,Bachelor degree,Private,Divorced,Male,White,No,210000.0
49,60.0,Bachelor degree,Private,Married,Male,White,Yes,125000.0
51,40.0,,Federal government,Married,Male,White,Yes,52000.0
45,40.0,Some college,Private,Divorced,Male,White,No,14000.0
54,40.0,,State government,Married,Female,White,Yes,31000.0
71,,High school,Local government,Married,Female,White,Yes,27000.0
26,40.0,Bachelor degree,Private,Never married,Female,Other or multiple,Yes,56000.0
49,50.0,Bachelor degree,Private non-profit,Married,Female,White,Yes,100000.0
56,30.0,,Private,Married,Female,White,Yes,80000.0
80,5.0,No high school diploma,Self-employed,Married,Male,White,Yes,39400.0
24,60.0,Bachelor degree,Private,Never married,Male,Asian,Yes,63000.0
32,40.0,Associate degree,Private,Married,Female,White,Yes,38000.0
58,50.0,Graduate degree,Private,Divorced,Male,White,Yes,185000.0
27,,No high school diploma,Private,Never married,Male,Black,Yes,20000.0
53,72.0,Bachelor degree,Self-employed,Married,Male,Black,Yes,50000.0
56,40.0,High school,,Married,Male,White,Yes,83000.0
66,30.0,Some college,Self-employed,Married,Female,White,No,38600.0
29,35.0,Bachelor degree,Private,Never married,Female,Asian,No,15600.0
17,32.0,No high school diploma,State government,Never married,Male,White,Yes,1600.0
22,60.0,No high school diploma,Self-employed,Married,Male,White,Yes,45000.0
55,40.0,Graduate degree,Federal government,Married,Female,Black,Yes,137000.0
22,30.0,Some college,Private non-profit,Never married,Female,Asian,No,3500.0
51,25.0,Graduate degree,Private non-profit,Married,Female,White,Yes,17000.0
32,60.0,Some college,Private,Never married,Male,Black,Yes,38500.0
54,40.0,Some college,,Married,Female,White,Yes,26000.0
30,40.0,Associate degree,Private,Married,Male,White,Yes,52000.0
69,2.0,Some college,Self-employed,Married,Male,White,No,31600.0
59,25.0,High school,Private,Never married,Male,Black,Yes,4400.0
49,30.0,Some college,Private,Married,Male,Black,Yes,15900.0
29,40.0,No high school diploma,Private,Never married,Male,Black,Yes,200.0
69,40.0,Graduate degree,Self-employed,Married,Male,White,Yes,30000.0
27,40.0,No high school diploma,Private,Married,Female,White,Yes,21100.0
45,45.0,Some college,,Married,Male,White,Yes,50000.0
28,,Some college,Private,Married,Female,White,Yes,25000.0
48,45.0,High school,Private,Married,Male,Other or multiple,No,32000.0
21,5.0,Some college,Private non-profit,Never married,Female,White,Yes,1000.0
32,80.0,Graduate degree,Private,Married,Male,Black,Yes,120000.0
39,45.0,Graduate degree,Private,Divorced,Female,Black,Yes,76240.0
52,20.0,Some college,State government,Married,Female,White,Yes,7500.0
38,60.0,Graduate degree,Federal government,Married,Male,White,Yes,110000.0
51,45.0,High school,Private,Married,Male,White,No,65000.0
19,15.0,High school,Private,Never married,Male,Black,Yes,3700.0
38,40.0,Bachelor degree,Private,Married,Female,Other or multiple,Yes,90000.0
61,,Bachelor degree,Private,Divorced,Female,Black,Yes,56000.0
26,84.0,Some college,Federal government,Married,Male,Other or multiple,Yes,56000.0
50,32.0,Some college,Private,Married,Female,White,Yes,20000.0
38,40.0,No high school diploma,Private non-profit,Married,Male,Other or multiple,No,24000.0
35,40.0,No high school diploma,Private,Never married,Female,White,No,20000.0
42,40.0,Bachelor degree,Private,Married,Male,White,No,96000.0
43,40.0,No high school diploma,Private,Married,Male,White,No,36000.0
23,40.0,No high school diploma,Private,Never married,Male,White,No,22500.0
29,50.0,Some college,,Never married,Male,Black,Yes,48000.0
29,50.0,Bachelor degree,Private,Never married,Male,Black,Yes,65000.0
45,38.0,High school,,Never married,Male,Black,Yes,30000.0
26,30.0,Associate degree,Federal government,Married,Female,White,Yes,1200.0
40,40.0,Graduate degree,Private,Married,Male,Asian,No,110000.0
21,25.0,Some college,Private,Never married,Male,Black,Yes,5000.0
41,45.0,High school,Private,Married,Male,White,Yes,120000.0
53,32.0,High school,Private,Married,Female,White,Yes,12000.0
40,55.0,Some college,Private,Married,Female,White,Yes,59000.0
22,20.0,Bachelor degree,Private,Never married,Female,White,Yes,35000.0
55,12.0,High school,Private,Married,Female,White,Yes,9800.0
26,20.0,High school,Private,Never married,Female,Black,Yes,7000.0
47,50.0,Some college,Self-employed (incorporated),Married,Male,White,Yes,26000.0
19,30.0,Some college,Private,Never married,Male,Black,Yes,3000.0
73,7.0,Some college,Private,Married,Female,Black,Yes,28820.0
65,40.0,No high school diploma,Self-employed,Separated,Male,White,No,143000.0
53,,High school,Private,Married,Female,White,Yes,24000.0
19,40.0,Some college,Private non-profit,Never married,Female,Black,Yes,2000.0
50,52.0,High school,Private,Married,Male,Black,Yes,33000.0
54,2.0,Bachelor degree,Self-employed (incorporated),Married,Female,White,Yes,10000.0
30,40.0,Bachelor degree,Private,Married,Female,White,Yes,52000.0
27,40.0,Some college,Private,Never married,Male,White,Yes,39000.0
47,40.0,Bachelor degree,State government,Married,Female,White,Yes,30000.0
59,40.0,High school,Federal government,Married,Male,White,Yes,76900.0
59,40.0,No high school diploma,Private,Divorced,Male,Black,Yes,52000.0
36,40.0,Some college,Private,Married,Male,White,Yes,38000.0
40,50.0,Associate degree,Private,Married,Male,White,Yes,70000.0
53,40.0,Some college,State government,Married,Female,Black,Yes,19000.0
26,32.0,High school,Private,Never married,Female,Black,Yes,20000.0
47,50.0,Bachelor degree,Private,Married,Male,Black,Yes,40000.0
41,,Bachelor degree,Private,Married,Male,White,Yes,160000.0
22,40.0,High school,Self-employed,Never married,Male,White,Yes,1900.0
61,56.0,High school,Private,Widowed,Male,White,No,52000.0
26,45.0,Bachelor degree,Private,Never married,Female,White,Yes,53000.0
56,36.0,Associate degree,Private,Married,Female,White,Yes,70000.0
48,45.0,Some college,Private,Married,Male,Black,Yes,52000.0
58,40.0,High school,Private,Married,Female,Black,Yes,107000.0
43,99.0,Bachelor degree,Self-employed,Never married,Male,White,Yes,7900.0
46,35.0,Bachelor degree,Private,Divorced,Female,White,Yes,34000.0
60,60.0,Graduate degree,Local government,Widowed,Female,White,Yes,50000.0
27,40.0,No high school diploma,Private,Never married,Female,Black,Yes,10000.0
59,44.0,High school,Private,Separated,Female,Black,Yes,22500.0
26,40.0,Bachelor degree,Local government,Never married,Male,White,Yes,32000.0
30,40.0,High school,Private,Never married,Male,Black,Yes,6000.0
55,52.0,Graduate degree,Private non-profit,Married,Female,White,Yes,100000.0
21,40.0,Some college,State government,Never married,Female,White,Yes,8400.0
20,40.0,No high school diploma,Private,Never married,Female,Other or multiple,No,25200.0
30,,High school,Private,Never married,Male,White,Yes,34000.0
60,40.0,High school,Local government,Married,Male,Black,Yes,52000.0
40,40.0,Graduate degree,Private,Married,Male,Black,Yes,40000.0
18,12.0,No high school diploma,Private,Never married,Female,White,Yes,16000.0
66,4.0,Some college,Private,Married,Male,Black,Yes,10200.0
55,15.0,Graduate degree,Self-employed,Married,Female,White,No,12000.0
33,45.0,Bachelor degree,Private,Divorced,Female,White,Yes,40000.0
33,,Bachelor degree,Private,Never married,Female,White,Yes,75000.0
31,40.0,High school,Private,Married,Male,White,Yes,18000.0
31,,No high school diploma,Private,Never married,Male,White,Yes,11000.0
54,40.0,Associate degree,Local government,Never married,Male,White,Yes,17000.0
62,50.0,High school,Self-employed,Separated,Female,White,No,50000.0
27,40.0,Some college,Private,Never married,Female,Black,No,28000.0
37,45.0,Bachelor degree,Private,Married,Male,White,Yes,80000.0
57,40.0,No high school diploma,Private,Married,Female,White,No,24900.0
51,50.0,Bachelor degree,Self-employed (incorporated),Married,Male,White,Yes,471000.0
22,50.0,Some college,Private,Never married,Male,White,Yes,30000.0
17,40.0,High school,Private,Never married,Male,White,Yes,7000.0
21,5.0,Some college,Private,Married,Female,White,No,5000.0
47,40.0,Graduate degree,Local government,Married,Male,Black,No,80000.0
49,59.0,Some college,Private,Married,Male,White,Yes,93000.0
20,30.0,No high school diploma,Private,Never married,Male,White,Yes,12000.0
30,40.0,Graduate degree,,Never married,Female,White,Yes,100200.0
21,30.0,High school,Private,Never married,Male,Black,Yes,2200.0
58,48.0,Some college,Private,Married,Female,Black,Yes,19000.0
18,12.0,Some college,Unpaid family work,Never married,Male,Asian,No,2000.0
28,10.0,Graduate degree,Private non-profit,Never married,Female,White,Yes,6100.0
29,15.0,High school,Private,Never married,Female,White,Yes,6000.0
21,40.0,No high school diploma,Private,Never married,Male,White,Yes,20000.0
33,1.0,Some college,Self-employed (incorporated),Married,Female,White,Yes,230.0
48,40.0,Bachelor degree,Local government,Divorced,Male,White,No,41000.0
17,,No high school diploma,Private,Never married,Female,White,Yes,5000.0
42,60.0,Some college,Private,Married,Female,White,No,17800.0
18,20.0,No high school diploma,Private,Never married,Female,Black,Yes,9400.0
26,30.0,No high school diploma,Self-employed,Never married,Female,Other or multiple,No,7200.0
37,75.0,Bachelor degree,Private,Married,Male,White,Yes,120000.0
37,40.0,High school,Private,Divorced,Male,White,Yes,25000.0
34,40.0,Bachelor degree,Private,Married,Female,White,Yes,50000.0
27,40.0,,Private,Never married,Female,Black,Yes,38800.0
23,40.0,High school,,Never married,Male,Black,Yes,20000.0
39,10.0,Some college,Self-employed,Married,Female,Black,No,6000.0
51,40.0,Some college,Private,Divorced,Female,White,Yes,45000.0
27,,Some college,Private,Never married,Female,Black,Yes,30000.0
27,40.0,,State government,Married,Female,Black,Yes,47000.0
23,30.0,High school,,Never married,Female,White,Yes,13000.0
33,60.0,Bachelor degree,Private,Never married,Male,White,Yes,70000.0
59,60.0,Associate degree,Private,Married,Female,White,Yes,147000.0
45,50.0,Graduate degree,Local government,Married,Male,White,Yes,75000.0
43,40.0,No high school diploma,Private,Married,Male,White,Yes,32600.0
21,10.0,Some college,Private,Never married,Female,White,Yes,5500.0
56,50.0,Bachelor degree,Private,Divorced,Male,White,Yes,140000.0
25,40.0,Bachelor degree,Private,Never married,Male,White,Yes,22000.0
22,40.0,No high school diploma,Private,Never married,Male,White,Yes,15600.0
47,99.0,High school,Self-employed,Married,Male,Black,Yes,32000.0
54,50.0,High school,Private,Never married,Male,White,Yes,79000.0
38,60.0,Graduate degree,Private,Never married,Female,Black,Yes,70000.0
67,3.0,Bachelor degree,Federal government,Married,Male,White,Yes,21900.0
47,40.0,No high school diploma,Private,Married,Female,Other or multiple,No,16800.0
21,40.0,Associate degree,Local government,Never married,Male,White,Yes,8030.0
58,40.0,Graduate degree,Local government,Widowed,Female,White,Yes,109900.0
25,60.0,Some college,Private,Married,Male,Black,Yes,22000.0
59,52.0,Bachelor degree,Self-employed,Never married,Male,White,Yes,10600.0
48,45.0,Associate degree,Private,Married,Female,White,Yes,34000.0
57,40.0,Associate degree,Private,Married,Female,White,Yes,48000.0
21,20.0,Some college,Private,Never married,Female,Black,Yes,4600.0
62,40.0,High school,Private,Married,Female,White,Yes,33500.0
19,8.0,Some college,Private,Never married,Male,Black,No,1200.0
31,40.0,Some college,Private non-profit,Never married,Female,Black,Yes,26600.0
43,30.0,No high school diploma,,Never married,Male,Black,Yes,11200.0
57,20.0,Some college,Self-employed,Married,Female,White,Yes,8500.0
54,30.0,High school,Local government,Divorced,Male,Black,Yes,16900.0
43,42.0,No high school diploma,Private,Married,Female,Other or multiple,No,80000.0
35,40.0,Bachelor degree,Private,Married,Female,Asian,No,99000.0
24,40.0,Some college,Private,Never married,Female,Black,Yes,1900.0
27,50.0,Bachelor degree,State government,Separated,Female,White,Yes,27000.0
62,40.0,No high school diploma,Private,Divorced,Male,White,Yes,33000.0
53,40.0,,Private,Married,Male,White,Yes,100000.0
57,20.0,Bachelor degree,Private non-profit,Married,Female,White,Yes,33300.0
30,30.0,Some college,Private,Never married,Female,White,Yes,20000.0
50,60.0,Graduate degree,Private,Married,Male,Asian,No,250000.0
60,40.0,Some college,Federal government,Married,Male,Black,Yes,86000.0
20,20.0,No high school diploma,Private,Never married,Male,White,Yes,12000.0
55,30.0,High school,Private,Widowed,Male,Black,Yes,24000.0
34,39.0,Bachelor degree,Private,Never married,Male,Other or multiple,Yes,57000.0
64,50.0,High school,Private,Married,Male,White,Yes,26100.0
50,40.0,Bachelor degree,Private,Married,Female,White,No,26000.0
69,35.0,Some college,Private,Married,Female,White,Yes,144300.0
73,4.0,Associate degree,Self-employed (incorporated),Married,Male,White,Yes,83400.0
27,40.0,High school,Private non-profit,Never married,Male,Black,Yes,21700.0
25,25.0,Graduate degree,Self-employed,Never married,Male,White,Yes,7000.0
58,55.0,Bachelor degree,Private,Divorced,Male,White,Yes,37000.0
38,40.0,Bachelor degree,Private non-profit,Married,Female,White,Yes,40000.0
43,40.0,Graduate degree,Private non-profit,Married,Female,White,No,130000.0
30,35.0,Some college,Private,Never married,Male,Black,Yes,19400.0
26,45.0,High school,Private,Never married,Male,White,Yes,25000.0
22,25.0,Some college,Private,Never married,Female,Black,Yes,9200.0
51,44.0,Graduate degree,Private,Married,Male,Black,Yes,86400.0
27,40.0,Some college,Private,Married,Male,White,Yes,50000.0
45,55.0,High school,Private,Married,Male,White,Yes,82000.0
61,,Associate degree,Self-employed (incorporated),Married,Male,White,Yes,58000.0
19,40.0,Some college,Private,Never married,Male,White,Yes,13800.0
53,40.0,High school,Private,Divorced,Male,White,Yes,65000.0
62,40.0,,Local government,Never married,Female,Black,Yes,25000.0
35,80.0,Graduate degree,Private non-profit,Married,Male,Other or multiple,Yes,98100.0
20,20.0,Some college,Private,Never married,Female,White,Yes,5550.0
34,40.0,Some college,,Married,Male,White,Yes,70000.0
52,40.0,Graduate degree,Private,Married,Male,Black,No,58000.0
46,30.0,High school,Self-employed,Married,Female,White,Yes,34500.0
19,25.0,Some college,Local government,Never married,Female,Asian,Yes,5000.0
60,,Some college,Private,Married,Male,White,Yes,100000.0
18,42.0,No high school diploma,Private,Never married,Female,Black,Yes,13300.0
20,,Some college,Private,Never married,Male,Black,Yes,900.0
57,40.0,No high school diploma,Private,Never married,Male,Black,Yes,20000.0
24,40.0,Bachelor degree,Private non-profit,Never married,Female,White,Yes,35000.0
32,40.0,Bachelor degree,Private,Never married,Male,White,Yes,53300.0
31,40.0,Bachelor degree,Private,Married,Female,Other or multiple,Yes,30000.0
70,30.0,Graduate degree,Unpaid family work,Never married,Male,White,Yes,101240.0
69,40.0,Bachelor degree,Private,Divorced,Male,White,Yes,226800.0
60,50.0,Some college,Private,Married,Male,White,Yes,147500.0
31,50.0,Graduate degree,Private,Married,Female,White,Yes,50000.0
19,20.0,Some college,Private non-profit,Never married,Female,White,Yes,2000.0
55,50.0,Bachelor degree,Private non-profit,Married,Male,White,Yes,100000.0
39,40.0,High school,Private,Married,Female,Black,Yes,33300.0
76,20.0,High school,Self-employed,Widowed,Male,White,Yes,44000.0
17,20.0,No high school diploma,Private,Never married,Male,Black,Yes,2000.0
57,40.0,High school,Private,Married,Male,Black,Yes,38000.0
52,40.0,Bachelor degree,Local government,Married,Male,Black,Yes,50000.0
29,20.0,Some college,Private,Never married,Male,White,Yes,5000.0
23,40.0,Some college,Private,Divorced,Female,White,Yes,10000.0
39,65.0,Some college,Private,Married,Male,White,Yes,47000.0
47,24.0,Graduate degree,Self-employed,Married,Female,Black,Yes,4800.0
63,40.0,Bachelor degree,Private,Married,Male,White,Yes,35000.0
37,40.0,Bachelor degree,Federal government,Married,Male,Black,Yes,82800.0
55,40.0,High school,Private,Married,Female,White,Yes,43000.0
36,40.0,Graduate degree,Private,Married,Female,Black,Yes,40600.0
65,20.0,Bachelor degree,Private,Married,Female,White,Yes,30900.0
65,40.0,High school,Private,Married,Male,White,Yes,65000.0
60,,Some college,Private,Married,Male,White,Yes,80000.0
46,40.0,Some college,Private non-profit,Married,Male,White,Yes,40000.0
25,40.0,Bachelor degree,Private,Never married,Male,Asian,No,65000.0
30,80.0,Graduate degree,Private non-profit,Never married,Female,White,No,60700.0
31,5.0,High school,Self-employed,Never married,Female,White,Yes,5500.0
45,4.0,Bachelor degree,Self-employed,Married,Female,White,Yes,10000.0
35,40.0,Bachelor degree,Private,Married,Male,White,Yes,115000.0
63,40.0,High school,Private,Never married,Male,Black,Yes,36000.0
58,40.0,Bachelor degree,Private,Married,Female,Other or multiple,No,15000.0
43,40.0,No high school diploma,Private,Never married,Male,Other or multiple,No,16000.0
33,30.0,Some college,Self-employed (incorporated),Married,Male,Black,Yes,15000.0
36,32.0,High school,Private,Married,Female,Black,Yes,20000.0
62,40.0,Some college,,Married,Male,White,Yes,38100.0
29,50.0,Graduate degree,Private non-profit,Married,Female,White,Yes,45000.0
47,48.0,Some college,Private,Never married,Female,Black,Yes,83000.0
53,40.0,Graduate degree,Private non-profit,Married,Female,White,Yes,82500.0
27,45.0,Graduate degree,Private non-profit,Married,Male,White,Yes,70000.0
26,48.0,Graduate degree,Local government,Never married,Female,White,Yes,38000.0
33,40.0,High school,State government,Married,Female,White,Yes,46000.0
21,36.0,High school,Private,Married,Female,Black,Yes,17000.0
45,40.0,Bachelor degree,Local government,Married,Female,White,Yes,46000.0
63,50.0,Graduate degree,Private,Married,Male,White,Yes,160000.0
23,40.0,High school,,Never married,Male,White,Yes,27000.0
42,45.0,Graduate degree,State government,Married,Male,White,Yes,240000.0
25,70.0,Associate degree,Private,Never married,Male,White,Yes,55000.0
50,40.0,Graduate degree,Private,Married,Male,Black,Yes,84900.0
20,12.0,High school,Private,Never married,Male,Black,Yes,3000.0
45,40.0,Some college,Private,Married,Female,White,Yes,13100.0
30,36.0,Some college,Private,Married,Female,Other or multiple,No,18000.0
46,40.0,Bachelor degree,Private,Never married,Male,White,Yes,30000.0
22,30.0,Bachelor degree,Private,Never married,Female,White,Yes,2400.0
56,1.0,Graduate degree,Private,Married,Female,White,No,9950.0
48,35.0,High school,,Never married,Female,Black,Yes,17000.0
50,25.0,Bachelor degree,Private,Married,Female,White,Yes,20000.0
43,50.0,Graduate degree,Private,Married,Male,White,Yes,170000.0
38,50.0,Graduate degree,Private,Never married,Female,White,Yes,33500.0
28,60.0,Graduate degree,Private,Never married,Female,White,Yes,160000.0
35,50.0,Bachelor degree,Private,Never married,Male,White,Yes,52000.0
76,50.0,Bachelor degree,Private,Married,Male,White,Yes,61000.0
35,60.0,High school,Private,Married,Male,Black,Yes,90000.0
25,24.0,No high school diploma,Private,Never married,Female,Black,Yes,320.0
30,45.0,,Self-employed (incorporated),Never married,Female,White,Yes,27600.0
36,50.0,Bachelor degree,Federal government,Married,Female,White,No,20000.0
25,30.0,High school,Private,Never married,Male,White,Yes,17000.0
34,40.0,High school,Private non-profit,Never married,Male,Black,Yes,41000.0
37,20.0,Graduate degree,Self-employed,Married,Female,White,Yes,2000.0
19,18.0,Some college,Private non-profit,Never married,Female,Black,Yes,5700.0
34,40.0,High school,Private,Married,Male,White,Yes,75000.0
20,40.0,Some college,Private,Never married,Male,White,Yes,3000.0
21,8.0,High school,Private,Never married,Female,White,Yes,2000.0
39,35.0,High school,Private,Never married,Male,White,Yes,20100.0
40,40.0,Bachelor degree,Private,Married,Male,Black,Yes,121000.0
51,40.0,No high school diploma,Private,Married,Male,White,No,27000.0
28,,High school,Private,Never married,Male,Black,Yes,33000.0
76,12.0,Some college,Private,Married,Male,White,Yes,2570.0
35,25.0,Bachelor degree,Private,Divorced,Female,White,Yes,8000.0
74,25.0,Associate degree,Private,Married,Female,White,Yes,18000.0
40,40.0,Graduate degree,Unpaid family work,Married,Male,White,Yes,20000.0
47,40.0,High school,Private,Married,Male,White,Yes,73000.0
25,38.0,Some college,Private,Never married,Female,Black,Yes,12000.0
54,40.0,Bachelor degree,Private non-profit,Married,Female,Black,Yes,47000.0
25,40.0,Graduate degree,Private,Never married,Female,Asian,Yes,60000.0
40,45.0,High school,,Divorced,Male,White,Yes,20400.0
32,45.0,High school,Private,Married,Male,White,Yes,95000.0
39,60.0,Graduate degree,Private,Married,Male,Black,Yes,31600.0
24,40.0,Bachelor degree,Local government,Married,Female,Black,Yes,36000.0
25,40.0,High school,Private,Never married,Male,White,Yes,50400.0
23,40.0,,Private,Never married,Male,White,Yes,40000.0
60,40.0,Bachelor degree,State government,Married,Female,Black,Yes,16000.0
41,40.0,Graduate degree,Self-employed,Married,Male,White,Yes,45500.0
48,42.0,Bachelor degree,Private,Married,Male,White,Yes,130000.0
54,40.0,Bachelor degree,Private,Never married,Male,Black,Yes,7500.0
26,25.0,Associate degree,Federal government,Married,Male,White,Yes,40000.0
50,60.0,Bachelor degree,Private,Married,Male,White,Yes,504000.0
37,37.0,Bachelor degree,Private,Married,Female,Black,Yes,28000.0
35,40.0,Bachelor degree,Private,Never married,Male,White,No,40000.0
36,50.0,High school,Self-employed,Never married,Male,Black,Yes,40000.0
48,40.0,Bachelor degree,Local government,Married,Female,White,No,20300.0
47,44.0,High school,Private,Divorced,Male,White,Yes,73000.0
20,40.0,Some college,Private,Never married,Male,White,Yes,40000.0
19,5.0,Some college,Federal government,Never married,Male,White,Yes,1000.0
23,30.0,Associate degree,Private,Never married,Female,Black,Yes,13300.0
37,40.0,No high school diploma,Private,Never married,Male,Black,Yes,50000.0
42,40.0,,Private,Married,Female,Black,Yes,92000.0
40,50.0,Bachelor degree,Private,Married,Male,Black,Yes,125300.0
45,50.0,Some college,Private,Divorced,Male,White,Yes,87000.0
42,70.0,High school,Private,Never married,Male,Black,Yes,60000.0
57,4.0,Bachelor degree,Private,Married,Female,White,Yes,53000.0
45,45.0,Bachelor degree,Self-employed (incorporated),Married,Male,Black,Yes,108000.0
22,50.0,High school,Private,Never married,Male,White,No,63000.0
47,40.0,,Private,Married,Female,Black,Yes,80000.0
29,20.0,High school,Self-employed,Never married,Female,Black,Yes,1500.0
37,40.0,No high school diploma,Private non-profit,Married,Male,White,No,32000.0
37,45.0,Graduate degree,Local government,Married,Female,White,Yes,68000.0
26,40.0,Graduate degree,Local government,Never married,Female,White,Yes,50000.0
59,,High school,Self-employed (incorporated),Never married,Male,Asian,Yes,150000.0
43,70.0,Some college,Private,Married,Male,White,Yes,57000.0
51,40.0,High school,Private,Married,Female,White,Yes,43000.0
19,40.0,High school,Private,Never married,Male,White,Yes,52000.0
63,,Some college,Private,Never married,Female,Black,Yes,43000.0
36,40.0,No high school diploma,Private,Never married,Male,White,Yes,30000.0
68,50.0,Graduate degree,Private non-profit,Married,Female,White,Yes,36850.0
47,,Associate degree,State government,Married,Male,White,Yes,64000.0
32,40.0,No high school diploma,Private,Married,Male,Other or multiple,No,35500.0
54,40.0,High school,Private,Married,Female,White,Yes,50000.0
33,55.0,Some college,Private,Never married,Female,White,Yes,49000.0
17,20.0,No high school diploma,Private,Never married,Female,White,Yes,3300.0
61,40.0,Some college,Private,Married,Male,White,Yes,70500.0
25,30.0,Some college,Private,Never married,Male,White,Yes,4000.0
60,50.0,Graduate degree,Local government,Married,Female,White,Yes,55000.0
58,40.0,Associate degree,Private,Married,Female,Black,Yes,45000.0
50,60.0,No high school diploma,Private,Divorced,Male,White,Yes,50000.0
29,40.0,High school,Private,Never married,Male,Black,Yes,32600.0
40,40.0,High school,Self-employed (incorporated),Divorced,Female,White,Yes,7000.0
34,84.0,Bachelor degree,Private,Never married,Female,White,Yes,18000.0
59,60.0,Graduate degree,Local government,Divorced,Female,White,Yes,23000.0
28,40.0,High school,Private,Married,Female,White,Yes,28000.0
48,40.0,Bachelor degree,Private,Married,Female,Black,Yes,44000.0
51,35.0,No high school diploma,Private,Divorced,Female,White,Yes,17500.0
29,40.0,High school,Self-employed,Separated,Female,White,No,1500.0
41,45.0,Bachelor degree,Private,Married,Male,White,Yes,94000.0
40,2.0,High school,Private,Divorced,Male,White,Yes,7700.0
61,50.0,Some college,Private,Married,Female,White,Yes,190000.0
53,50.0,Some college,Private,Married,Female,White,Yes,150000.0
35,50.0,Graduate degree,Self-employed,Never married,Female,Black,Yes,20000.0
31,45.0,High school,Private,Married,Male,Asian,Yes,55000.0
18,20.0,No high school diploma,Private,Married,Male,White,Yes,6000.0
47,50.0,Some college,,Married,Male,Asian,No,35000.0
56,40.0,Bachelor degree,State government,Married,Female,White,Yes,18000.0
37,48.0,Bachelor degree,Private,Never married,Female,White,Yes,60000.0
40,30.0,No high school diploma,Private,Married,Female,White,Yes,20000.0
49,30.0,Some college,Self-employed,Married,Male,White,Yes,23400.0
38,41.0,Bachelor degree,Private,Married,Female,White,Yes,45100.0
31,50.0,Graduate degree,State government,Married,Female,White,Yes,90000.0
39,45.0,High school,Private,Married,Female,White,Yes,5800.0
38,40.0,No high school diploma,Private,Married,Male,White,Yes,3000.0
65,,Bachelor degree,Self-employed,Married,Female,White,Yes,31500.0
48,65.0,Graduate degree,Private,Married,Male,White,Yes,215000.0
21,44.0,High school,Private,Never married,Male,White,Yes,18000.0
25,,Some college,Private,Divorced,Female,White,Yes,23200.0
38,,High school,Private,Married,Male,White,Yes,32000.0
28,40.0,,Private,Divorced,Female,White,Yes,30000.0
57,,Some college,Self-employed (incorporated),Married,Male,White,Yes,60000.0
55,40.0,Some college,Private,Married,Male,White,Yes,149400.0
61,20.0,High school,Private,Married,Female,Asian,No,40000.0
40,40.0,Associate degree,State government,Married,Male,White,Yes,50000.0
43,39.0,High school,Private,Married,Female,Black,Yes,12000.0
64,55.0,Graduate degree,Private non-profit,Married,Male,White,Yes,205000.0
35,40.0,Some college,Private,Never married,Male,Black,Yes,82200.0
60,40.0,Bachelor degree,Private,Married,Female,White,Yes,130000.0
28,40.0,Some college,Private,Married,Female,White,Yes,24000.0
22,40.0,,Local government,Never married,Female,Black,Yes,21200.0
57,40.0,High school,Private,Never married,Male,White,Yes,45000.0
65,28.0,Graduate degree,State government,Divorced,Female,Black,Yes,62950.0
58,,Graduate degree,Federal government,Married,Male,White,Yes,150000.0
20,40.0,High school,State government,Never married,Male,White,Yes,21000.0
60,,No high school diploma,Private,Divorced,Male,White,Yes,24000.0
37,40.0,Some college,Private,Never married,Female,White,Yes,28000.0
62,40.0,High school,Private,Married,Female,White,Yes,31500.0
46,40.0,Graduate degree,Private,Never married,Male,White,Yes,30000.0
28,40.0,Some college,Private,Married,Female,White,Yes,17400.0
55,32.0,No high school diploma,Private,Married,Female,White,Yes,13000.0
21,20.0,Some college,Private,Never married,Female,White,Yes,12000.0
47,24.0,Bachelor degree,Local government,Married,Female,White,Yes,10500.0
29,4.0,Associate degree,Private,Married,Female,White,Yes,2100.0
43,10.0,Graduate degree,Private,Married,Female,Black,No,23300.0
47,50.0,Bachelor degree,Local government,Married,Female,White,Yes,51000.0
25,45.0,Bachelor degree,Private non-profit,Never married,Male,Black,Yes,47000.0
49,40.0,Bachelor degree,Private,Married,Male,White,Yes,180000.0
59,45.0,Bachelor degree,Private non-profit,Married,Female,Black,No,66000.0
46,40.0,High school,Private,Divorced,Male,White,Yes,52000.0
29,40.0,Some college,Private,Married,Female,White,Yes,36500.0
42,40.0,Some college,Private,Married,Female,White,Yes,229000.0
47,40.0,No high school diploma,Private,Married,Female,White,No,15600.0
45,25.0,Associate degree,Private,Married,Female,Black,Yes,15000.0
46,25.0,Some college,Private,Married,Female,Black,Yes,22700.0
32,40.0,High school,Private,Married,Male,White,Yes,30000.0
51,25.0,Some college,Private,Divorced,Female,Black,Yes,3200.0
63,24.0,Some college,Self-employed,Married,Female,White,Yes,21200.0
51,40.0,Bachelor degree,Private,Married,Male,White,Yes,125000.0
29,40.0,Bachelor degree,Private,Married,Male,White,Yes,23000.0
18,20.0,High school,Private,Never married,Male,White,Yes,1600.0
64,60.0,Graduate degree,Private,Married,Male,Black,Yes,100000.0
30,38.0,,Private,Married,Female,White,Yes,46900.0
40,8.0,No high school diploma,Private,Married,Female,White,Yes,6000.0
45,40.0,Some college,Private,Married,Female,Black,Yes,45000.0
32,50.0,High school,Local government,Married,Male,White,No,33000.0
60,40.0,Bachelor degree,Self-employed (incorporated),Married,Male,White,Yes,210000.0
44,25.0,Bachelor degree,Self-employed (incorporated),Widowed,Female,White,Yes,65650.0
36,,Some college,Private,Divorced,Male,White,Yes,20000.0
36,40.0,Some college,Private,Married,Male,White,Yes,44000.0
71,15.0,No high school diploma,Private,Widowed,Female,Black,Yes,16400.0
59,40.0,Bachelor degree,Private,Divorced,Male,White,Yes,200000.0
31,40.0,Some college,Self-employed (incorporated),Divorced,Female,White,Yes,18000.0
39,40.0,Some college,Private,Divorced,Female,Black,Yes,13600.0
28,40.0,Bachelor degree,Private,Married,Male,White,No,25000.0
53,26.0,High school,Private,Never married,Male,Black,Yes,600.0
61,,Bachelor degree,Private non-profit,Married,Female,Other or multiple,Yes,85000.0
32,40.0,No high school diploma,Private,Never married,Male,Other or multiple,No,17000.0
31,28.0,Associate degree,Private,Never married,Female,Black,Yes,28000.0
74,,Bachelor degree,Private,Divorced,Female,White,Yes,104400.0
45,35.0,High school,Self-employed,Married,Male,White,Yes,27000.0
19,40.0,High school,,Never married,Male,White,Yes,20000.0
47,50.0,Bachelor degree,Private,Married,Male,White,Yes,40000.0
57,55.0,No high school diploma,Private,Divorced,Male,White,Yes,18900.0
44,40.0,Bachelor degree,,Married,Male,White,Yes,118000.0
27,40.0,Bachelor degree,Private,Never married,Male,White,Yes,51000.0
52,40.0,Bachelor degree,State government,Divorced,Female,Black,Yes,60000.0
28,45.0,Bachelor degree,Private non-profit,Never married,Female,White,Yes,55000.0
21,40.0,,Private,Never married,Male,White,Yes,18000.0
21,25.0,Some college,Private,Never married,Male,Black,Yes,16000.0
62,40.0,Graduate degree,Private,Married,Male,Asian,No,110000.0
56,45.0,Graduate degree,Private,Married,Male,White,Yes,91000.0
37,50.0,High school,Private,Married,Male,White,Yes,50000.0
35,60.0,Bachelor degree,Self-employed,Married,Male,White,Yes,42000.0
29,40.0,Some college,Private,Married,Male,White,Yes,22000.0
55,,Bachelor degree,State government,Married,Female,White,Yes,87000.0
35,40.0,Associate degree,Self-employed,Married,Female,White,Yes,80000.0
56,40.0,Bachelor degree,Private,Never married,Male,White,Yes,70000.0
62,55.0,High school,,Married,Male,White,Yes,55100.0
56,50.0,Some college,Self-employed (incorporated),Married,Male,Black,Yes,40000.0
41,30.0,Some college,Private,Never married,Male,Black,Yes,19500.0
23,38.0,Some college,Private,Never married,Female,White,Yes,30000.0
61,,No high school diploma,Local government,Married,Female,White,Yes,3400.0
55,40.0,Graduate degree,State government,Divorced,Female,White,Yes,81900.0
52,30.0,Bachelor degree,Private,Separated,Female,Black,Yes,6600.0
19,40.0,High school,Private,Never married,Male,Black,Yes,3100.0
40,40.0,Bachelor degree,Local government,Married,Male,White,Yes,40000.0
45,40.0,,Private,Married,Female,Black,No,105000.0
24,40.0,Bachelor degree,Local government,Married,Female,White,Yes,44000.0
58,38.0,High school,Private,Married,Female,White,Yes,28800.0
27,50.0,Bachelor degree,Private,Married,Male,White,Yes,60000.0
25,40.0,Some college,Private non-profit,Never married,Female,White,Yes,10700.0
29,52.0,,Private,Separated,Female,White,No,148000.0
47,4.0,Bachelor degree,Self-employed (incorporated),Married,Female,Black,No,2000.0
36,40.0,No high school diploma,Private,Divorced,Female,White,Yes,52000.0
33,30.0,Bachelor degree,,Married,Female,White,Yes,4000.0
59,42.0,Associate degree,Self-employed,Married,Female,White,Yes,30000.0
47,40.0,Graduate degree,Local government,Married,Female,Black,No,80000.0
36,60.0,Bachelor degree,Local government,Married,Male,White,Yes,66380.0
58,40.0,Graduate degree,State government,Divorced,Female,White,Yes,70000.0
34,36.0,High school,Private,Never married,Female,White,Yes,20000.0
57,20.0,Some college,Private,Married,Male,White,Yes,20000.0
65,20.0,No high school diploma,Self-employed (incorporated),Widowed,Male,White,Yes,15000.0
34,40.0,Bachelor degree,Private,Married,Male,White,Yes,151000.0
59,43.0,High school,Private,Divorced,Female,White,Yes,26000.0
40,50.0,Some college,Private,Married,Male,White,Yes,143000.0
18,28.0,No high school diploma,Private,Never married,Male,White,Yes,15000.0
49,40.0,High school,Local government,Married,Female,White,Yes,6000.0
45,40.0,Associate degree,State government,Married,Female,White,Yes,42000.0
50,40.0,High school,Private,Married,Female,Black,No,24000.0
40,50.0,High school,Self-employed,Married,Male,White,No,40000.0
49,34.0,High school,Private,Married,Male,White,Yes,25000.0
20,30.0,High school,Private,Married,Male,Black,Yes,8300.0
58,4.0,High school,Private non-profit,Married,Male,White,Yes,11700.0
64,40.0,High school,Private,Married,Male,White,No,29500.0
35,40.0,Bachelor degree,Private,Married,Female,Other or multiple,No,69000.0
64,40.0,Bachelor degree,Private,Never married,Male,White,Yes,12000.0
32,35.0,,Self-employed,Never married,Female,White,Yes,17300.0
40,40.0,Some college,Private,Never married,Male,White,Yes,44000.0
47,2.0,Some college,Self-employed,Divorced,Male,White,Yes,200.0
42,40.0,High school,Private,Divorced,Male,White,Yes,37000.0
35,40.0,High school,Private,Married,Male,White,Yes,20000.0
47,20.0,,Self-employed,Never married,Male,White,Yes,311000.0
69,2.0,Bachelor degree,Self-employed (incorporated),Married,Male,White,Yes,44200.0
47,40.0,Graduate degree,,Divorced,Female,Black,Yes,20000.0
23,20.0,Some college,Private,Never married,Female,Black,Yes,5800.0
61,55.0,Associate degree,Local government,Never married,Male,White,Yes,40000.0
26,25.0,Some college,Private,Never married,Female,Black,Yes,6000.0
44,57.0,High school,Private,Married,Male,Black,No,43000.0
40,40.0,Associate degree,Private,Married,Male,White,Yes,46000.0
50,40.0,High school,Private,Divorced,Female,White,Yes,42000.0
43,45.0,Some college,Private,Married,Male,Black,Yes,50000.0
45,45.0,Bachelor degree,Local government,Married,Female,White,No,52000.0
32,38.0,No high school diploma,Private,Never married,Female,Black,Yes,12000.0
57,40.0,High school,Private,Married,Male,White,Yes,36000.0
35,60.0,No high school diploma,Private,Married,Female,White,Yes,36000.0
51,70.0,Bachelor degree,Self-employed,Married,Male,White,Yes,50000.0
32,35.0,High school,Private,Married,Female,White,No,15700.0
33,60.0,Graduate degree,Private,Married,Male,White,Yes,140000.0
47,40.0,Associate degree,Private,Married,Male,White,No,100000.0
46,40.0,No high school diploma,Local government,Married,Male,White,Yes,22000.0
44,20.0,Some college,Self-employed,Never married,Male,White,Yes,38000.0
47,40.0,Some college,Private,Divorced,Female,White,Yes,86000.0
26,,Associate degree,Private,Never married,Female,White,Yes,24000.0
21,40.0,No high school diploma,Private,Never married,Male,White,Yes,8000.0
19,40.0,High school,Private,Never married,Female,White,Yes,26400.0
51,16.0,No high school diploma,Private,Divorced,Female,White,Yes,1200.0
58,50.0,Bachelor degree,Private,Married,Male,White,Yes,104700.0
19,40.0,High school,Private,Never married,Female,Black,Yes,6000.0
43,34.0,High school,Private,Married,Female,Black,Yes,16000.0
56,40.0,Some college,State government,Widowed,Female,White,Yes,43000.0
26,45.0,Bachelor degree,State government,Never married,Male,White,Yes,40000.0
26,40.0,High school,Private,Never married,Male,White,Yes,20000.0
43,40.0,High school,Private non-profit,Married,Female,White,Yes,77000.0
18,20.0,No high school diploma,Private,Never married,Male,White,Yes,700.0
22,12.0,,Private non-profit,Never married,Female,Black,Yes,3900.0
27,40.0,Graduate degree,Private,Married,Female,White,Yes,35000.0
31,50.0,Bachelor degree,Private,Married,Female,White,Yes,150000.0
41,,Some college,Private,Never married,Male,White,Yes,48000.0
39,45.0,High school,Private non-profit,Divorced,Female,White,Yes,65000.0
22,40.0,Some college,Private,Never married,Male,White,Yes,1200.0
82,10.0,High school,Local government,Widowed,Female,Black,Yes,15100.0
48,12.0,No high school diploma,Private,Divorced,Male,White,Yes,1200.0
41,40.0,High school,Private,Married,Male,White,Yes,30000.0
32,40.0,High school,Local government,Married,Male,White,Yes,40000.0
48,40.0,No high school diploma,Private,Married,Male,White,Yes,52000.0
24,,Some college,Private,Married,Male,White,Yes,15000.0
21,25.0,High school,Private,Never married,Female,Black,Yes,600.0
41,60.0,High school,Private non-profit,Married,Male,White,Yes,105000.0
27,25.0,Bachelor degree,Private,Never married,Male,White,Yes,19200.0
33,24.0,High school,Private,Separated,Female,White,Yes,10000.0
41,45.0,,State government,Married,Male,White,Yes,92000.0
66,18.0,,Private,Widowed,Female,White,Yes,37700.0
55,55.0,Bachelor degree,Private,Married,Male,White,Yes,95000.0
33,50.0,Graduate degree,Private,Never married,Female,Black,No,56000.0
35,40.0,High school,Private,Never married,Male,White,Yes,25000.0
56,40.0,No high school diploma,Private non-profit,Married,Male,White,Yes,60000.0
26,40.0,No high school diploma,Private,Married,Male,Other or multiple,Yes,18000.0
59,30.0,Some college,Self-employed,Married,Male,Black,Yes,12000.0
62,40.0,Some college,Local government,Married,Male,White,Yes,60000.0
19,10.0,Some college,,Never married,Female,Black,Yes,2300.0
67,36.0,High school,Private,Divorced,Female,Black,Yes,31500.0
60,40.0,Bachelor degree,Private,Married,Male,White,Yes,24000.0
59,37.0,Bachelor degree,Local government,Married,Female,White,Yes,27000.0
37,35.0,Some college,Private,Never married,Female,White,Yes,25000.0
30,25.0,High school,Self-employed,Never married,Male,Black,Yes,2000.0
63,40.0,Associate degree,Private,Divorced,Female,White,Yes,60000.0
69,60.0,Graduate degree,Private non-profit,Married,Male,White,Yes,74000.0
32,40.0,Graduate degree,Private non-profit,Married,Female,White,Yes,12300.0
46,60.0,Graduate degree,Private non-profit,Married,Male,White,Yes,237010.0
38,40.0,Associate degree,Local government,Married,Female,White,Yes,32000.0
55,40.0,Some college,Local government,Divorced,Female,Black,Yes,22900.0
26,40.0,Graduate degree,Private,Married,Female,Black,No,14000.0
28,6.0,Some college,State government,Never married,Female,Black,Yes,14730.0
25,30.0,Some college,Private,Never married,Male,Black,Yes,20000.0
29,40.0,Associate degree,Private,Married,Female,White,Yes,52000.0
54,40.0,High school,Private,Married,Male,White,Yes,30000.0
21,9.0,High school,Private non-profit,Married,Female,White,Yes,1700.0
33,40.0,High school,Private,Divorced,Male,White,Yes,40000.0
46,30.0,Graduate degree,Private,Divorced,Female,White,Yes,57000.0
39,40.0,Graduate degree,Local government,Never married,Female,Black,Yes,50100.0
35,40.0,Graduate degree,Private non-profit,Married,Male,Black,No,496000.0
60,40.0,High school,Private,Married,Female,White,Yes,92000.0
47,40.0,Graduate degree,Local government,Never married,Female,White,Yes,72000.0
59,35.0,No high school diploma,Self-employed,Married,Male,White,No,12000.0
63,,Bachelor degree,Local government,Married,Male,White,Yes,90000.0
26,50.0,Bachelor degree,Private,Never married,Female,Black,Yes,28800.0
34,32.0,No high school diploma,Private,Never married,Male,Black,Yes,13100.0
26,40.0,High school,Private,Never married,Female,White,Yes,10000.0
32,50.0,High school,Private,Never married,Female,Black,Yes,21400.0
30,10.0,Some college,Self-employed (incorporated),Married,Female,White,Yes,17000.0
33,70.0,Associate degree,Private,Married,Male,White,Yes,130000.0
23,30.0,Some college,Private,Never married,Female,Black,Yes,20000.0
45,50.0,Bachelor degree,Private,Married,Male,White,Yes,138000.0
50,70.0,Some college,Private,Never married,Male,White,Yes,40000.0
47,50.0,High school,Self-employed,Married,Male,White,Yes,70000.0
61,50.0,High school,Private,Married,Male,White,Yes,35100.0
60,40.0,High school,Private,Never married,Male,White,Yes,22000.0
55,50.0,Bachelor degree,Private,Married,Male,White,Yes,238000.0
52,20.0,High school,Private,Married,Female,White,Yes,5600.0
20,,High school,Private,Never married,Male,White,Yes,14000.0
40,40.0,High school,Private,Married,Male,Black,Yes,60000.0
26,20.0,Bachelor degree,Private,Never married,Male,White,Yes,15000.0
33,40.0,Associate degree,Private,Married,Female,Black,No,15000.0
27,40.0,High school,,Never married,Female,Black,Yes,24000.0
49,40.0,No high school diploma,Private,Married,Male,White,Yes,40000.0
28,10.0,Some college,Local government,Never married,Female,Black,Yes,1000.0
35,50.0,,Self-employed (incorporated),Married,Male,White,No,30000.0
39,40.0,Graduate degree,Private non-profit,Married,Female,White,Yes,50000.0
32,40.0,Graduate degree,Private,Married,Male,White,No,80000.0
55,40.0,Bachelor degree,Federal government,Married,Female,Black,Yes,83000.0
62,27.0,High school,State government,Never married,Female,Black,Yes,91300.0
47,40.0,Bachelor degree,Private,Married,Male,White,Yes,100000.0
46,40.0,Bachelor degree,Private,Married,Female,White,Yes,53000.0
75,20.0,High school,Private,Widowed,Female,White,Yes,10000.0
66,44.0,High school,Private,Married,Male,White,Yes,74200.0
25,50.0,Bachelor degree,Private,Never married,Male,White,Yes,60000.0
27,50.0,Bachelor degree,,Never married,Male,White,Yes,20000.0
35,40.0,No high school diploma,Private,Divorced,Male,White,Yes,20000.0
66,50.0,Graduate degree,Local government,Married,Male,White,No,59000.0
31,40.0,Associate degree,Private non-profit,Married,Male,White,Yes,61000.0
38,50.0,Some college,Private,Married,Male,Black,Yes,62000.0
19,40.0,Some college,Private,Never married,Male,White,Yes,7000.0
32,40.0,,Private,Never married,Male,White,No,30000.0
25,40.0,No high school diploma,Private,Never married,Male,White,Yes,24500.0
44,45.0,High school,Self-employed,Separated,Male,White,Yes,20360.0
43,50.0,Graduate degree,Local government,Married,Female,Black,Yes,95000.0
39,80.0,High school,Private,Never married,Male,Black,Yes,32000.0
62,40.0,High school,Private,Never married,Male,White,Yes,150000.0
55,50.0,High school,Private,Married,Male,Black,Yes,70000.0
60,32.0,,Private,Married,Female,White,Yes,24500.0
37,36.0,Bachelor degree,Private,Married,Female,White,Yes,60000.0
58,6.0,No high school diploma,Private,Never married,Male,Black,Yes,10900.0
25,,High school,Private,Never married,Male,Other or multiple,Yes,37000.0
52,20.0,Bachelor degree,Private,Divorced,Female,White,Yes,48750.0
35,45.0,Some college,Self-employed (incorporated),Married,Male,White,Yes,55000.0
43,30.0,Some college,Private,Married,Male,White,Yes,27700.0
20,36.0,High school,Private,Never married,Female,White,Yes,9000.0
27,40.0,Bachelor degree,Private,Never married,Male,White,Yes,75500.0
53,48.0,High school,Private,Divorced,Female,White,Yes,24000.0
55,15.0,High school,Private,Married,Female,White,Yes,3700.0
33,40.0,High school,Private,Never married,Male,White,Yes,60000.0
51,40.0,Some college,Federal government,Married,Male,White,Yes,114000.0
46,40.0,Graduate degree,Private,Separated,Female,Black,No,76200.0
65,30.0,Bachelor degree,Self-employed (incorporated),Married,Female,White,Yes,44400.0
31,40.0,Some college,Private,Married,Female,White,Yes,45000.0
18,10.0,No high school diploma,Private,Never married,Male,White,Yes,730.0
27,37.0,Some college,Private,Never married,Female,White,Yes,24800.0
40,,Associate degree,Private,Married,Female,White,No,15000.0
29,40.0,Bachelor degree,Private,Married,Female,White,Yes,10000.0
33,40.0,Bachelor degree,Private,Married,Male,White,Yes,40000.0
42,40.0,High school,Private,Married,Male,White,Yes,200000.0
70,16.0,No high school diploma,Private,Married,Male,White,Yes,24500.0
43,40.0,Bachelor degree,Private,Married,Male,White,No,97000.0
62,60.0,Bachelor degree,Private,Married,Male,White,Yes,90000.0
35,28.0,Some college,,Married,Female,White,Yes,22000.0
25,40.0,Some college,Private,Married,Female,White,Yes,28000.0
19,60.0,Some college,Federal government,Never married,Male,White,Yes,1000.0
63,40.0,High school,Local government,Married,Male,White,Yes,41600.0
43,40.0,High school,Private,Married,Female,White,Yes,35000.0
55,50.0,Bachelor degree,Private,Married,Male,White,Yes,228000.0
37,29.0,Bachelor degree,Private,Married,Female,White,Yes,6000.0
57,40.0,High school,Private,Separated,Male,White,Yes,30000.0
20,10.0,Some college,Private,Never married,Female,White,Yes,5000.0
40,40.0,High school,Private,Never married,Male,White,Yes,50000.0
53,55.0,Bachelor degree,Private,Never married,Female,Other or multiple,Yes,149400.0
55,40.0,High school,Private,Divorced,Female,White,Yes,60000.0
55,40.0,No high school diploma,Private,Married,Male,White,No,8000.0
53,40.0,Some college,State government,Married,Female,White,Yes,35000.0
23,32.0,Bachelor degree,Private,Never married,Female,White,Yes,61400.0
47,40.0,Graduate degree,Private,Married,Female,White,Yes,27000.0
51,40.0,Some college,Local government,Married,Male,Black,Yes,30000.0
19,50.0,Some college,Self-employed (incorporated),Never married,Male,Other or multiple,Yes,18000.0
58,46.0,High school,Private non-profit,Married,Male,White,Yes,44000.0
43,32.0,Some college,Private,Divorced,Female,White,Yes,40000.0
31,40.0,High school,Private,Never married,Male,Black,Yes,30000.0
41,18.0,High school,Private,Never married,Male,Black,Yes,4900.0
32,40.0,High school,Private,Married,Female,White,Yes,33000.0
54,,,Private non-profit,Married,Female,White,Yes,36000.0
56,40.0,Graduate degree,Local government,Married,Female,Black,Yes,20000.0
57,55.0,Some college,Private,Never married,Female,Black,Yes,24000.0
27,24.0,,Private,Divorced,Female,White,Yes,25000.0
31,50.0,No high school diploma,Private,Never married,Female,Other or multiple,Yes,26000.0
28,41.0,Bachelor degree,Private,Never married,Female,White,Yes,43500.0
31,40.0,Graduate degree,Federal government,Married,Female,White,Yes,78050.0
20,15.0,Some college,Private,Never married,Female,White,Yes,950.0
54,50.0,Bachelor degree,Private,Divorced,Male,Black,Yes,40000.0
63,40.0,No high school diploma,Private,Divorced,Female,Asian,No,15800.0
37,40.0,Some college,Private,Married,Male,White,No,65000.0
50,40.0,Bachelor degree,Private,Married,Male,White,No,56000.0
51,55.0,Bachelor degree,Private,Married,Female,White,Yes,110000.0
58,50.0,Graduate degree,Private,Married,Male,White,Yes,469000.0
23,35.0,Some college,Private,Never married,Female,Black,Yes,12000.0
47,40.0,Some college,Private,Married,Male,Other or multiple,No,82000.0
18,20.0,No high school diploma,,Never married,Female,Black,Yes,9400.0
62,40.0,Some college,Private,Married,Male,White,Yes,20000.0
42,48.0,High school,Self-employed,Married,Male,White,Yes,26000.0
47,,Graduate degree,Self-employed (incorporated),Married,Male,White,No,227500.0
43,40.0,No high school diploma,Private,Separated,Male,White,Yes,38000.0
21,40.0,Some college,Private,Never married,Female,White,Yes,12000.0
25,30.0,Some college,Private,Never married,Male,White,Yes,31000.0
55,40.0,High school,Private,Widowed,Male,Black,Yes,26400.0
57,84.0,Bachelor degree,Self-employed (incorporated),Married,Male,Asian,No,20000.0
71,20.0,Bachelor degree,Self-employed,Married,Male,White,Yes,363300.0
57,75.0,Bachelor degree,Private,Married,Male,White,No,225000.0
48,40.0,Some college,Private,Divorced,Male,Black,Yes,24000.0
20,40.0,Some college,Private,Married,Female,White,Yes,5000.0
26,40.0,Bachelor degree,Private non-profit,Never married,Male,White,Yes,25000.0
58,6.0,High school,Private,Widowed,Female,White,Yes,300.0
61,24.0,Associate degree,Private,Married,Male,Black,Yes,1000.0
57,29.0,,,Never married,Female,Black,Yes,13000.0
56,30.0,Some college,Private non-profit,Married,Female,White,Yes,42000.0
36,40.0,Bachelor degree,,Never married,Female,White,Yes,68000.0
60,40.0,Associate degree,Private,Married,Male,Black,Yes,62000.0
18,8.0,No high school diploma,Private non-profit,Never married,Female,White,Yes,1600.0
29,40.0,High school,Private,Never married,Male,White,Yes,400.0
54,40.0,Some college,Private,Married,Female,White,No,48000.0
39,40.0,Associate degree,Private,Divorced,Male,Black,No,40000.0
28,32.0,High school,Private,Married,Male,Other or multiple,No,19600.0
23,40.0,Bachelor degree,Private,Never married,Male,White,Yes,65000.0
34,40.0,Associate degree,Private,Never married,Female,Black,Yes,15000.0
24,40.0,Some college,Private,Never married,Male,Black,Yes,16000.0
44,55.0,,Private,Married,Female,White,Yes,75000.0
67,40.0,Some college,Self-employed,Never married,Male,Black,Yes,8600.0
55,40.0,No high school diploma,Private,Married,Male,White,Yes,30000.0
60,44.0,Bachelor degree,Private,Married,Male,White,Yes,90000.0
78,10.0,Associate degree,Private,Married,Male,White,Yes,43900.0
36,45.0,Some college,Private,Never married,Male,Black,Yes,45000.0
66,40.0,Bachelor degree,Private non-profit,Married,Male,Black,Yes,59600.0
60,39.0,Some college,,Married,Male,White,Yes,37000.0
66,40.0,Bachelor degree,Private,Married,Male,White,Yes,90600.0
26,20.0,High school,Private,Never married,Male,Other or multiple,Yes,16020.0
37,40.0,High school,Private,Never married,Male,Black,Yes,3600.0
52,31.0,Some college,Private,Divorced,Female,Black,Yes,27000.0
55,40.0,Bachelor degree,Private,Married,Female,White,Yes,52000.0
29,50.0,High school,Private,Married,Male,White,Yes,62030.0
40,65.0,High school,Private,Never married,Female,White,Yes,42000.0
39,48.0,High school,Private non-profit,Married,Male,White,Yes,100000.0
28,40.0,Bachelor degree,Private,Married,Male,White,Yes,25000.0
45,40.0,Associate degree,Private,Married,Male,White,No,20300.0
28,40.0,Graduate degree,State government,Never married,Female,Asian,No,24000.0
57,20.0,Bachelor degree,Private,Married,Male,White,Yes,145000.0
23,36.0,Bachelor degree,Private,Never married,Male,Black,Yes,26000.0
35,40.0,High school,Private,Married,Female,White,Yes,28000.0
44,40.0,Graduate degree,State government,Married,Female,White,Yes,32000.0
74,40.0,Graduate degree,,Widowed,Male,White,Yes,41000.0
64,40.0,Associate degree,Federal government,Married,Female,Black,Yes,65000.0
30,50.0,No high school diploma,Private,Never married,Male,Black,Yes,30000.0
60,70.0,Bachelor degree,Private,Married,Male,White,Yes,40000.0
43,60.0,Some college,Private,Married,Male,White,Yes,85000.0
21,25.0,High school,Private,Never married,Male,White,Yes,8000.0
33,40.0,Bachelor degree,Private,Married,Female,White,Yes,100000.0
38,40.0,High school,Private,Never married,Male,Black,Yes,22400.0
20,40.0,High school,Private,Never married,Male,White,Yes,10000.0
39,60.0,High school,Self-employed,Never married,Male,White,Yes,25000.0
36,40.0,Bachelor degree,Local government,Never married,Female,Black,Yes,30000.0
31,60.0,High school,Private,Never married,Male,White,Yes,30000.0
62,40.0,High school,Private,Married,Male,Black,Yes,59100.0
21,40.0,High school,Private,Never married,Male,White,Yes,19000.0
54,50.0,Some college,Private,Divorced,Male,White,Yes,80000.0
22,40.0,Some college,Private,Never married,Male,Black,Yes,30000.0
58,,Graduate degree,Private,Never married,Male,Other or multiple,Yes,160000.0
47,40.0,Graduate degree,Private,Married,Male,Black,Yes,150100.0
65,40.0,Some college,Private,Married,Male,White,Yes,59000.0
59,50.0,Graduate degree,Private,Divorced,Female,Black,Yes,61900.0
38,35.0,High school,Private,Married,Female,White,Yes,2000.0
42,40.0,High school,Private,Married,Female,White,Yes,21000.0
42,40.0,Bachelor degree,Local government,Married,Female,White,Yes,91000.0
31,40.0,Bachelor degree,Private,Never married,Female,Black,Yes,19200.0
39,40.0,Graduate degree,Private,Never married,Female,Black,Yes,35210.0
21,25.0,Some college,Self-employed,Never married,Female,Black,Yes,39500.0
45,38.0,Bachelor degree,,Married,Female,White,Yes,42000.0
48,32.0,Some college,Private,Married,Female,White,Yes,24200.0
42,40.0,Bachelor degree,Private,Married,Male,White,Yes,73000.0
50,40.0,Some college,Private non-profit,Married,Male,Other or multiple,Yes,40000.0
63,,High school,Private,Married,Male,Asian,No,13000.0
54,42.0,Some college,Private,Married,Female,Asian,No,26000.0
25,30.0,Some college,Private,Never married,Male,White,Yes,20000.0
69,40.0,Associate degree,Private,Divorced,Female,White,Yes,60000.0
56,40.0,Bachelor degree,Private,Married,Female,White,Yes,130000.0
35,45.0,Some college,Private,Never married,Male,White,Yes,52000.0
53,45.0,,Federal government,Separated,Female,White,No,114000.0
71,50.0,Bachelor degree,Self-employed,Married,Male,White,Yes,106000.0
31,40.0,Graduate degree,Private non-profit,Never married,Female,White,No,11000.0
20,25.0,High school,Private,Never married,Male,Black,Yes,15000.0
49,70.0,Graduate degree,Self-employed (incorporated),Married,Male,White,Yes,471000.0
34,60.0,Some college,Private,Married,Male,White,Yes,63000.0
34,40.0,No high school diploma,Private,Married,Male,White,No,35000.0
46,40.0,High school,Private,Married,Female,Black,No,33300.0
55,55.0,Graduate degree,Private,Married,Male,White,Yes,259700.0
20,30.0,Some college,Private,Never married,Female,Black,Yes,8700.0
60,25.0,Some college,Private,Married,Male,Black,Yes,56300.0
59,50.0,High school,Local government,Married,Male,Black,Yes,51000.0
41,40.0,Bachelor degree,Private,Divorced,Male,White,No,100000.0
43,40.0,Graduate degree,Federal government,Married,Male,White,Yes,120000.0
43,40.0,Some college,Private,Married,Male,White,Yes,40000.0
50,45.0,Graduate degree,Private non-profit,Married,Female,White,Yes,56000.0
54,40.0,Some college,Private,Married,Male,Black,No,20000.0
79,25.0,High school,Self-employed,Married,Male,Black,Yes,43150.0
23,40.0,High school,Private,Married,Male,White,Yes,45000.0
62,60.0,High school,Private,Married,Male,White,Yes,120000.0
18,,High school,Federal government,Never married,Female,White,Yes,4500.0
31,50.0,High school,Private,Married,Male,White,Yes,50000.0
33,40.0,Associate degree,Self-employed (incorporated),Never married,Male,Black,No,25000.0
48,38.0,Associate degree,Private,Married,Male,White,Yes,37000.0
48,40.0,Graduate degree,Private non-profit,Married,Male,White,Yes,197000.0
21,20.0,Some college,Private,Never married,Male,White,Yes,6000.0
55,40.0,Some college,Private non-profit,Never married,Female,White,Yes,90200.0
47,40.0,Bachelor degree,Private,Married,Female,White,Yes,18000.0
20,18.0,High school,Private,Never married,Female,White,Yes,3000.0
49,45.0,,Private,Never married,Male,Black,No,70000.0
62,30.0,Some college,Private,Divorced,Female,Black,Yes,40000.0
58,40.0,High school,Private,Married,Male,Black,Yes,40900.0
58,40.0,High school,Self-employed (incorporated),Divorced,Male,White,Yes,120000.0
53,40.0,Associate degree,Private,Separated,Female,White,Yes,30000.0
22,40.0,Some college,Private,Never married,Male,White,Yes,9000.0
18,50.0,High school,Federal government,Never married,Male,White,Yes,7500.0
70,8.0,Bachelor degree,Self-employed,Married,Male,White,Yes,33900.0
30,40.0,Graduate degree,Federal government,Married,Male,White,Yes,67000.0
24,40.0,High school,Private,Never married,Male,White,Yes,20800.0
22,40.0,,Federal government,Married,Female,White,Yes,24000.0
43,36.0,Bachelor degree,Private,Married,Female,White,No,55000.0
75,30.0,Graduate degree,Private,Married,Male,White,Yes,222300.0
55,43.0,Some college,Private,Married,Female,White,Yes,3800.0
41,40.0,High school,Private,Married,Female,White,Yes,55950.0
54,40.0,Some college,Private,Divorced,Female,Black,Yes,21100.0
35,40.0,Graduate degree,Private,Never married,Female,White,Yes,25000.0
43,40.0,Associate degree,Private,Married,Male,Asian,No,50000.0
29,30.0,Bachelor degree,Private,Divorced,Male,White,Yes,22000.0
28,40.0,Bachelor degree,State government,Divorced,Female,White,Yes,40000.0
31,,High school,Private,Never married,Male,White,Yes,35000.0
44,40.0,Some college,Private,Married,Female,White,Yes,35000.0
69,60.0,Graduate degree,Private,Widowed,Female,White,Yes,111700.0
52,48.0,High school,Private,Separated,Male,Black,Yes,21600.0
40,60.0,High school,,Married,Male,White,Yes,174000.0
40,40.0,Associate degree,,Divorced,Female,White,Yes,60000.0
70,50.0,High school,Private,Married,Male,White,Yes,55200.0
52,50.0,No high school diploma,Private,Divorced,Male,White,Yes,42000.0
41,20.0,No high school diploma,Self-employed,Separated,Female,White,No,6000.0
33,40.0,High school,Private,Married,Male,White,Yes,24000.0
47,55.0,High school,Private,Married,Male,Black,Yes,24000.0
55,8.0,Some college,Self-employed,Married,Male,Asian,No,55000.0
31,50.0,Graduate degree,,Never married,Male,White,Yes,150000.0
34,40.0,Some college,Private,Married,Male,Black,Yes,50000.0
20,40.0,High school,Federal government,Never married,Female,White,Yes,37000.0
29,45.0,High school,Private,Married,Male,White,Yes,28000.0
63,40.0,Some college,Private,Married,Female,White,Yes,40000.0
45,40.0,High school,Private,Married,Male,Other or multiple,No,33300.0
21,30.0,Some college,Private,Never married,Female,White,Yes,15000.0
46,40.0,Bachelor degree,State government,Married,Female,Other or multiple,No,30000.0
18,6.0,High school,Private non-profit,Never married,Female,White,Yes,14550.0
50,30.0,High school,Private,Separated,Male,White,Yes,12800.0
64,50.0,Some college,Self-employed,Married,Female,White,Yes,14700.0
39,80.0,High school,Private,Married,Male,White,Yes,30000.0
24,20.0,Some college,Private,Never married,Male,White,No,10500.0
46,72.0,Associate degree,Local government,Married,Male,White,Yes,88000.0
46,45.0,High school,Private non-profit,Divorced,Male,Black,Yes,50000.0
43,40.0,Bachelor degree,Local government,Married,Female,White,Yes,40000.0
26,40.0,High school,State government,Never married,Female,White,No,60000.0
44,40.0,Bachelor degree,Private,Married,Male,White,Yes,84000.0
66,38.0,High school,Private,Married,Female,White,Yes,55700.0
37,60.0,High school,Self-employed,Married,Male,Other or multiple,No,30000.0
33,40.0,High school,Private,Married,Male,White,No,50000.0
32,40.0,Some college,Private,Never married,Female,Other or multiple,No,25000.0
64,40.0,Some college,Private,Married,Male,White,Yes,120330.0
38,,Some college,Federal government,Never married,Male,White,Yes,2000.0
29,55.0,Bachelor degree,State government,Never married,Female,White,Yes,52000.0
69,50.0,Bachelor degree,Private,Married,Female,White,Yes,264350.0
61,40.0,Graduate degree,State government,Married,Female,White,Yes,65000.0
20,10.0,Some college,Private non-profit,Never married,Male,Other or multiple,Yes,1500.0
20,40.0,Some college,Private,Never married,Male,Black,Yes,5000.0
19,45.0,Some college,Private,Never married,Female,Black,Yes,900.0
52,40.0,High school,Local government,Married,Female,Other or multiple,Yes,5600.0
27,40.0,Some college,Private,Never married,Male,Black,No,33400.0
53,20.0,High school,,Married,Female,White,No,8700.0
18,20.0,High school,,Never married,Female,White,Yes,170.0
48,40.0,Associate degree,Private non-profit,Married,Male,White,Yes,50000.0
51,40.0,No high school diploma,Private,Married,Male,Other or multiple,No,45000.0
52,40.0,High school,Private,Married,Male,White,Yes,25000.0
26,,Graduate degree,Private,Never married,Male,White,Yes,5000.0
19,20.0,Some college,Unpaid family work,Never married,Male,White,Yes,1700.0
25,30.0,Bachelor degree,Private,Never married,Female,White,No,38000.0
62,32.0,Some college,Private non-profit,Divorced,Male,White,Yes,46600.0
21,24.0,Some college,Private,Never married,Male,White,Yes,9700.0
54,40.0,,,Separated,Male,White,No,27000.0
29,40.0,High school,Private,Never married,Male,White,Yes,32000.0
28,,Bachelor degree,Private,Never married,Male,White,Yes,15000.0
50,30.0,,Self-employed,Married,Female,White,No,20000.0
42,40.0,High school,Private,Married,Male,Asian,No,25000.0
25,40.0,Bachelor degree,Private,Never married,Male,Black,Yes,40000.0
30,50.0,Graduate degree,Private,Never married,Male,Black,Yes,40000.0
33,45.0,Some college,Private non-profit,Married,Male,White,No,47000.0
63,40.0,Some college,Private,Married,Female,White,Yes,75200.0
28,37.0,High school,Private,Never married,Female,Black,Yes,18000.0
65,50.0,Some college,Private,Married,Female,White,Yes,27600.0
26,30.0,High school,Private,Never married,Female,Black,Yes,30000.0
23,40.0,Bachelor degree,State government,Married,Female,White,Yes,38100.0
30,40.0,Some college,Private,Married,Female,Black,Yes,1400.0
74,,High school,Private,Married,Male,White,Yes,32100.0
75,50.0,Bachelor degree,Private,Married,Male,White,Yes,191300.0
19,,High school,Private,Never married,Female,White,Yes,12000.0
64,40.0,Bachelor degree,Private,Never married,Female,White,Yes,58950.0
47,30.0,Some college,,Married,Female,White,Yes,12000.0
45,40.0,Associate degree,Private,Married,Female,Black,Yes,40000.0
43,38.0,Graduate degree,Local government,Married,Female,White,Yes,23300.0
22,40.0,Some college,,Never married,Female,White,Yes,2000.0
23,32.0,Some college,Private,Never married,Female,Black,Yes,20800.0
38,40.0,High school,Private,Never married,Female,White,No,60000.0
23,26.0,Bachelor degree,Private,Never married,Male,Black,Yes,9000.0
27,50.0,High school,Private,Divorced,Female,White,Yes,46000.0
32,,Graduate degree,Private non-profit,Never married,Female,White,Yes,62000.0
48,25.0,Graduate degree,Private,Never married,Male,White,Yes,3500.0
57,50.0,Graduate degree,Private,Married,Male,White,Yes,200000.0
41,20.0,Bachelor degree,Self-employed,Never married,Female,White,Yes,3800.0
46,40.0,Some college,Private,Separated,Female,Black,Yes,40000.0
67,40.0,Associate degree,Private,Divorced,Male,Black,Yes,64700.0
26,,Some college,Private,Married,Male,White,Yes,20000.0
29,40.0,Some college,Private,Never married,Female,White,Yes,30000.0
44,30.0,Graduate degree,Local government,Married,Female,Asian,No,12000.0
18,,Some college,Private,Never married,Male,White,Yes,2000.0
29,6.0,Bachelor degree,,Never married,Female,Asian,Yes,440.0
71,32.0,Some college,Private,Widowed,Female,White,Yes,19600.0
22,15.0,Bachelor degree,Local government,Never married,Male,White,Yes,6000.0
25,40.0,Bachelor degree,Private,Never married,Male,White,Yes,40000.0
18,15.0,High school,Private,Never married,Female,White,Yes,10000.0
25,40.0,Some college,Private,Never married,Male,Black,Yes,24000.0
27,55.0,Graduate degree,Private,Married,Male,Asian,No,84000.0
76,40.0,High school,Self-employed (incorporated),Married,Male,White,Yes,20000.0
74,24.0,No high school diploma,,Divorced,Male,Black,No,15100.0
46,45.0,Associate degree,Private,Widowed,Female,Black,Yes,27000.0
51,40.0,Some college,Private,Married,Male,White,Yes,77000.0
55,42.0,Graduate degree,Private,Married,Female,White,Yes,43900.0
18,24.0,High school,Private,Never married,Female,Other or multiple,Yes,1900.0
28,40.0,Bachelor degree,Private,Never married,Male,Black,Yes,4400.0
58,40.0,Bachelor degree,State government,Married,Female,Black,No,56000.0
75,60.0,Graduate degree,Self-employed,Married,Male,White,Yes,340730.0
35,40.0,Graduate degree,Private,Married,Male,White,Yes,245700.0
62,40.0,High school,Private,Married,Female,White,Yes,30000.0
37,30.0,No high school diploma,Private,Never married,Female,Black,Yes,10000.0
59,40.0,Bachelor degree,State government,Divorced,Female,White,Yes,38900.0
41,40.0,Graduate degree,Private,Married,Male,Black,No,110000.0
23,40.0,Some college,Private,Never married,Male,White,Yes,3000.0
37,40.0,Bachelor degree,Private,Married,Male,White,Yes,104000.0
33,22.0,Some college,Private,Married,Female,White,Yes,18320.0
25,50.0,Graduate degree,Private,Married,Female,White,Yes,72000.0
46,30.0,Some college,Self-employed,Divorced,Male,Black,No,7000.0
70,1.0,Associate degree,Private,Married,Female,White,Yes,14000.0
63,5.0,Graduate degree,Self-employed,Married,Female,White,Yes,1000.0
44,40.0,Graduate degree,Private,Married,Female,White,Yes,110000.0
27,40.0,Bachelor degree,Federal government,Married,Female,White,Yes,22000.0
61,15.0,High school,Private,Married,Female,White,Yes,15000.0
37,42.0,Bachelor degree,Private,Married,Male,White,Yes,36000.0
48,32.0,Bachelor degree,Private,Divorced,Female,White,Yes,65000.0
26,,Bachelor degree,Private,Never married,Female,Other or multiple,Yes,25000.0
46,40.0,Bachelor degree,Private,Married,Female,White,Yes,45000.0
59,30.0,Associate degree,Private,Never married,Female,Black,Yes,62300.0
40,35.0,Graduate degree,Private,Never married,Female,Asian,No,62000.0
46,,Some college,Private,Married,Male,White,Yes,89000.0
70,40.0,High school,Private non-profit,Married,Female,White,Yes,69700.0
61,55.0,Some college,Self-employed (incorporated),Married,Male,White,Yes,35000.0
27,30.0,,Private,Married,Male,White,Yes,9000.0
39,3.0,Bachelor degree,Private non-profit,Married,Female,White,Yes,3700.0
55,50.0,Associate degree,Private,Married,Male,White,No,70000.0
41,40.0,Some college,Private,Never married,Female,White,Yes,50000.0
32,40.0,Bachelor degree,Private,Married,Male,White,Yes,40000.0
54,,High school,Private,Married,Male,White,Yes,30000.0
48,40.0,High school,Private,Married,Female,White,Yes,62000.0
19,8.0,Some college,Private,Never married,Male,Black,No,1200.0
38,50.0,Graduate degree,Private non-profit,Married,Female,White,Yes,175310.0
66,45.0,High school,Local government,Divorced,Female,White,Yes,32400.0
39,40.0,Some college,Private,Married,Female,White,Yes,40000.0
34,55.0,Some college,Private non-profit,Married,Male,White,Yes,52300.0
23,40.0,Associate degree,Private,Never married,Female,White,Yes,20000.0
58,30.0,Bachelor degree,Private,Married,Male,White,Yes,334000.0
31,40.0,Graduate degree,Private,Never married,Female,Asian,No,48000.0
42,40.0,Graduate degree,Private,Married,Male,Asian,No,90000.0
47,96.0,Some college,Self-employed (incorporated),Married,Female,White,Yes,45000.0
54,40.0,Some college,Self-employed (incorporated),Married,Male,White,Yes,175000.0
63,50.0,Bachelor degree,Private,Married,Male,White,Yes,150000.0
57,40.0,Some college,Private,Married,Male,Black,Yes,84000.0
25,40.0,Some college,Private,Married,Female,White,Yes,57000.0
39,50.0,High school,Local government,Married,Male,Asian,No,100000.0
19,30.0,High school,Private,Never married,Male,White,No,12000.0
56,60.0,Some college,Self-employed (incorporated),Married,Male,White,Yes,471000.0
60,40.0,Bachelor degree,State government,Married,Female,White,Yes,70000.0
26,,Bachelor degree,Private,Never married,Male,White,Yes,3900.0
71,12.0,No high school diploma,Private,Married,Female,White,Yes,28900.0
48,40.0,No high school diploma,Private,Divorced,Female,Black,Yes,18000.0
59,40.0,Bachelor degree,Private,Married,Male,Black,Yes,35000.0
23,40.0,High school,Private,Never married,Female,Black,Yes,10000.0
36,32.0,Some college,Private,Married,Female,Black,Yes,16300.0
49,40.0,Bachelor degree,Private,Married,Male,White,Yes,46200.0
21,50.0,High school,Private,Married,Male,White,Yes,33600.0
51,45.0,Bachelor degree,Private,Never married,Male,White,Yes,111000.0
65,5.0,Bachelor degree,Self-employed,Married,Female,White,No,34900.0
43,80.0,,Self-employed (incorporated),Married,Male,White,Yes,74000.0
44,40.0,High school,Private,Married,Male,White,Yes,46000.0
23,18.0,Some college,Private non-profit,Never married,Female,White,Yes,5000.0
71,7.0,High school,Private,Married,Female,Black,Yes,16000.0
68,5.0,Graduate degree,Self-employed,Married,Female,White,Yes,13700.0
51,40.0,Some college,Private,Married,Male,White,Yes,150000.0
61,65.0,High school,Private,Married,Male,White,Yes,84000.0
32,50.0,Bachelor degree,Private,Never married,Female,White,Yes,90000.0
20,15.0,High school,Private non-profit,Never married,Female,White,Yes,1700.0
29,40.0,Some college,Private,Married,Female,Black,Yes,34200.0
33,40.0,High school,Private,Married,Male,White,Yes,28000.0
21,35.0,Some college,Private,Never married,Female,White,Yes,28000.0
23,20.0,High school,Private,Never married,Male,White,Yes,500.0
27,40.0,Graduate degree,Local government,Married,Male,White,Yes,48000.0
66,31.0,High school,Private,Widowed,Female,Black,Yes,17000.0
60,40.0,Graduate degree,Federal government,Married,Female,White,Yes,110000.0
36,,Associate degree,Federal government,Married,Female,White,Yes,83000.0
39,40.0,High school,Private,Divorced,Female,White,Yes,20000.0
65,40.0,Some college,State government,Never married,Male,White,Yes,52000.0
57,40.0,Bachelor degree,Private,Married,Female,White,Yes,45000.0
39,40.0,No high school diploma,Private,Divorced,Male,White,No,30000.0
46,40.0,No high school diploma,Self-employed,Divorced,Male,Black,Yes,3000.0
56,40.0,High school,Private,Married,Male,White,Yes,51500.0
37,,,Private,Married,Male,White,Yes,90000.0
24,48.0,High school,,Never married,Male,White,Yes,14000.0
50,12.0,Associate degree,Private,Married,Female,Black,No,19500.0
22,12.0,Bachelor degree,Private non-profit,Never married,Female,White,Yes,4800.0
28,60.0,Bachelor degree,Federal government,Married,Male,White,Yes,81000.0
31,,Graduate degree,State government,Married,Male,White,Yes,72000.0
36,60.0,High school,Private,Never married,Male,Black,Yes,62000.0
57,40.0,High school,Local government,Divorced,Female,White,Yes,172000.0
43,50.0,Graduate degree,Local government,Married,Female,White,Yes,65000.0
42,40.0,Associate degree,Private,Married,Female,Black,Yes,40000.0
51,40.0,Some college,Private,Widowed,Male,White,Yes,43000.0
60,40.0,Some college,Private,Married,Male,Other or multiple,Yes,140160.0
57,40.0,High school,Private,Married,Female,White,Yes,29080.0
35,50.0,Bachelor degree,Private,Never married,Male,White,Yes,60000.0
54,,Associate degree,Private,Divorced,Female,Black,Yes,110000.0
41,30.0,Some college,Private,Divorced,Female,White,Yes,15000.0
26,40.0,High school,Private,Never married,Female,White,Yes,1000.0
53,70.0,Graduate degree,Federal government,Married,Male,White,Yes,150000.0
35,42.0,Bachelor degree,Private,Married,Male,White,Yes,85000.0
33,65.0,Some college,Private,Married,Female,Other or multiple,No,58000.0
43,40.0,High school,Private,Never married,Male,Black,Yes,20400.0
27,40.0,High school,Private,Married,Male,White,Yes,65000.0
34,19.0,Some college,Local government,Married,Female,White,Yes,9500.0
39,50.0,Graduate degree,Private non-profit,Married,Male,White,Yes,30000.0
52,40.0,Bachelor degree,Private,Never married,Female,White,Yes,47000.0
53,36.0,No high school diploma,Self-employed,Married,Male,White,Yes,20000.0
66,65.0,Bachelor degree,Private,Divorced,Male,White,Yes,64500.0
28,70.0,,Private,Never married,Male,Other or multiple,Yes,20000.0
54,60.0,Some college,Private,Married,Male,White,Yes,105000.0
45,,High school,Self-employed,Divorced,Male,White,Yes,30000.0
36,40.0,Graduate degree,Private,Divorced,Male,White,Yes,100000.0
55,40.0,No high school diploma,Private,Married,Female,White,Yes,15000.0
63,30.0,Graduate degree,Self-employed,Married,Female,White,Yes,17000.0
36,40.0,High school,Private,Never married,Female,Black,Yes,35000.0
40,40.0,Bachelor degree,Private,Never married,Female,Other or multiple,No,13000.0
64,28.0,Bachelor degree,Private non-profit,Divorced,Male,Black,Yes,97400.0
22,40.0,High school,Private,Never married,Male,White,Yes,4800.0
21,30.0,No high school diploma,Private,Separated,Male,White,Yes,10000.0
51,40.0,Graduate degree,Federal government,Married,Male,Asian,No,118000.0
45,50.0,Graduate degree,Self-employed (incorporated),Divorced,Female,Black,Yes,40000.0
26,25.0,Some college,Private,Never married,Male,Black,No,4800.0
46,50.0,Bachelor degree,Private,Married,Male,White,Yes,471000.0
59,53.0,Associate degree,Private,Married,Male,White,Yes,90000.0
28,35.0,High school,Private,Never married,Male,White,Yes,10400.0
44,40.0,High school,,Never married,Male,Black,Yes,26000.0
27,20.0,Some college,Self-employed,Married,Female,Other or multiple,Yes,30000.0
33,40.0,Graduate degree,Federal government,Never married,Female,Other or multiple,Yes,95000.0
44,50.0,Associate degree,Private,Married,Female,White,Yes,72000.0
21,20.0,,Private,Never married,Female,Black,Yes,7200.0
59,36.0,Bachelor degree,Private,Married,Male,Asian,Yes,5200.0
49,20.0,Some college,Self-employed (incorporated),Married,Female,Asian,No,24050.0
56,50.0,Graduate degree,Private non-profit,Divorced,Female,White,Yes,83000.0
53,40.0,High school,Self-employed,Divorced,Male,White,Yes,55000.0
54,40.0,Graduate degree,Private,Married,Male,Asian,No,115000.0
44,42.0,No high school diploma,Private,Married,Male,Asian,No,37000.0
69,40.0,Bachelor degree,Self-employed (incorporated),Married,Female,Asian,No,50000.0
47,45.0,High school,Private,Divorced,Male,Black,Yes,34000.0
45,42.0,High school,Private,Never married,Female,White,Yes,42000.0
33,25.0,No high school diploma,Private,Married,Female,White,Yes,12700.0
53,40.0,High school,Local government,Never married,Male,Black,Yes,49300.0
47,40.0,,Local government,Married,Female,White,Yes,50000.0
27,65.0,High school,Federal government,Married,Male,White,Yes,50000.0
47,40.0,High school,Private,Divorced,Female,White,Yes,34000.0
18,36.0,High school,Private,Never married,Male,Black,Yes,15000.0
18,16.0,No high school diploma,Private non-profit,Never married,Male,White,Yes,690.0
48,40.0,Bachelor degree,Private,Married,Male,White,Yes,115000.0
43,50.0,Bachelor degree,Self-employed (incorporated),Married,Female,White,Yes,200000.0
25,26.0,Bachelor degree,Private,Never married,Male,Asian,Yes,840.0
40,36.0,Graduate degree,Private,Married,Female,White,No,65000.0
41,45.0,Graduate degree,Local government,Married,Female,White,Yes,58000.0
56,60.0,No high school diploma,,Married,Male,Asian,No,90000.0
19,30.0,Some college,Private,Never married,Male,Black,Yes,3500.0
50,40.0,High school,Private,Married,Female,Black,Yes,46000.0
53,40.0,Bachelor degree,Private,Married,Male,White,Yes,130000.0
39,40.0,High school,Private,Married,Male,Black,Yes,22800.0
43,40.0,Associate degree,Private,Married,Male,White,Yes,46460.0
26,50.0,Graduate degree,,Never married,Female,White,Yes,54000.0
26,40.0,Bachelor degree,Private,Married,Male,White,Yes,34300.0
53,40.0,Graduate degree,Federal government,Married,Male,Black,No,65000.0
40,35.0,No high school diploma,Private,Married,Female,White,Yes,500.0
60,40.0,Some college,Private,Married,Male,White,No,250200.0
39,50.0,Graduate degree,Private,Married,Male,White,Yes,258000.0
22,30.0,High school,Private,Never married,Male,White,Yes,41000.0
47,20.0,Bachelor degree,Local government,Married,Male,Black,Yes,55000.0
20,15.0,Some college,Private,Never married,Female,White,Yes,1000.0
44,40.0,No high school diploma,,Married,Female,White,Yes,25000.0
71,8.0,Graduate degree,Local government,Married,Female,Black,Yes,63200.0
46,,Graduate degree,Private,Never married,Female,Black,Yes,70000.0
71,30.0,Bachelor degree,Self-employed,Divorced,Female,White,Yes,67400.0
23,40.0,High school,Private,Never married,Female,White,Yes,12000.0
57,32.0,Some college,Private non-profit,Divorced,Female,White,Yes,1650.0
71,50.0,,Private,Married,Male,White,Yes,45000.0
35,,High school,Private,Married,Male,White,No,31400.0
69,50.0,Graduate degree,State government,Married,Male,White,No,374300.0
42,40.0,Some college,Private,Divorced,Female,White,No,32000.0
20,10.0,Some college,State government,Never married,Female,White,Yes,6000.0
44,37.0,Associate degree,Private,Divorced,Female,Other or multiple,Yes,17000.0
53,40.0,High school,Private,Married,Female,Black,Yes,30000.0
51,40.0,Some college,Self-employed,Never married,Female,Black,Yes,36000.0
59,20.0,Bachelor degree,Private,Married,Female,White,Yes,17700.0
27,40.0,No high school diploma,Private,Divorced,Male,White,Yes,13000.0
26,40.0,High school,Private,Never married,Male,Black,Yes,50000.0
51,40.0,Some college,Private,Married,Male,White,Yes,80000.0
56,60.0,Bachelor degree,Private,Married,Male,White,Yes,496000.0
42,40.0,Some college,Self-employed (incorporated),Divorced,Male,White,Yes,68000.0
67,50.0,Associate degree,,Widowed,Female,White,Yes,116000.0
60,40.0,High school,Private,Divorced,Male,White,Yes,40000.0
59,40.0,Graduate degree,Federal government,Married,Female,Black,No,150000.0
72,40.0,Some college,Self-employed (incorporated),Married,Male,White,Yes,103700.0
26,60.0,High school,Private,Never married,Female,Black,Yes,20000.0
66,40.0,Some college,Private,Married,Male,Black,Yes,42000.0
42,40.0,High school,Private,Never married,Male,Black,Yes,30000.0
30,50.0,High school,Private,Married,Female,White,Yes,39000.0
22,55.0,High school,Private,Never married,Male,White,Yes,8010.0
60,40.0,Some college,Private non-profit,Married,Female,Black,Yes,171000.0
34,60.0,Bachelor degree,Private,Married,Male,White,Yes,100000.0
33,45.0,Associate degree,Private,Divorced,Male,White,Yes,54000.0
51,50.0,Associate degree,Private,Married,Female,White,No,100000.0
31,40.0,Graduate degree,Private,Married,Male,Asian,No,65000.0
54,40.0,Bachelor degree,Private,Married,Male,White,Yes,62000.0
19,15.0,Some college,Local government,Never married,Female,Black,Yes,5000.0
68,15.0,Bachelor degree,Private,Divorced,Female,White,Yes,59400.0
38,43.0,Some college,Local government,Married,Male,White,Yes,52000.0
34,45.0,Graduate degree,,Married,Male,Black,No,85000.0
45,30.0,High school,Private,Married,Female,Black,No,13000.0
40,40.0,Some college,Private,Married,Female,White,Yes,25000.0
24,50.0,Some college,Private,Never married,Male,White,Yes,25000.0
63,32.0,Associate degree,Private,Married,Female,White,Yes,58000.0
38,40.0,Some college,Private,Never married,Male,White,Yes,60000.0
56,60.0,Bachelor degree,Self-employed (incorporated),Divorced,Female,Asian,No,152000.0
42,70.0,Bachelor degree,Local government,Married,Male,White,Yes,60000.0
47,40.0,Some college,Private non-profit,Married,Female,White,Yes,59700.0
40,40.0,High school,Private,Married,Male,White,Yes,150000.0
65,40.0,No high school diploma,Private,Married,Male,White,Yes,30000.0
27,40.0,Bachelor degree,State government,Never married,Male,Black,Yes,42000.0
54,50.0,Bachelor degree,Self-employed (incorporated),Married,Female,White,Yes,100000.0
21,40.0,High school,Private,Never married,Female,White,Yes,12500.0
58,84.0,Graduate degree,,Divorced,Female,Black,Yes,70500.0
65,40.0,Graduate degree,,Divorced,Female,Black,Yes,507000.0
45,12.0,Some college,Self-employed,Married,Female,White,Yes,15000.0
26,40.0,Bachelor degree,Private,Married,Female,White,Yes,70000.0
46,45.0,Bachelor degree,Private,Never married,Female,White,Yes,150000.0
55,55.0,High school,Private,Married,Male,White,Yes,46800.0
52,60.0,High school,Private,Divorced,Male,Black,Yes,82000.0
46,40.0,Some college,Private,Married,Female,White,Yes,68000.0
47,50.0,Graduate degree,Local government,Married,Female,White,Yes,48000.0
27,40.0,Bachelor degree,Private,Never married,Female,White,Yes,53000.0
32,55.0,Graduate degree,Private,Never married,Female,Other or multiple,Yes,30800.0
51,60.0,Some college,Self-employed,Married,Male,White,Yes,311000.0
28,50.0,Bachelor degree,Private,Never married,Male,White,Yes,78000.0
34,40.0,Graduate degree,Local government,Never married,Female,White,Yes,16500.0
62,40.0,High school,Private,Divorced,Female,Black,Yes,24700.0
32,35.0,Some college,Private,Divorced,Male,White,No,12000.0
58,40.0,High school,Private non-profit,Married,Male,White,Yes,68000.0
60,40.0,Associate degree,Private,Married,Male,White,Yes,147100.0
47,40.0,Bachelor degree,Private,Married,Female,White,Yes,90000.0
23,,Some college,Private,Never married,Female,White,Yes,50000.0
51,40.0,High school,Private,Married,Female,White,Yes,57000.0
77,40.0,Graduate degree,Private,Widowed,Female,White,Yes,29000.0
63,32.0,Bachelor degree,Self-employed,Married,Male,White,Yes,120250.0
58,40.0,High school,Local government,Married,Female,Black,Yes,25000.0
38,40.0,Some college,Federal government,Married,Female,White,Yes,54100.0
48,40.0,,Private,Divorced,Female,White,Yes,26000.0
17,4.0,No high school diploma,Private non-profit,Never married,Female,Asian,Yes,2800.0
43,50.0,Bachelor degree,Federal government,Married,Male,White,Yes,63500.0
36,40.0,Associate degree,Private,Divorced,Female,White,Yes,48590.0
50,40.0,No high school diploma,Private,Married,Male,White,Yes,48000.0
63,60.0,Associate degree,Private,Married,Male,White,Yes,200000.0
24,15.0,Some college,Private,Married,Female,Other or multiple,Yes,13000.0
30,8.0,High school,Private,Never married,Male,White,Yes,8800.0
35,40.0,No high school diploma,Local government,Married,Female,Other or multiple,No,30000.0
55,42.0,Some college,Local government,Married,Female,White,Yes,52000.0
67,40.0,High school,Self-employed (incorporated),Divorced,Male,White,Yes,30000.0
56,60.0,Some college,Private,Married,Male,White,Yes,106000.0
53,50.0,High school,Private,Married,Male,Black,Yes,47700.0
36,3.0,Some college,Self-employed (incorporated),Married,Female,White,Yes,8000.0
66,40.0,Bachelor degree,Private,Married,Male,White,Yes,15000.0
79,16.0,Some college,Private,Married,Male,White,Yes,40000.0
45,70.0,Some college,Private,Divorced,Male,White,Yes,88000.0
42,10.0,Some college,Self-employed,Married,Male,White,Yes,2200.0
27,40.0,Graduate degree,Private,Never married,Male,White,Yes,75000.0
53,20.0,Bachelor degree,Private,Married,Female,White,Yes,12000.0
28,40.0,No high school diploma,Private,Never married,Male,Black,Yes,37400.0
24,30.0,Some college,,Never married,Female,Black,Yes,10000.0
60,40.0,Bachelor degree,Self-employed (incorporated),Married,Male,White,Yes,95000.0
47,3.0,High school,Self-employed,Married,Female,White,Yes,7800.0
25,50.0,Bachelor degree,State government,Married,Female,Black,Yes,30000.0
32,36.0,Associate degree,Private,Never married,Male,White,Yes,10000.0
67,35.0,Graduate degree,Self-employed (incorporated),Divorced,Female,White,Yes,18000.0
42,30.0,High school,Private,Married,Female,White,Yes,25000.0
58,40.0,Graduate degree,,Divorced,Male,White,Yes,85000.0
61,36.0,Graduate degree,Private non-profit,Never married,Female,Black,Yes,151900.0
57,40.0,High school,Private non-profit,Divorced,Male,White,Yes,100000.0
31,36.0,Some college,Private,Never married,Female,Black,Yes,18000.0
29,,Bachelor degree,Self-employed,Married,Female,White,Yes,14300.0
24,35.0,Bachelor degree,Self-employed (incorporated),Never married,Female,White,Yes,4800.0
21,19.0,Associate degree,State government,Never married,Male,Black,Yes,9010.0
58,,Associate degree,Private,Divorced,Female,White,Yes,500.0
38,37.0,Some college,Private,Never married,Female,White,Yes,25000.0
54,50.0,Graduate degree,Local government,Married,Female,White,Yes,52000.0
40,40.0,Some college,Private,Married,Female,White,Yes,46000.0
45,40.0,High school,Private,Married,Male,White,Yes,471000.0
55,40.0,Bachelor degree,Private,Married,Female,White,Yes,471000.0
61,40.0,Some college,Private,Divorced,Female,Black,Yes,40420.0
34,40.0,High school,Private,Never married,Female,White,Yes,12000.0
48,42.0,High school,Private,Never married,Female,Black,Yes,42000.0
27,40.0,Bachelor degree,Private,Never married,Male,Black,Yes,29300.0
47,42.0,Some college,Private,Married,Male,White,Yes,52000.0
53,30.0,Some college,Private,Married,Male,Asian,No,15000.0
43,40.0,No high school diploma,Private,Married,Female,White,No,21000.0
33,20.0,Graduate degree,Self-employed,Married,Female,Other or multiple,No,15000.0
26,40.0,High school,Private,Never married,Male,White,Yes,32000.0
51,40.0,Some college,Private,Divorced,Female,White,No,41600.0
29,58.0,High school,Private,Never married,Male,White,Yes,33000.0
59,7.0,High school,Private non-profit,Divorced,Female,Black,Yes,16800.0
22,40.0,No high school diploma,Local government,Never married,Male,Black,Yes,2900.0
56,60.0,Some college,Private,Married,Male,Black,Yes,70500.0
45,50.0,Bachelor degree,Private,Married,Male,White,Yes,80000.0
36,40.0,Graduate degree,State government,Married,Female,Black,Yes,16000.0
22,40.0,Some college,Private,Separated,Female,White,Yes,12000.0
46,40.0,High school,Private,Married,Male,White,Yes,25000.0
69,34.0,Some college,Private,Married,Male,White,Yes,50600.0
38,25.0,Graduate degree,Local government,Married,Female,White,Yes,63000.0
57,40.0,High school,Self-employed (incorporated),Married,Male,White,Yes,25230.0
47,35.0,Some college,Private,Never married,Female,Asian,No,29000.0
44,50.0,Graduate degree,Private,Separated,Male,White,No,147000.0
30,30.0,High school,Private,Never married,Male,White,Yes,3000.0
42,45.0,Some college,Local government,Married,Male,Black,Yes,50000.0
29,40.0,Bachelor degree,Private,Never married,Male,White,Yes,45000.0
36,30.0,High school,Private,Never married,Female,White,Yes,6000.0
34,60.0,Bachelor degree,Federal government,Married,Male,White,Yes,112600.0
53,50.0,High school,,Married,Male,White,Yes,60000.0
19,4.0,Some college,State government,Never married,Male,White,Yes,1000.0
55,40.0,Bachelor degree,Private,Married,Female,White,Yes,200000.0
37,,Associate degree,Private,Married,Female,Black,Yes,52000.0
37,40.0,Bachelor degree,Federal government,Married,Male,Asian,No,118000.0
45,42.0,Graduate degree,Private,Divorced,Male,White,Yes,48900.0
31,40.0,Graduate degree,Federal government,Married,Male,White,Yes,63000.0
26,40.0,Some college,Private,Never married,Male,White,Yes,22600.0
38,45.0,No high school diploma,Private,Never married,Male,White,Yes,28600.0
58,25.0,No high school diploma,Self-employed,Widowed,Male,Black,Yes,5000.0
19,45.0,High school,Private,Never married,Female,Black,Yes,18200.0
65,15.0,High school,Private,Married,Female,Black,Yes,12400.0
56,50.0,Associate degree,Local government,Married,Female,White,Yes,21500.0
39,38.0,Graduate degree,Self-employed,Married,Male,White,Yes,60000.0
36,40.0,Graduate degree,,Married,Male,White,Yes,65200.0
53,35.0,Some college,Private,Married,Female,Asian,No,20200.0
50,40.0,High school,Private,Married,Male,White,Yes,50000.0
56,40.0,Associate degree,Private,Never married,Female,Black,No,40100.0
38,40.0,High school,Private,Married,Female,Black,No,16000.0
85,,High school,Private,Widowed,Female,Black,Yes,25400.0
56,40.0,High school,Private,Divorced,Female,Black,Yes,25000.0
35,40.0,Bachelor degree,State government,Married,Female,Black,Yes,30000.0
44,40.0,Some college,Private,Married,Female,White,Yes,47500.0
57,40.0,High school,Private,Divorced,Male,White,Yes,75000.0
58,48.0,High school,Private,Married,Male,White,Yes,67000.0
33,35.0,Associate degree,Private,Never married,Female,Black,Yes,25500.0
43,30.0,Some college,Self-employed (incorporated),Never married,Female,White,No,261000.0
46,42.0,Bachelor degree,Local government,Married,Male,White,Yes,48000.0
44,40.0,Associate degree,Private,Married,Male,White,Yes,79600.0
25,10.0,Some college,Private,Never married,Female,Black,Yes,4000.0
76,40.0,Some college,Local government,Married,Female,White,Yes,93800.0
36,48.0,No high school diploma,Private,Married,Female,White,Yes,26000.0
40,40.0,Bachelor degree,Private,Married,Male,White,Yes,85000.0
36,16.0,Graduate degree,Private,Married,Female,White,Yes,10000.0
56,45.0,Bachelor degree,Private,Married,Female,Asian,No,39000.0
39,40.0,Graduate degree,,Married,Male,White,Yes,78000.0
76,36.0,High school,Private,Divorced,Female,White,Yes,31400.0
58,45.0,Graduate degree,Private non-profit,Married,Female,White,Yes,90000.0
42,40.0,Associate degree,Private,Divorced,Female,Other or multiple,Yes,37000.0
58,20.0,Associate degree,Private,Divorced,Male,Black,Yes,14000.0
26,40.0,Bachelor degree,Private,Never married,Male,Black,Yes,50500.0
29,45.0,Bachelor degree,Private,Never married,Male,White,Yes,120350.0
47,30.0,Associate degree,Private,Married,Female,Black,No,14700.0
60,55.0,Some college,Private,Divorced,Male,White,Yes,159000.0
21,20.0,High school,Private,Never married,Male,White,Yes,12000.0
59,40.0,Some college,Private,Married,Male,Asian,No,35000.0
45,16.0,Bachelor degree,Private non-profit,Divorced,Female,White,Yes,358000.0
62,40.0,High school,Private,Married,Female,White,Yes,45100.0
30,50.0,Some college,Private,Never married,Female,White,Yes,43000.0
20,32.0,Some college,Private non-profit,Never married,Female,White,Yes,1200.0
35,25.0,Associate degree,,Married,Female,White,Yes,7500.0
52,30.0,Some college,Private,Divorced,Female,White,Yes,13200.0
39,40.0,Some college,Private,Married,Male,White,Yes,40000.0
52,24.0,Associate degree,Private,Divorced,Female,Black,Yes,35200.0
51,40.0,Some college,Private,Divorced,Female,White,No,104300.0
36,40.0,Graduate degree,Private,Married,Male,White,Yes,58000.0
45,16.0,Graduate degree,Private,Married,Female,White,Yes,32000.0
27,30.0,High school,Private,Never married,Female,White,Yes,30000.0
36,6.0,Some college,State government,Never married,Female,Black,Yes,17400.0
62,40.0,Some college,Private,Married,Female,White,Yes,30000.0
47,40.0,Some college,Private,Married,Female,White,Yes,49000.0
48,40.0,Associate degree,Private,Married,Male,White,Yes,100000.0
56,40.0,High school,Federal government,Married,Female,Black,Yes,44200.0
55,60.0,Some college,Private,Married,Male,White,Yes,260000.0
64,,High school,,Never married,Female,White,Yes,20000.0
37,15.0,High school,Self-employed,Separated,Male,White,Yes,4500.0
24,35.0,High school,Local government,Separated,Female,White,Yes,12000.0
55,12.0,No high school diploma,Private,Divorced,Female,Black,Yes,5300.0
29,50.0,Graduate degree,Private,Divorced,Male,Black,Yes,58000.0
43,40.0,Bachelor degree,Private,Divorced,Female,Black,Yes,21000.0
44,40.0,Bachelor degree,Private,Divorced,Female,White,Yes,471000.0
55,30.0,Bachelor degree,Private,Widowed,Female,White,No,10000.0
50,44.0,High school,Private non-profit,Married,Male,Black,Yes,25000.0
43,40.0,Associate degree,Private,Married,Male,White,Yes,21600.0
26,40.0,Bachelor degree,State government,Married,Male,Black,Yes,18000.0
55,50.0,Bachelor degree,Private,Married,Male,White,Yes,243000.0
48,50.0,Graduate degree,State government,Separated,Female,Black,Yes,60200.0
31,40.0,,Private,Divorced,Female,White,Yes,27000.0
57,40.0,High school,Private,Married,Female,Black,Yes,47000.0
17,15.0,No high school diploma,Private,Never married,Male,Other or multiple,Yes,1500.0
46,40.0,High school,Private,Married,Female,White,Yes,53000.0
45,42.0,Bachelor degree,,Married,Male,White,Yes,69000.0
23,40.0,Bachelor degree,Private,Married,Male,White,Yes,35000.0
68,40.0,Some college,Self-employed,Married,Female,White,Yes,40000.0
48,50.0,Graduate degree,Private,Widowed,Female,White,Yes,69000.0
58,40.0,High school,Private,Married,Male,White,Yes,140000.0
54,40.0,Bachelor degree,Private,Never married,Male,White,Yes,268000.0
50,40.0,,Private,Married,Male,White,Yes,97000.0
56,40.0,No high school diploma,State government,Married,Female,White,Yes,19200.0
46,45.0,Graduate degree,,Married,Female,White,Yes,471000.0
59,30.0,High school,State government,Married,Male,Black,Yes,59000.0
61,40.0,Associate degree,Private,Married,Male,White,Yes,25010.0
81,4.0,High school,Private,Married,Male,White,Yes,22500.0
36,44.0,High school,Private,Never married,Female,White,Yes,15800.0
46,50.0,High school,Private,Married,Male,White,Yes,50000.0
23,35.0,Some college,Private,Never married,Female,White,Yes,10000.0
53,,No high school diploma,Private,Married,Female,White,No,19000.0
27,50.0,Graduate degree,Private,Never married,Female,White,Yes,73200.0
31,37.0,Graduate degree,Private non-profit,Never married,Female,Black,Yes,47000.0
52,30.0,Some college,Local government,Married,Male,White,Yes,28800.0
25,40.0,Some college,Private,Never married,Female,White,Yes,52000.0
18,35.0,Some college,Private,Never married,Female,White,Yes,32200.0
60,,No high school diploma,Local government,Widowed,Female,Asian,No,17000.0
20,50.0,Some college,Local government,Never married,Male,Black,Yes,40000.0
67,48.0,High school,Private,Married,Male,White,Yes,89000.0
49,40.0,High school,Self-employed,Married,Male,White,Yes,100000.0
57,50.0,Some college,Private,Divorced,Male,White,Yes,90000.0
50,40.0,No high school diploma,Private,Married,Male,White,Yes,30000.0
43,40.0,Graduate degree,Private,Married,Male,White,Yes,130000.0
38,40.0,Bachelor degree,Private non-profit,Married,Female,White,Yes,93000.0
18,40.0,Some college,Private,Never married,Male,Black,Yes,2000.0
28,40.0,Some college,Private,Married,Female,Black,Yes,20000.0
50,30.0,Graduate degree,Self-employed (incorporated),Married,Female,White,Yes,20000.0
42,60.0,Graduate degree,Private,Never married,Male,White,Yes,150000.0
20,50.0,High school,Private,Married,Male,White,Yes,42000.0
37,24.0,Associate degree,Private,Never married,Male,White,Yes,24600.0
24,40.0,,Private,Never married,Female,Black,Yes,10100.0
56,24.0,Some college,,Married,Male,Black,Yes,3600.0
22,45.0,Some college,Private,Never married,Male,White,Yes,30000.0
25,45.0,No high school diploma,Private,Never married,Male,White,No,28000.0
65,35.0,No high school diploma,Private,Divorced,Male,White,Yes,28800.0
29,15.0,Bachelor degree,Private,Married,Female,White,Yes,10800.0
19,40.0,Some college,Private non-profit,Never married,Female,Black,Yes,2000.0
48,40.0,Bachelor degree,Private,Married,Female,Other or multiple,No,28000.0
56,42.0,Graduate degree,Private non-profit,Married,Male,White,Yes,136550.0
53,50.0,High school,Private,Married,Male,White,Yes,50600.0
25,20.0,Bachelor degree,Private non-profit,Never married,Male,Black,No,5000.0
41,40.0,High school,State government,Divorced,Female,Black,Yes,45800.0
19,35.0,No high school diploma,Private,Never married,Female,Black,Yes,8000.0
34,40.0,Graduate degree,Private,Never married,Male,White,No,105100.0
29,40.0,Bachelor degree,Federal government,Never married,Female,White,Yes,80000.0
43,45.0,High school,Private,Married,Male,White,Yes,80000.0
27,40.0,Some college,Private,Never married,Female,White,Yes,28000.0
51,45.0,Graduate degree,Private,Married,Female,White,Yes,82000.0
46,30.0,Associate degree,Private,Divorced,Female,White,Yes,14100.0
82,3.0,Graduate degree,Private non-profit,Widowed,Female,Black,Yes,69600.0
69,40.0,Some college,Private non-profit,Married,Female,White,Yes,71200.0
46,50.0,No high school diploma,Private,Married,Male,White,Yes,120000.0
55,,Bachelor degree,Private,Divorced,Female,White,Yes,160000.0
31,35.0,High school,Private,Married,Female,Black,Yes,12000.0
65,45.0,Bachelor degree,Private,Married,Female,White,Yes,70000.0
43,40.0,Some college,Private,Married,Male,Black,Yes,58300.0
50,40.0,Some college,Private,Married,Female,White,Yes,29700.0
67,8.0,Some college,Self-employed,Married,Male,White,No,23080.0
40,40.0,Graduate degree,Private,Married,Male,Black,Yes,100000.0
63,40.0,Some college,Private,Married,Female,Black,Yes,58000.0
33,40.0,Some college,Private,Never married,Female,Black,Yes,24000.0
62,50.0,High school,Private,Married,Male,White,Yes,112000.0
37,40.0,High school,Self-employed (incorporated),Married,Male,White,Yes,62000.0
35,40.0,High school,Private non-profit,Never married,Female,Black,Yes,26000.0
31,35.0,Bachelor degree,Federal government,Never married,Male,White,Yes,39000.0
38,40.0,Some college,Federal government,Married,Male,White,Yes,75000.0
57,45.0,Bachelor degree,Private,Divorced,Male,White,Yes,42000.0
47,60.0,Graduate degree,Local government,Never married,Female,White,Yes,63000.0
34,50.0,Graduate degree,State government,Divorced,Female,White,Yes,76000.0
37,40.0,Bachelor degree,Private,Married,Male,White,Yes,60000.0
39,36.0,Graduate degree,Private non-profit,Married,Male,Black,Yes,20000.0
64,38.0,Associate degree,Private non-profit,Widowed,Female,White,Yes,110600.0
26,30.0,Bachelor degree,Private,Married,Female,White,Yes,20000.0
51,45.0,Bachelor degree,Private,Never married,Female,White,No,145000.0
54,50.0,Some college,Private,Widowed,Male,Black,Yes,70000.0
56,40.0,Associate degree,State government,Married,Male,White,Yes,51400.0
34,40.0,Associate degree,Private,Married,Male,White,Yes,104000.0
67,40.0,Some college,Private,Married,Male,White,Yes,54200.0
48,50.0,Bachelor degree,Private,Married,Female,White,Yes,60000.0
61,25.0,Some college,Local government,Married,Female,Black,Yes,21100.0
40,40.0,Graduate degree,Self-employed (incorporated),Separated,Female,Black,No,25700.0
28,40.0,Graduate degree,Private,Never married,Male,White,Yes,70000.0
50,50.0,Graduate degree,Private non-profit,Married,Female,White,Yes,50000.0
64,60.0,Graduate degree,Private,Married,Male,Black,No,100000.0
34,30.0,No high school diploma,Private,Married,Female,White,No,17000.0
65,40.0,High school,Private,Married,Male,White,Yes,39000.0
54,40.0,High school,Private,Never married,Male,White,Yes,60000.0
34,50.0,Bachelor degree,Private,Married,Male,White,No,80000.0
53,32.0,Some college,Private,Never married,Female,White,No,9600.0
24,40.0,Bachelor degree,Private non-profit,Never married,Female,White,Yes,40600.0
61,40.0,Some college,Private,Divorced,Male,Black,Yes,102000.0
29,70.0,Bachelor degree,Private,Never married,Male,White,Yes,200000.0
25,50.0,Bachelor degree,Private,Married,Male,White,Yes,75000.0
49,30.0,High school,Private,Married,Male,White,Yes,15000.0
41,40.0,Bachelor degree,Private,Divorced,Female,Black,No,65000.0
18,20.0,High school,Private,Never married,Female,White,Yes,1300.0
17,20.0,No high school diploma,Private,Never married,Female,White,Yes,400.0
67,50.0,High school,Self-employed (incorporated),Married,Male,White,Yes,37400.0
53,40.0,Some college,Self-employed (incorporated),Married,Male,White,Yes,40000.0
48,40.0,High school,Private,Married,Male,White,Yes,40000.0
61,45.0,,Self-employed,Divorced,Male,White,Yes,25700.0
27,25.0,Some college,Private,Married,Female,White,Yes,15000.0
20,90.0,Some college,Federal government,Never married,Female,Asian,No,9000.0
46,50.0,Associate degree,Self-employed (incorporated),Married,Male,White,Yes,40000.0
32,40.0,Graduate degree,Local government,Never married,Female,Black,Yes,55000.0
22,40.0,High school,Private,Never married,Female,White,Yes,13000.0
60,45.0,Some college,Private,Married,Male,White,Yes,83000.0
79,60.0,Some college,Private,Married,Female,White,Yes,18200.0
23,45.0,Some college,Private,Never married,Female,Black,Yes,35000.0
48,45.0,Some college,Private,Married,Male,White,Yes,33700.0
27,40.0,High school,Private,Married,Male,White,Yes,42000.0
37,60.0,Bachelor degree,Private,Married,Male,White,Yes,70000.0
51,40.0,High school,Private,Married,Male,Black,Yes,56000.0
43,40.0,Bachelor degree,Private,Never married,Female,Black,Yes,20000.0
54,40.0,High school,Private,Widowed,Female,Black,Yes,40000.0
43,40.0,Some college,Private,Never married,Male,Black,Yes,11000.0
30,45.0,Bachelor degree,Private,Married,Female,White,Yes,83000.0
21,20.0,Some college,Private,Never married,Female,White,Yes,10000.0
55,40.0,Bachelor degree,State government,Married,Female,White,Yes,45000.0
51,16.0,High school,,Married,Female,Asian,No,7300.0
46,60.0,Graduate degree,Private,Divorced,Female,White,Yes,163000.0
48,40.0,Associate degree,Private,Married,Male,White,Yes,42000.0
43,40.0,Graduate degree,Federal government,Married,Male,White,Yes,138000.0
49,44.0,Bachelor degree,Private,Married,Female,White,Yes,65000.0
57,25.0,Associate degree,Private non-profit,Married,Female,Other or multiple,Yes,36000.0
33,40.0,Bachelor degree,Private,Married,Male,White,Yes,55000.0
32,40.0,Graduate degree,Private,Married,Female,White,Yes,200000.0
27,5.0,Bachelor degree,Private,Never married,Female,Asian,Yes,12500.0
52,,High school,Private,Married,Female,White,Yes,40000.0
64,40.0,Some college,Private,Divorced,Male,White,Yes,195900.0
34,40.0,Some college,Private,Married,Female,White,Yes,30100.0
17,15.0,No high school diploma,Private,Never married,Male,White,Yes,1200.0
27,40.0,Bachelor degree,Private,Never married,Male,Other or multiple,Yes,28000.0
62,15.0,Some college,Private,Married,Female,White,No,2000.0
37,40.0,Associate degree,Private,Never married,Male,Other or multiple,Yes,38000.0
62,40.0,High school,Private,Never married,Female,Other or multiple,No,15600.0
59,5.0,Bachelor degree,Self-employed,Married,Female,White,Yes,400.0
23,40.0,Bachelor degree,Private,Never married,Male,White,Yes,30000.0
48,35.0,High school,Private,Married,Female,White,Yes,20600.0
26,40.0,Graduate degree,Private,Never married,Female,Asian,Yes,50000.0
27,40.0,High school,Private,Married,Male,White,Yes,50000.0
66,45.0,Bachelor degree,Private,Divorced,Female,White,Yes,15000.0
27,70.0,High school,Private,Married,Male,White,Yes,65000.0
62,40.0,High school,Self-employed (incorporated),Widowed,Male,White,Yes,2770.0
48,50.0,Some college,Self-employed,Married,Female,White,Yes,29000.0
21,35.0,Some college,,Never married,Female,Black,Yes,4200.0
25,40.0,Graduate degree,State government,Married,Female,White,Yes,42000.0
61,40.0,Bachelor degree,Self-employed (incorporated),Married,Male,White,Yes,60000.0
63,50.0,Associate degree,Private,Divorced,Female,White,Yes,82000.0
45,40.0,Some college,Private,Married,Male,White,Yes,60000.0
28,40.0,Bachelor degree,Private,Never married,Female,Black,No,60000.0
52,45.0,Graduate degree,State government,Married,Female,Black,Yes,72000.0
47,40.0,No high school diploma,Local government,Married,Female,White,Yes,20000.0
26,40.0,High school,Private,Never married,Male,White,Yes,4300.0
64,10.0,Some college,Local government,Married,Female,Black,Yes,18100.0
66,14.0,High school,Private,Married,Female,Black,Yes,21600.0
29,37.0,Associate degree,State government,Never married,Female,Black,Yes,13100.0
34,40.0,Some college,Private,Married,Female,Black,Yes,20000.0
33,40.0,High school,Private,Married,Male,White,Yes,80000.0
27,40.0,Bachelor degree,State government,Married,Female,White,Yes,48500.0
42,40.0,Graduate degree,Private,Married,Male,Asian,No,70000.0
53,60.0,,Private,Married,Female,White,Yes,112000.0
65,40.0,Associate degree,Self-employed,Married,Male,White,Yes,99000.0
37,40.0,High school,Private non-profit,Never married,Male,Black,Yes,35000.0
27,40.0,Bachelor degree,Private,Never married,Male,White,Yes,43000.0
18,30.0,High school,Private,Never married,Male,White,Yes,7000.0
25,30.0,Associate degree,Local government,Never married,Male,Black,Yes,7000.0
31,40.0,High school,Private,Married,Male,White,Yes,110000.0
49,45.0,No high school diploma,Private,Divorced,Female,White,Yes,40000.0
19,40.0,Some college,Private,Never married,Male,White,Yes,25000.0
29,44.0,Some college,Private,Married,Male,White,Yes,65000.0
36,60.0,Associate degree,Private,Never married,Male,Black,Yes,45000.0
51,40.0,Graduate degree,State government,Married,Male,Other or multiple,No,150000.0
50,,Bachelor degree,Private,Divorced,Male,Asian,No,45000.0
17,16.0,No high school diploma,Private,Never married,Female,White,Yes,5000.0
39,51.0,High school,Private,Never married,Female,Black,Yes,12000.0
20,32.0,No high school diploma,Private,Never married,Male,White,Yes,9600.0
48,60.0,Bachelor degree,Private,Never married,Male,White,No,70000.0
55,80.0,Graduate degree,State government,Married,Male,White,Yes,83000.0
41,70.0,High school,Private,Married,Male,White,Yes,70000.0
41,40.0,High school,Private,Married,Male,White,No,15000.0
21,40.0,Associate degree,Private,Never married,Male,White,Yes,7700.0
74,16.0,High school,Private non-profit,Married,Female,White,Yes,28600.0
49,14.0,Bachelor degree,State government,Married,Female,Black,Yes,31100.0
21,,Associate degree,,Never married,Male,White,Yes,8500.0
48,,High school,Private,Married,Male,Black,Yes,25000.0
63,40.0,Associate degree,Private,Divorced,Female,White,Yes,140000.0
45,40.0,Graduate degree,Private,Married,Female,Black,Yes,49000.0
48,60.0,Graduate degree,Local government,Married,Female,White,Yes,47000.0
18,12.0,No high school diploma,Private,Never married,Male,White,Yes,2000.0
45,48.0,High school,Private,Never married,Male,White,Yes,21000.0
49,40.0,High school,Private,Married,Female,White,Yes,25000.0
17,25.0,No high school diploma,Private,Never married,Male,White,No,15600.0
72,26.0,Some college,Private,Married,Male,White,Yes,39500.0
59,55.0,Some college,Private,Married,Male,White,Yes,110000.0
39,55.0,High school,Private,Never married,Male,Black,Yes,70000.0
44,40.0,Graduate degree,Local government,Married,Male,White,Yes,108100.0
40,39.0,High school,Private,Married,Female,White,Yes,30000.0
20,24.0,Associate degree,Private,Never married,Male,Black,Yes,12000.0
49,40.0,Associate degree,Private,Married,Female,Black,Yes,30000.0
70,40.0,No high school diploma,Private,Divorced,Female,White,Yes,18000.0
53,40.0,Graduate degree,,Widowed,Female,White,Yes,78180.0
45,72.0,Graduate degree,Self-employed,Married,Male,White,Yes,311000.0
30,40.0,High school,Private,Married,Female,Black,Yes,57000.0
57,40.0,High school,Private,Divorced,Female,Black,Yes,32500.0
49,40.0,Some college,Private,Divorced,Female,White,Yes,26000.0
32,40.0,Graduate degree,Private,Married,Female,White,Yes,60000.0
28,20.0,Some college,Private,Never married,Male,Other or multiple,No,750.0
23,40.0,Bachelor degree,Private non-profit,Never married,Female,White,Yes,1000.0
71,40.0,Graduate degree,Private non-profit,Widowed,Female,Black,Yes,94600.0
50,50.0,Graduate degree,Self-employed,Married,Male,Asian,No,200000.0
56,43.0,High school,Private,Married,Male,Black,Yes,14400.0
64,40.0,Graduate degree,Local government,Married,Female,Black,Yes,62000.0
36,40.0,Some college,Private,Separated,Female,Black,Yes,8000.0
42,40.0,Associate degree,Private,Married,Female,White,Yes,60000.0
79,30.0,No high school diploma,Private,Married,Female,White,Yes,21900.0
59,40.0,Some college,Private,Divorced,Female,White,Yes,24000.0
20,40.0,High school,Private,Never married,Female,White,Yes,12000.0
49,65.0,Associate degree,Local government,Married,Male,White,Yes,56000.0
56,40.0,Some college,Private,Married,Female,White,Yes,35000.0
26,50.0,Graduate degree,State government,Never married,Female,Black,Yes,36000.0
50,50.0,Bachelor degree,Private,Married,Male,White,Yes,200000.0
50,45.0,High school,Unpaid family work,Married,Male,Asian,No,40000.0
47,40.0,Some college,Private,Married,Female,White,Yes,44000.0
67,40.0,High school,Private,Married,Female,White,Yes,29500.0
39,20.0,High school,Private,Married,Male,White,Yes,23000.0
17,,No high school diploma,Private,Never married,Male,White,Yes,1000.0
19,15.0,No high school diploma,Private,Married,Female,Asian,No,8000.0
49,40.0,Graduate degree,Local government,Divorced,Female,White,Yes,82800.0
38,40.0,High school,Private,Married,Male,White,Yes,25000.0
34,40.0,Graduate degree,Local government,Never married,Male,Black,Yes,85000.0
36,36.0,Some college,,Married,Female,White,Yes,20000.0
67,5.0,Some college,Self-employed,Married,Male,White,Yes,62000.0
42,70.0,Some college,Self-employed,Divorced,Female,White,Yes,9000.0
63,50.0,No high school diploma,Private,Married,Male,White,No,25000.0
58,50.0,Graduate degree,Private,Married,Male,White,Yes,471000.0
25,60.0,High school,Federal government,Married,Male,White,Yes,53000.0
43,8.0,High school,,Divorced,Female,White,Yes,220.0
47,48.0,Some college,Private,Married,Female,White,Yes,33000.0
30,55.0,Bachelor degree,Federal government,Never married,Male,Black,Yes,21000.0
42,40.0,Bachelor degree,Private,Married,Male,White,Yes,7000.0
47,40.0,Associate degree,Private,Married,Male,White,Yes,100000.0
29,55.0,Bachelor degree,Private,Married,Male,White,Yes,200000.0
50,40.0,Bachelor degree,Local government,Married,Male,Black,Yes,26000.0
66,16.0,High school,Private,Married,Female,White,Yes,2880.0
31,50.0,Some college,Private,Never married,Female,Black,Yes,34000.0
45,40.0,Some college,State government,Divorced,Female,White,Yes,20000.0
72,35.0,Some college,Private,Married,Female,White,Yes,22500.0
29,20.0,High school,Private,Married,Male,White,No,16000.0
66,45.0,Bachelor degree,Self-employed,Married,Male,White,Yes,118500.0
49,40.0,,Private,Married,Female,Black,No,52000.0
31,45.0,Bachelor degree,Private,Married,Male,White,Yes,75000.0
27,40.0,High school,Federal government,Married,Female,White,Yes,53000.0
26,40.0,Bachelor degree,Private non-profit,Married,Male,White,Yes,33000.0
33,40.0,Associate degree,Private,Separated,Male,White,Yes,35900.0
51,40.0,Bachelor degree,Private,Divorced,Female,White,Yes,60500.0
62,40.0,Some college,Private,Married,Male,White,Yes,106000.0
38,40.0,Some college,Private,Never married,Female,Black,Yes,12000.0
47,30.0,No high school diploma,Private,Married,Female,White,Yes,15630.0
31,40.0,No high school diploma,Private,Never married,Male,White,Yes,49000.0
25,20.0,Associate degree,Private,Married,Female,White,Yes,3000.0
27,40.0,High school,Private,Married,Male,White,Yes,20000.0
21,2.0,Some college,Private,Never married,Male,White,Yes,3000.0
30,40.0,High school,Private,Never married,Male,Black,Yes,6000.0
46,55.0,High school,Private,Married,Female,Black,No,12000.0
48,40.0,High school,Private,Separated,Female,Black,Yes,9500.0
38,40.0,Bachelor degree,Private,Married,Male,Asian,No,125000.0
42,40.0,Bachelor degree,Self-employed (incorporated),Divorced,Male,White,Yes,75000.0
48,40.0,Graduate degree,Local government,Married,Female,White,Yes,56000.0
33,,Some college,Private,Never married,Female,White,Yes,40000.0
65,,High school,Private,Divorced,Female,White,Yes,40800.0
68,40.0,No high school diploma,Private,Married,Male,Black,Yes,30000.0
66,2.0,Bachelor degree,Self-employed (incorporated),Married,Female,White,Yes,44400.0
26,40.0,Graduate degree,Private,Married,Female,White,Yes,12000.0
68,25.0,Bachelor degree,Private,Married,Male,White,Yes,27800.0
30,50.0,Bachelor degree,Private,Never married,Female,Asian,No,110000.0
63,48.0,Some college,Private,Divorced,Female,White,Yes,39000.0
44,50.0,Bachelor degree,Local government,Married,Female,White,Yes,30000.0
70,45.0,Bachelor degree,,Widowed,Female,Black,Yes,32300.0
57,,Associate degree,Self-employed (incorporated),Married,Male,Black,Yes,67000.0
55,,,Federal government,Divorced,Male,Black,Yes,95000.0
43,40.0,High school,Private non-profit,Married,Female,White,Yes,27000.0
36,40.0,Graduate degree,Private,Married,Male,Asian,No,60000.0
73,7.0,Some college,Self-employed,Divorced,Female,White,Yes,28200.0
48,40.0,Bachelor degree,Private,Married,Male,White,Yes,180000.0
34,40.0,Some college,Private,Never married,Female,Black,Yes,52000.0
28,35.0,No high school diploma,Private,Never married,Male,Black,No,16600.0
40,38.0,High school,Private,Married,Female,White,Yes,20000.0
34,47.0,Bachelor degree,Private,Married,Male,White,Yes,145000.0
56,50.0,Some college,Self-employed (incorporated),Divorced,Male,White,Yes,20000.0
37,45.0,Bachelor degree,Private non-profit,Never married,Female,White,Yes,60000.0
51,40.0,High school,Self-employed,Married,Female,Asian,No,70000.0
70,40.0,Bachelor degree,Private,Widowed,Male,White,Yes,32500.0
20,40.0,High school,Private,Never married,Male,White,Yes,29000.0
62,6.0,High school,Self-employed,Never married,Male,White,Yes,14800.0
27,25.0,Some college,Private non-profit,Never married,Female,White,Yes,12000.0
21,40.0,No high school diploma,,Never married,Male,Black,Yes,26000.0
29,,Bachelor degree,Private non-profit,Never married,Female,White,Yes,55000.0
30,40.0,High school,Self-employed,Married,Male,Black,Yes,21600.0
36,40.0,Bachelor degree,Private,Never married,Male,White,Yes,50000.0
58,32.0,Graduate degree,Private non-profit,Never married,Female,White,No,103000.0
38,40.0,Some college,Private,Married,Male,White,Yes,35000.0
38,40.0,Bachelor degree,Private,Married,Female,Black,Yes,45000.0
44,40.0,No high school diploma,Private,Divorced,Male,White,Yes,35000.0
40,40.0,High school,Private,Divorced,Male,Black,Yes,25000.0
44,50.0,Bachelor degree,Self-employed (incorporated),Married,Female,White,Yes,63000.0
58,50.0,Graduate degree,Private,Married,Male,White,Yes,100000.0
56,50.0,Bachelor degree,Private non-profit,Married,Male,White,Yes,50000.0
23,60.0,Bachelor degree,Federal government,Never married,Male,White,Yes,29000.0
76,20.0,Bachelor degree,Private,Widowed,Female,Black,Yes,19000.0
40,35.0,High school,Private,Divorced,Male,White,Yes,13000.0
46,40.0,Graduate degree,Local government,Never married,Female,Black,Yes,38500.0
18,24.0,Some college,Private,Never married,Female,Other or multiple,Yes,1900.0
45,40.0,High school,Self-employed,Never married,Male,Black,Yes,45000.0
41,80.0,Some college,Private,Divorced,Male,White,No,35000.0
35,40.0,Bachelor degree,Private,Married,Male,White,Yes,55000.0
43,40.0,Some college,,Married,Male,Black,Yes,20000.0
65,40.0,High school,Private,Married,Female,Black,Yes,100000.0
57,35.0,No high school diploma,Private,Divorced,Female,Other or multiple,No,20000.0
35,40.0,Some college,Local government,Married,Male,White,Yes,52300.0
18,40.0,No high school diploma,Private,Never married,Male,Other or multiple,Yes,25000.0
55,40.0,Associate degree,Private,Married,Female,White,Yes,7600.0
32,45.0,Some college,Federal government,Married,Male,Black,Yes,38000.0
75,30.0,Some college,Private non-profit,Divorced,Female,Black,Yes,35300.0
43,40.0,Some college,Private,Married,Female,White,Yes,31200.0
27,20.0,Bachelor degree,Private non-profit,Married,Female,White,Yes,49000.0
17,10.0,No high school diploma,Private,Never married,Male,White,Yes,2000.0
68,20.0,Graduate degree,Local government,Married,Male,White,Yes,96700.0
30,50.0,Bachelor degree,Private,Married,Male,White,Yes,55000.0
57,1.0,No high school diploma,Private,Married,Male,Black,Yes,18500.0
52,70.0,Graduate degree,Private non-profit,Married,Female,White,Yes,53000.0
19,35.0,High school,Private,Never married,Male,White,Yes,13000.0
62,44.0,Bachelor degree,Private non-profit,Divorced,Female,White,Yes,85000.0
36,40.0,Bachelor degree,Private,Married,Male,Asian,No,85000.0
61,40.0,Associate degree,Private,Married,Female,White,Yes,75000.0
42,40.0,Bachelor degree,Private,Divorced,Female,White,Yes,98000.0
20,40.0,High school,Private non-profit,Never married,Male,White,Yes,900.0
57,40.0,Some college,Private,Married,Female,White,Yes,26000.0
56,22.0,Associate degree,Private,Married,Male,White,Yes,21000.0
41,40.0,Bachelor degree,Private,Married,Male,White,Yes,90000.0
66,35.0,High school,Private,Divorced,Male,Black,Yes,9000.0
39,40.0,Bachelor degree,Private,Married,Female,White,Yes,75000.0
65,2.0,High school,Private non-profit,Divorced,Male,White,Yes,16100.0
65,2.0,Bachelor degree,Self-employed,Married,Female,Black,Yes,84600.0
71,50.0,Bachelor degree,Private,Married,Male,White,Yes,121600.0
32,40.0,Bachelor degree,Federal government,Never married,Male,White,Yes,135000.0
46,50.0,Graduate degree,Local government,Married,Male,White,Yes,150000.0
35,65.0,Graduate degree,Private,Married,Male,White,Yes,110000.0
58,40.0,No high school diploma,Local government,Divorced,Female,White,Yes,31300.0
58,19.0,High school,Private,Divorced,Female,Black,Yes,14900.0
54,40.0,Some college,,Married,Female,White,Yes,31000.0
35,,Some college,Private,Never married,Male,White,No,22400.0
26,,Associate degree,Private non-profit,Never married,Male,Other or multiple,Yes,32000.0
26,40.0,Bachelor degree,Private,Married,Female,Asian,Yes,2000.0
48,35.0,No high school diploma,Private,Never married,Female,White,Yes,3500.0
36,,Some college,Private non-profit,Divorced,Female,White,Yes,22500.0
46,35.0,Bachelor degree,Private,Divorced,Male,White,Yes,5500.0
45,40.0,Bachelor degree,,Divorced,Male,White,Yes,18000.0
32,40.0,High school,Private,Married,Female,White,Yes,20000.0
17,20.0,No high school diploma,Private,Never married,Female,White,Yes,1300.0
21,40.0,High school,Private,Married,Female,White,Yes,30000.0
55,40.0,High school,Federal government,Married,Male,White,Yes,41000.0
51,40.0,Graduate degree,Private,Married,Male,White,Yes,180000.0
32,,Associate degree,Private,Married,Male,White,Yes,60000.0
21,40.0,Some college,Private,Never married,Female,White,Yes,14000.0
64,40.0,Bachelor degree,State government,Married,Male,White,Yes,45000.0
42,40.0,Bachelor degree,Private,Married,Male,White,Yes,120000.0
50,40.0,Graduate degree,Self-employed (incorporated),Separated,Female,Other or multiple,Yes,60000.0
49,7.0,Some college,Private,Never married,Male,White,Yes,1200.0
25,40.0,Some college,Self-employed (incorporated),Never married,Male,White,No,25400.0
30,,Bachelor degree,Private,Never married,Male,Black,Yes,70000.0
38,45.0,Some college,Private,Married,Male,Black,Yes,35000.0
48,55.0,Graduate degree,Private,Married,Female,White,Yes,65000.0
23,35.0,Some college,Private,Never married,Male,White,Yes,17700.0
42,50.0,High school,Private,Divorced,Male,White,Yes,63000.0
61,50.0,Some college,Self-employed,Married,Female,White,Yes,34000.0
34,,Graduate degree,,Never married,Male,Other or multiple,Yes,57000.0
57,40.0,No high school diploma,Private,Separated,Male,Black,Yes,25000.0
55,40.0,No high school diploma,Private,Married,Male,White,Yes,42900.0
19,20.0,Some college,Private,Never married,Female,White,Yes,5000.0
21,35.0,Some college,Private,Never married,Female,Black,Yes,13400.0
28,45.0,High school,Private,Never married,Male,White,Yes,50000.0
45,15.0,Bachelor degree,Private,Married,Female,White,Yes,6000.0
26,40.0,Bachelor degree,Private,Never married,Female,White,Yes,28000.0
64,30.0,High school,Private,Widowed,Male,Black,Yes,41000.0
32,45.0,,Local government,Never married,Female,White,Yes,50000.0
20,12.0,High school,Private,Never married,Female,White,No,4800.0
52,60.0,Bachelor degree,Private,Married,Female,White,Yes,256000.0
17,30.0,No high school diploma,Private,Never married,Male,Black,No,600.0
28,28.0,High school,Private,Never married,Female,Black,Yes,15000.0
46,46.0,Some college,Private,Never married,Female,Black,Yes,28000.0
52,48.0,Bachelor degree,Private,Married,Male,White,Yes,68000.0
48,50.0,Graduate degree,Local government,Married,Male,White,Yes,50000.0
66,50.0,Some college,Private,Married,Male,White,Yes,49200.0
27,55.0,Graduate degree,Private,Never married,Male,White,Yes,70000.0
27,42.0,Bachelor degree,Private,Married,Female,White,Yes,50000.0
28,7.0,Associate degree,Private,Married,Female,White,Yes,5200.0
20,45.0,Some college,Private,Never married,Male,White,Yes,80000.0
38,35.0,Some college,Private,Separated,Female,White,Yes,8800.0
26,33.0,High school,Private,Never married,Male,White,Yes,16900.0
56,40.0,No high school diploma,Private,Married,Male,Black,Yes,40000.0
38,45.0,Bachelor degree,Private non-profit,Married,Female,White,Yes,72000.0
64,43.0,Some college,Private,Married,Female,White,Yes,120000.0
24,40.0,Associate degree,Private,Never married,Female,White,Yes,28000.0
50,40.0,Associate degree,Private,Married,Male,White,Yes,101000.0
32,40.0,Graduate degree,Private,Never married,Female,White,Yes,65000.0
50,50.0,Graduate degree,Private,Married,Male,White,Yes,130000.0
49,50.0,Bachelor degree,Private,Married,Male,White,Yes,85000.0
18,40.0,High school,Private non-profit,Never married,Female,Black,Yes,7000.0
75,40.0,Graduate degree,Private,Divorced,Male,Black,Yes,74300.0
34,40.0,No high school diploma,Self-employed,Never married,Male,White,No,21700.0
46,40.0,High school,Private non-profit,Married,Male,Black,Yes,45000.0
45,55.0,Graduate degree,Private non-profit,Married,Female,White,Yes,178000.0
58,45.0,Some college,Private,Widowed,Female,White,Yes,40000.0
60,40.0,Some college,Private,Married,Male,White,Yes,73000.0
17,3.0,No high school diploma,Private non-profit,Never married,Female,White,Yes,230.0
53,40.0,High school,Private,Divorced,Female,Black,Yes,29300.0
31,50.0,Graduate degree,Private,Married,Male,White,Yes,88000.0
42,25.0,Some college,Self-employed (incorporated),Never married,Male,Other or multiple,Yes,20000.0
62,40.0,No high school diploma,Self-employed,Married,Male,White,Yes,100000.0
60,40.0,No high school diploma,Private non-profit,Married,Female,White,Yes,23000.0
36,40.0,,Private,Married,Male,Black,Yes,40000.0
50,60.0,Graduate degree,Private non-profit,Married,Female,White,Yes,120400.0
33,45.0,Bachelor degree,Local government,Married,Male,White,Yes,54000.0
53,55.0,High school,Self-employed,Married,Male,White,No,50000.0
57,80.0,High school,Private,Never married,Male,White,No,50000.0
32,40.0,Bachelor degree,Private,Married,Male,White,Yes,48000.0
74,16.0,Graduate degree,Private,Married,Male,White,Yes,317000.0
49,50.0,Some college,Private,Married,Male,White,Yes,14000.0
65,40.0,No high school diploma,Private,Married,Male,Black,Yes,33900.0
57,40.0,Some college,Local government,Divorced,Female,White,Yes,15000.0
62,15.0,High school,Self-employed (incorporated),Married,Male,White,Yes,18700.0
56,40.0,Associate degree,State government,Married,Male,White,Yes,65000.0
42,24.0,Associate degree,Private,Married,Female,White,Yes,27000.0
48,50.0,Graduate degree,Private non-profit,Never married,Male,Black,No,60000.0
24,40.0,Associate degree,Private,Never married,Male,White,Yes,30000.0
32,40.0,No high school diploma,Private,Never married,Male,Other or multiple,No,35400.0
32,40.0,Some college,Private non-profit,Never married,Female,Black,Yes,22000.0
32,45.0,Some college,Private,Never married,Female,White,Yes,60000.0
29,50.0,Graduate degree,Private non-profit,Never married,Female,White,Yes,63000.0
47,45.0,Associate degree,Private,Married,Female,White,Yes,125000.0
75,99.0,Bachelor degree,Unpaid family work,Never married,Male,White,Yes,214300.0
60,40.0,High school,Local government,Married,Female,White,Yes,27000.0
31,40.0,Bachelor degree,State government,Never married,Male,Asian,No,36000.0
50,40.0,Some college,Private non-profit,Married,Female,White,Yes,110000.0
49,40.0,,Private,Divorced,Male,Black,No,86200.0
34,40.0,Bachelor degree,Private,Married,Male,Black,Yes,30000.0
36,40.0,High school,Private,Married,Female,Black,Yes,60000.0
18,20.0,High school,Private,Never married,Female,White,Yes,1500.0
44,50.0,No high school diploma,Private,Married,Male,White,Yes,64000.0
47,48.0,Some college,Private,Married,Male,Black,Yes,52000.0
30,40.0,Some college,Private,Married,Male,White,Yes,28500.0
30,12.0,,Private,Married,Female,White,No,10200.0
44,40.0,High school,Private,Married,Female,Black,Yes,20000.0
45,40.0,High school,Private,Divorced,Female,Black,Yes,17000.0
30,40.0,Bachelor degree,Private,Never married,Male,White,Yes,42000.0
47,60.0,,Private,Married,Female,White,No,106000.0
38,40.0,Associate degree,Private,Never married,Female,White,Yes,48000.0
38,45.0,Bachelor degree,Local government,Married,Male,White,Yes,65000.0
34,40.0,Graduate degree,Private,Married,Female,White,Yes,125000.0
56,50.0,Some college,,Married,Male,White,Yes,471150.0
51,40.0,Some college,Federal government,Married,Female,Black,Yes,60000.0
43,40.0,Some college,Private,Never married,Female,Black,No,33800.0
38,,Some college,State government,Married,Male,White,No,30000.0
25,40.0,Bachelor degree,Private,Never married,Female,Other or multiple,Yes,40000.0
60,30.0,Some college,Private,Married,Female,Black,Yes,10000.0
53,40.0,High school,Local government,Married,Male,Asian,No,49100.0
24,36.0,High school,Private,Never married,Female,Black,Yes,12000.0
55,40.0,Bachelor degree,Private,Never married,Female,White,Yes,41500.0
24,40.0,Bachelor degree,Private,Never married,Female,White,Yes,29500.0
58,40.0,Some college,Federal government,Married,Female,White,Yes,60000.0
61,40.0,,Private,Never married,Male,Black,Yes,42000.0
37,32.0,Some college,Private,Married,Male,Other or multiple,No,13000.0
33,30.0,High school,Private,Never married,Male,Black,Yes,14000.0
32,15.0,Bachelor degree,Self-employed,Married,Female,White,Yes,31000.0
18,5.0,High school,Self-employed,Never married,Female,Other or multiple,Yes,1200.0
30,40.0,High school,Self-employed,Never married,Male,White,Yes,24000.0
22,32.0,Some college,Private,Never married,Female,White,Yes,16600.0
35,60.0,Graduate degree,Private,Divorced,Female,White,Yes,153000.0
52,7.0,Graduate degree,Local government,Married,Female,White,Yes,1830.0
64,40.0,Some college,Private,Married,Female,White,Yes,40000.0
50,40.0,High school,Private,Divorced,Female,White,Yes,13000.0
37,40.0,Bachelor degree,Private,Married,Female,White,Yes,8000.0
22,40.0,Some college,Federal government,Married,Male,White,No,18000.0
21,55.0,Some college,Federal government,Never married,Male,Black,Yes,22000.0
18,40.0,Some college,Private,Never married,Male,White,Yes,1200.0
23,40.0,High school,Private,Never married,Female,Black,Yes,4800.0
61,43.0,Bachelor degree,Local government,Married,Male,White,Yes,106000.0
52,40.0,Bachelor degree,Private,Married,Female,White,Yes,180000.0
26,36.0,No high school diploma,Private,Never married,Female,Other or multiple,Yes,90000.0
54,,Bachelor degree,Private,Never married,Male,Black,Yes,35000.0
69,50.0,High school,Private,Married,Male,Black,Yes,138000.0
52,40.0,Some college,Private non-profit,Married,Male,Black,Yes,100000.0
56,40.0,No high school diploma,Private,Married,Male,Black,Yes,35700.0
59,50.0,No high school diploma,Self-employed,Married,Male,White,Yes,14000.0
50,45.0,Graduate degree,Private,Married,Male,Black,Yes,85000.0
28,40.0,Bachelor degree,Private,Never married,Male,Black,Yes,25000.0
42,40.0,Bachelor degree,Local government,Married,Female,White,Yes,147000.0
18,20.0,Some college,Local government,Never married,Female,Black,Yes,1000.0
51,40.0,Some college,Private,Married,Male,Black,Yes,55000.0
32,50.0,No high school diploma,Self-employed (incorporated),Married,Male,White,Yes,26000.0
50,40.0,Bachelor degree,Private,Never married,Female,Black,Yes,100000.0
33,40.0,High school,Private,Never married,Male,Other or multiple,No,40000.0
37,40.0,,Private,Married,Male,White,Yes,140000.0
53,48.0,High school,,Married,Male,Other or multiple,Yes,42000.0
17,20.0,High school,Private,Never married,Male,White,Yes,4000.0
30,20.0,High school,Private,Married,Female,Asian,No,10000.0
55,60.0,Associate degree,Local government,Married,Male,Black,Yes,110000.0
23,37.0,No high school diploma,Private,Never married,Male,Black,Yes,1800.0
17,10.0,,Private,Never married,Female,Black,Yes,700.0
35,36.0,Some college,Private,Married,Male,Other or multiple,Yes,20000.0
57,50.0,High school,Private,Married,Female,White,Yes,107000.0
29,40.0,High school,Local government,Never married,Male,White,Yes,24000.0
43,40.0,Some college,Private,Married,Male,White,Yes,75000.0
23,40.0,Bachelor degree,Private non-profit,Never married,Female,White,Yes,1000.0
46,25.0,,Private,Married,Female,White,No,5000.0
21,45.0,Some college,Private,Never married,Male,White,Yes,18600.0
41,40.0,Some college,Local government,Married,Male,White,Yes,50000.0
42,40.0,Bachelor degree,State government,Divorced,Female,White,Yes,70000.0
34,40.0,No high school diploma,Private,Separated,Male,White,Yes,15000.0
32,70.0,Bachelor degree,,Never married,Female,White,Yes,8000.0
72,20.0,Graduate degree,Private,Divorced,Male,White,Yes,36600.0
47,45.0,Bachelor degree,Local government,Married,Female,White,Yes,56600.0
78,4.0,Bachelor degree,Self-employed,Divorced,Female,White,Yes,9140.0
64,40.0,High school,Local government,Married,Female,White,Yes,26000.0
67,16.0,Associate degree,Private,Widowed,Female,White,Yes,36900.0
35,60.0,Graduate degree,Private non-profit,Never married,Female,White,Yes,37400.0
29,35.0,High school,Local government,Separated,Female,White,Yes,10000.0
20,40.0,Some college,Local government,Never married,Female,White,Yes,10800.0
60,40.0,Graduate degree,Federal government,Married,Male,White,Yes,248000.0
26,37.0,Associate degree,Private,Married,Female,Black,Yes,31900.0
34,10.0,High school,Private,Married,Female,White,Yes,3600.0
54,46.0,Some college,Private,Married,Male,White,Yes,38000.0
58,47.0,Graduate degree,Private non-profit,Married,Male,Black,Yes,479900.0
37,40.0,Some college,Private,Never married,Male,White,Yes,40000.0
57,55.0,Associate degree,Private,Married,Male,White,Yes,58000.0
30,40.0,Associate degree,Federal government,Married,Female,Black,Yes,80000.0
43,52.0,Bachelor degree,Private,Never married,Male,White,Yes,253000.0
49,60.0,Bachelor degree,Private,Married,Male,White,Yes,25000.0
25,50.0,High school,Private,Never married,Female,White,Yes,35000.0
66,,Associate degree,Private,Married,Female,White,Yes,129000.0
42,28.0,Some college,Private,Divorced,Male,Black,Yes,2180.0
37,40.0,No high school diploma,Self-employed (incorporated),Never married,Female,Black,Yes,20000.0
42,45.0,Graduate degree,Private non-profit,Never married,Female,Black,Yes,140000.0
62,40.0,High school,Local government,Married,Female,White,Yes,33000.0
74,16.0,Graduate degree,Local government,Married,Male,White,Yes,202500.0
17,25.0,No high school diploma,Private,Never married,Female,Black,Yes,12000.0
22,50.0,Associate degree,Private,Never married,Male,Black,Yes,21700.0
23,40.0,Bachelor degree,Private,Married,Male,White,Yes,24000.0
32,38.0,No high school diploma,Private,Never married,Female,Other or multiple,Yes,12000.0
47,45.0,No high school diploma,Private,Married,Female,Asian,No,29160.0
54,40.0,High school,Private,Never married,Male,White,Yes,12000.0
19,41.0,No high school diploma,Local government,Never married,Male,White,Yes,15000.0
27,42.0,Associate degree,Private,Married,Female,White,Yes,35000.0
55,10.0,High school,Self-employed,Married,Female,Other or multiple,No,4500.0
38,30.0,High school,Private,Divorced,Female,White,Yes,23400.0
18,,No high school diploma,Private,Never married,Female,Black,Yes,1600.0
56,50.0,Some college,Private,Married,Male,White,Yes,90000.0
40,40.0,Some college,Private,Married,Male,White,Yes,60000.0
57,35.0,Associate degree,Private non-profit,Divorced,Female,White,Yes,19100.0
54,35.0,Graduate degree,Self-employed (incorporated),Never married,Female,White,Yes,72300.0
60,29.0,High school,Private non-profit,Never married,Female,Black,Yes,6300.0
48,40.0,Bachelor degree,Private,Married,Female,Black,Yes,89000.0
21,15.0,Some college,Private,Never married,Male,White,Yes,180.0
51,40.0,Some college,Private,Divorced,Female,White,Yes,26000.0
56,45.0,Bachelor degree,Private,Married,Male,Asian,No,200000.0
52,42.0,Bachelor degree,Private,Married,Male,White,No,79000.0
60,40.0,Graduate degree,State government,Married,Female,White,Yes,59000.0
58,40.0,Some college,Private,Married,Female,White,Yes,26000.0
30,40.0,Some college,Private,Married,Male,White,Yes,76000.0
63,,Some college,Private non-profit,Married,Female,White,Yes,17300.0
56,70.0,Associate degree,Self-employed (incorporated),Married,Male,Black,No,30000.0
47,40.0,,Private,Married,Male,White,Yes,180000.0
54,40.0,High school,State government,Married,Male,Black,Yes,24700.0
44,40.0,Graduate degree,Local government,Married,Female,Black,Yes,47000.0
19,,High school,Private,Never married,Male,White,Yes,2600.0
31,40.0,Graduate degree,Federal government,Married,Male,Other or multiple,Yes,72000.0
38,40.0,Graduate degree,Self-employed (incorporated),Married,Female,White,Yes,24000.0
54,40.0,Bachelor degree,Private,Married,Female,Asian,No,22000.0
57,40.0,High school,Local government,Married,Female,Black,Yes,18000.0
35,48.0,Graduate degree,State government,Married,Female,Black,Yes,70000.0
53,8.0,Bachelor degree,Private,Married,Female,White,No,1000.0
37,40.0,Bachelor degree,Private,Married,Female,White,Yes,110000.0
46,45.0,Bachelor degree,Private,Married,Male,White,Yes,90000.0
30,42.0,Bachelor degree,Private,Never married,Female,White,No,45010.0
40,40.0,Graduate degree,Local government,Divorced,Male,Black,No,29000.0
87,5.0,No high school diploma,Self-employed,Widowed,Male,White,Yes,22200.0
22,40.0,Bachelor degree,Private,Never married,Female,White,Yes,5000.0
36,50.0,Some college,Private,Never married,Female,White,Yes,10000.0
36,50.0,Some college,Private,Married,Male,White,Yes,68000.0
80,40.0,Some college,Private,Married,Male,White,Yes,64200.0
25,40.0,Bachelor degree,,Divorced,Male,White,Yes,30000.0
40,20.0,No high school diploma,Self-employed,Married,Male,White,Yes,19000.0
66,3.0,Associate degree,Private,Married,Male,White,Yes,4000.0
38,40.0,Associate degree,Private,Married,Male,Black,Yes,60000.0
30,40.0,Some college,Private,Married,Male,White,Yes,130000.0
41,40.0,Some college,State government,Married,Female,White,Yes,27000.0
51,40.0,High school,Private,Divorced,Female,White,Yes,51000.0
58,40.0,High school,Private,Married,Female,White,Yes,58000.0
48,25.0,Bachelor degree,Private,Married,Female,White,Yes,36000.0
69,31.0,Bachelor degree,Private,Widowed,Female,Black,No,36500.0
70,30.0,Bachelor degree,Private,Divorced,Male,White,Yes,45200.0
24,21.0,Graduate degree,Private,Never married,Male,White,Yes,2100.0
21,40.0,High school,Private,Never married,Male,Asian,No,18000.0
40,50.0,Graduate degree,Private,Married,Male,White,Yes,137000.0
85,17.0,Some college,State government,Married,Male,Black,Yes,19130.0
58,40.0,Some college,Self-employed,Divorced,Male,White,Yes,93000.0
29,40.0,Associate degree,,Married,Female,Other or multiple,Yes,209000.0
43,30.0,Bachelor degree,State government,Married,Male,Black,No,35000.0
62,60.0,Graduate degree,Private,Married,Male,White,Yes,501000.0
18,20.0,No high school diploma,Private,Never married,Female,Black,Yes,500.0
24,30.0,High school,Private,Never married,Male,Black,Yes,15000.0
57,40.0,Graduate degree,Private,Married,Male,Black,No,100000.0
58,30.0,Associate degree,Private,Married,Female,White,Yes,20000.0
72,40.0,Graduate degree,Local government,Never married,Male,White,Yes,69300.0
31,70.0,,Private non-profit,Never married,Male,Asian,No,2000.0
57,40.0,Bachelor degree,,Married,Female,White,Yes,178000.0
54,30.0,Associate degree,Private,Widowed,Male,White,Yes,4100.0
19,20.0,Some college,Private non-profit,Never married,Female,White,Yes,560.0
18,30.0,High school,Private,Never married,Male,White,Yes,12500.0
60,70.0,Associate degree,Private,Never married,Male,White,Yes,150000.0
56,50.0,Graduate degree,Private non-profit,Divorced,Female,White,Yes,85000.0
59,50.0,Some college,Private,Married,Male,White,Yes,25000.0
51,40.0,Some college,Private,Married,Male,Other or multiple,Yes,38000.0
46,45.0,,Private,Never married,Male,White,Yes,31000.0
44,40.0,Graduate degree,Federal government,Married,Male,Black,No,76000.0
66,25.0,High school,Private,Married,Male,White,Yes,32400.0
59,50.0,No high school diploma,Private,Married,Female,White,Yes,59000.0
58,40.0,Graduate degree,State government,Married,Female,White,Yes,56000.0
28,50.0,High school,Private,Never married,Male,Black,Yes,30000.0
38,,High school,,Married,Male,White,Yes,68000.0
32,20.0,Some college,Local government,Never married,Female,Black,Yes,9600.0
46,40.0,Bachelor degree,Private,Married,Male,Asian,No,107500.0
54,38.0,Associate degree,Private,Married,Female,White,Yes,81100.0
31,,Bachelor degree,Private,Never married,Male,White,Yes,90000.0
31,45.0,Bachelor degree,Private,Married,Male,White,Yes,73000.0
63,20.0,Some college,Private,Divorced,Male,Black,Yes,32000.0
27,38.0,Some college,Private,Never married,Male,Black,Yes,37600.0
58,40.0,Bachelor degree,Private,Divorced,Male,White,Yes,132000.0
68,2.0,Graduate degree,Self-employed,Married,Female,White,Yes,12400.0
35,40.0,Some college,Private,Married,Female,White,Yes,20000.0
32,50.0,Graduate degree,Local government,Married,Male,White,Yes,42000.0
42,45.0,High school,Private,Separated,Male,White,Yes,47000.0
46,48.0,Associate degree,Self-employed (incorporated),Married,Male,Black,Yes,16000.0
32,45.0,Graduate degree,Self-employed (incorporated),Married,Male,White,Yes,57000.0
31,40.0,Bachelor degree,Private,Married,Male,White,Yes,74000.0
27,40.0,Bachelor degree,,Never married,Male,White,Yes,92000.0
22,40.0,Bachelor degree,Private,Never married,Female,White,Yes,8000.0
41,60.0,Some college,Private,Married,Male,White,Yes,80000.0
74,5.0,Some college,Private,Divorced,Female,White,Yes,43810.0
60,50.0,High school,Private,Never married,Male,White,Yes,62000.0
40,40.0,High school,Self-employed (incorporated),Never married,Male,Black,Yes,62000.0
30,40.0,Graduate degree,Local government,Never married,Female,White,Yes,54000.0
71,40.0,Bachelor degree,Private,Married,Male,White,Yes,45200.0
20,15.0,Some college,Private,Never married,Male,White,Yes,2000.0
53,68.0,High school,Private,Married,Female,White,Yes,10000.0
46,40.0,High school,Private,Separated,Female,White,Yes,50300.0
64,1.0,Bachelor degree,Local government,Married,Female,White,Yes,12200.0
21,3.0,Some college,Private,Never married,Female,White,Yes,350.0
19,,Some college,State government,Never married,Female,White,Yes,5000.0
25,60.0,Bachelor degree,Private,Never married,Female,White,Yes,30000.0
35,,Some college,Self-employed,Divorced,Female,White,No,24000.0
26,40.0,Bachelor degree,Private,Never married,Female,White,Yes,93500.0
27,20.0,Graduate degree,Private non-profit,Never married,Male,Asian,No,5000.0
56,60.0,High school,Private,Married,Male,White,Yes,40000.0
46,40.0,High school,Private,Never married,Male,Black,Yes,12000.0
67,50.0,Some college,Private,Married,Male,White,Yes,162350.0
32,24.0,Some college,Private,Married,Female,White,Yes,15000.0
75,40.0,Bachelor degree,Private,Married,Female,White,Yes,27700.0
59,40.0,High school,Private,Married,Female,White,Yes,54000.0
58,60.0,Bachelor degree,Private non-profit,Married,Male,White,Yes,165100.0
38,36.0,Associate degree,Private,Divorced,Female,White,Yes,33000.0
29,40.0,Bachelor degree,Private,Married,Male,White,Yes,18000.0
53,50.0,Some college,Private,Married,Male,White,No,52000.0
63,,No high school diploma,Private,Separated,Male,Black,No,14600.0
35,40.0,High school,Private,Divorced,Female,Black,Yes,37000.0
27,40.0,Some college,Private,Never married,Male,White,Yes,5000.0
52,99.0,No high school diploma,,Married,Male,White,Yes,77000.0
60,70.0,No high school diploma,Private,Married,Male,Black,Yes,42000.0
59,40.0,Associate degree,Private,Divorced,Female,White,Yes,34930.0
24,25.0,High school,Private,Never married,Female,Black,Yes,12500.0
33,40.0,Associate degree,Private,Married,Female,White,Yes,40000.0
22,40.0,Some college,Private,Never married,Male,Black,Yes,2900.0
31,40.0,High school,Private,Married,Male,White,Yes,30000.0
49,40.0,Some college,Private,Married,Male,White,Yes,115000.0
30,40.0,No high school diploma,Private,Never married,Male,Black,Yes,20000.0
66,50.0,No high school diploma,Private,Married,Male,White,Yes,120000.0
62,,Graduate degree,,Married,Female,White,Yes,67000.0
21,40.0,High school,Private,Never married,Female,Black,Yes,21000.0
25,30.0,,Private,Never married,Female,White,Yes,13000.0
43,50.0,,Private,Married,Male,White,Yes,105000.0
64,50.0,Bachelor degree,Private,Divorced,Female,White,Yes,50000.0
39,70.0,Bachelor degree,Self-employed (incorporated),Never married,Male,White,Yes,505200.0
36,15.0,Associate degree,Self-employed (incorporated),Married,Female,White,Yes,14000.0
43,48.0,No high school diploma,Private,Married,Male,White,Yes,46700.0
38,40.0,Bachelor degree,Private,Never married,Male,White,Yes,84000.0
72,15.0,High school,Private non-profit,Married,Male,White,Yes,58500.0
42,40.0,Some college,Private,Married,Male,Black,Yes,37000.0
65,52.0,Bachelor degree,Private,Divorced,Male,White,Yes,47400.0
69,20.0,Some college,Self-employed (incorporated),Married,Female,White,Yes,19000.0
66,30.0,Graduate degree,Private non-profit,Married,Female,White,Yes,61000.0
31,,Graduate degree,Private,Never married,Female,Asian,No,47800.0
51,50.0,Some college,Private,Married,Male,White,Yes,471000.0
35,40.0,High school,Private,Divorced,Male,White,Yes,39500.0
52,40.0,Graduate degree,Private,Divorced,Male,Black,Yes,25000.0
37,34.0,High school,Private,Married,Male,White,Yes,40000.0
45,40.0,Some college,Private,Married,Male,White,Yes,100000.0
45,40.0,Graduate degree,Private,Married,Male,Asian,No,82300.0
51,40.0,Graduate degree,Local government,Married,Male,Black,Yes,83000.0
26,35.0,Associate degree,Private,Never married,Male,Black,Yes,26000.0
29,35.0,Associate degree,Private,Never married,Male,White,Yes,35000.0
58,24.0,Associate degree,Self-employed,Widowed,Female,White,Yes,17000.0
43,25.0,,Private,Married,Male,Other or multiple,No,34000.0
30,48.0,Associate degree,Private,Divorced,Male,White,Yes,65000.0
45,34.0,Graduate degree,Private,Married,Female,Asian,No,100000.0
31,,Graduate degree,Private,Married,Female,Other or multiple,Yes,55000.0
40,,Bachelor degree,Federal government,Married,Male,Black,Yes,62000.0
24,18.0,Graduate degree,Private,Never married,Male,White,Yes,4900.0
33,40.0,High school,Private,Never married,Male,White,Yes,6000.0
21,11.0,Some college,State government,Never married,Female,White,Yes,700.0
47,45.0,Bachelor degree,Private,Married,Male,White,Yes,102000.0
27,40.0,Bachelor degree,Private,Never married,Female,Black,Yes,20000.0
55,30.0,No high school diploma,Local government,Divorced,Female,Black,Yes,8000.0
47,10.0,No high school diploma,Self-employed,Widowed,Male,White,Yes,7300.0
32,45.0,Some college,Private,Never married,Female,White,Yes,25000.0
54,1.0,Graduate degree,Private,Married,Male,White,Yes,192000.0
57,83.0,Bachelor degree,Private,Never married,Male,Black,Yes,45000.0
67,5.0,Graduate degree,Private non-profit,Married,Female,White,Yes,52000.0
29,8.0,High school,Private,Never married,Female,Black,Yes,2700.0
17,30.0,High school,State government,Never married,Male,Asian,Yes,4500.0
50,40.0,Bachelor degree,Local government,Divorced,Female,Black,Yes,35000.0
35,24.0,Graduate degree,Self-employed (incorporated),Divorced,Male,Black,Yes,5000.0
48,40.0,Graduate degree,Local government,Divorced,Female,White,No,65000.0
23,49.0,High school,Private,Married,Male,White,Yes,12600.0
26,40.0,,Private,Married,Male,White,Yes,5000.0
35,45.0,Graduate degree,Private,Divorced,Female,White,Yes,48100.0
59,40.0,Associate degree,Private,Divorced,Female,Black,Yes,16400.0
37,40.0,High school,Private,Married,Male,Other or multiple,No,32000.0
36,60.0,Graduate degree,Self-employed (incorporated),Married,Male,White,No,76500.0
60,32.0,Some college,Private,Widowed,Female,Black,Yes,32000.0
58,40.0,High school,Private,Married,Male,White,No,80000.0
31,60.0,Some college,Self-employed (incorporated),Married,Male,White,Yes,20000.0
46,40.0,Bachelor degree,State government,Married,Male,White,Yes,80000.0
53,40.0,High school,Private,Married,Female,White,Yes,50000.0
31,40.0,Some college,Private,Married,Male,Black,Yes,32800.0
35,30.0,High school,Private,Married,Male,Black,Yes,15320.0
56,35.0,High school,Private,Married,Female,White,Yes,21900.0
46,50.0,Graduate degree,Private,Married,Male,White,Yes,200000.0
59,40.0,High school,Private,Married,Female,White,Yes,9100.0
23,40.0,Some college,Private,Never married,Male,White,Yes,500.0
52,30.0,High school,Private non-profit,Married,Female,White,Yes,9500.0
54,45.0,Some college,Private,Married,Female,Black,Yes,75000.0
27,44.0,Graduate degree,Local government,Never married,Female,White,Yes,53000.0
61,70.0,Associate degree,Self-employed (incorporated),Married,Male,Black,No,45000.0
50,40.0,Bachelor degree,Federal government,Divorced,Female,Black,No,90000.0
56,40.0,Associate degree,Private,Never married,Male,White,Yes,40000.0
18,20.0,High school,Private,Never married,Female,Black,Yes,10000.0
61,45.0,Bachelor degree,Private,Married,Male,White,Yes,65000.0
25,60.0,Bachelor degree,Private non-profit,Married,Male,White,No,95000.0
60,45.0,High school,Private,Married,Male,White,Yes,78330.0
21,30.0,,Private,Never married,Male,White,No,10000.0
61,50.0,Graduate degree,Private,Never married,Male,White,No,64000.0
63,40.0,High school,Private,Married,Female,White,Yes,84000.0
32,40.0,Associate degree,Private,Married,Male,White,Yes,88000.0
64,50.0,Associate degree,Private,Married,Female,White,Yes,81500.0
27,40.0,Bachelor degree,Private,Married,Female,White,Yes,75000.0
57,55.0,Graduate degree,Self-employed (incorporated),Married,Male,White,Yes,100000.0
28,40.0,Bachelor degree,Private non-profit,Married,Male,Black,Yes,27000.0
28,36.0,High school,Private,Married,Female,White,No,18500.0
49,40.0,High school,Private,Married,Female,White,Yes,25000.0
61,40.0,High school,Local government,Married,Male,Black,Yes,15000.0
34,60.0,No high school diploma,Private,Never married,Male,Black,Yes,45000.0
18,,No high school diploma,Private,Never married,Male,Black,Yes,18000.0
40,40.0,Some college,Private,Married,Male,White,Yes,45000.0
61,,High school,Private,Married,Male,White,Yes,86000.0
25,30.0,Some college,Private,Never married,Male,White,Yes,12000.0
37,50.0,Some college,Self-employed (incorporated),Married,Male,White,Yes,40000.0
43,,High school,Private,Married,Male,Black,Yes,12000.0
30,80.0,Associate degree,Private,Married,Female,White,Yes,100000.0
36,45.0,Bachelor degree,Private,Married,Female,Black,No,60000.0
62,40.0,High school,Private,Married,Male,White,Yes,63000.0
54,50.0,High school,Private,Married,Male,White,Yes,35000.0
32,45.0,Graduate degree,Private non-profit,Married,Female,Asian,Yes,185000.0
38,40.0,Bachelor degree,Private,Never married,Female,White,Yes,175000.0
35,45.0,Bachelor degree,State government,Married,Male,White,Yes,45000.0
38,40.0,No high school diploma,Private,Married,Female,Other or multiple,No,7000.0
61,40.0,High school,Private,Married,Female,Black,Yes,32000.0
56,50.0,Some college,Federal government,Married,Female,Black,Yes,64000.0
79,40.0,High school,Self-employed,Married,Male,White,Yes,420300.0
68,15.0,Some college,Private,Married,Female,Black,Yes,27200.0
36,2.0,Bachelor degree,Private,Married,Female,Asian,Yes,1400.0
26,36.0,Bachelor degree,Private non-profit,Married,Female,White,Yes,35500.0
35,40.0,Some college,Private,Married,Male,White,No,33200.0
37,,Some college,State government,Married,Male,White,Yes,72000.0
44,55.0,Some college,Private,Married,Male,White,Yes,63000.0
33,60.0,Bachelor degree,,Never married,Male,Other or multiple,Yes,59000.0
52,50.0,Graduate degree,Private,Married,Female,White,Yes,72000.0
38,20.0,High school,Private,Never married,Female,Black,Yes,3400.0
61,40.0,,Private,Divorced,Female,White,Yes,100000.0
46,40.0,Associate degree,Private,Married,Female,White,Yes,50000.0
50,60.0,Bachelor degree,Private,Married,Female,White,Yes,471000.0
47,35.0,Bachelor degree,Private,Married,Female,White,Yes,26000.0
46,40.0,Associate degree,Private,Divorced,Female,Black,Yes,90000.0
46,50.0,Bachelor degree,Self-employed,Married,Male,White,Yes,571000.0
76,40.0,No high school diploma,Private,Divorced,Male,White,Yes,33300.0
26,30.0,Some college,Private,Married,Female,Black,Yes,24000.0
61,40.0,High school,Private,Married,Female,White,Yes,22000.0
40,40.0,Graduate degree,,Never married,Female,Black,Yes,52000.0
38,,Graduate degree,State government,Married,Female,Black,Yes,114000.0
64,40.0,No high school diploma,Private,Married,Male,Black,Yes,15000.0
55,40.0,Associate degree,Private,Married,Male,White,Yes,80300.0
38,40.0,Some college,Self-employed (incorporated),Married,Male,Black,No,22000.0
36,50.0,Some college,Private,Never married,Male,White,Yes,50000.0
40,60.0,Some college,Self-employed (incorporated),Married,Male,Other or multiple,No,27600.0
32,48.0,Some college,Private,Never married,Male,Black,Yes,55000.0
41,60.0,Some college,Self-employed (incorporated),Married,Female,White,Yes,30000.0
35,,Some college,Private,Married,Male,White,Yes,144000.0
28,40.0,Associate degree,Private,Married,Female,White,Yes,89000.0
52,16.0,Graduate degree,Private,Married,Female,White,Yes,28000.0
32,40.0,Graduate degree,Private,Never married,Female,White,Yes,20000.0
49,20.0,Some college,Private,Married,Male,White,Yes,73000.0
32,40.0,High school,,Married,Female,Black,Yes,38000.0
32,10.0,High school,Private,Married,Female,White,Yes,3600.0
62,25.0,High school,Self-employed,Married,Male,White,Yes,22800.0
22,35.0,No high school diploma,Private,Never married,Female,White,Yes,8400.0
21,24.0,Some college,Private,Never married,Male,Other or multiple,Yes,12000.0
64,20.0,Graduate degree,Federal government,Divorced,Female,Black,Yes,10400.0
25,60.0,Bachelor degree,Private,Never married,Male,Asian,No,26000.0
63,40.0,Bachelor degree,Self-employed (incorporated),Divorced,Female,White,Yes,32500.0
27,40.0,Some college,Private,Never married,Male,Black,Yes,21700.0
33,40.0,No high school diploma,Private,Never married,Male,Black,Yes,900.0
22,25.0,Some college,Private,Never married,Female,Black,Yes,5000.0
54,96.0,Bachelor degree,Local government,Married,Male,White,Yes,55100.0
49,40.0,,Private,Never married,Female,Black,Yes,20600.0
39,50.0,Some college,Self-employed,Widowed,Female,Black,Yes,15800.0
24,,Some college,Private,Never married,Female,White,Yes,24000.0
58,50.0,Bachelor degree,Federal government,Married,Male,Black,Yes,60000.0
23,40.0,High school,Private,Never married,Male,White,Yes,37000.0
48,40.0,,Private,Separated,Male,White,No,42100.0
52,,High school,Private,Married,Male,White,Yes,15000.0
47,45.0,Bachelor degree,Private,Married,Male,Asian,No,108000.0
20,36.0,Some college,Private,Never married,Male,White,Yes,18000.0
35,40.0,Graduate degree,Private,Married,Female,White,Yes,85160.0
22,28.0,High school,Federal government,Never married,Female,White,Yes,16000.0
45,45.0,Graduate degree,Private,Divorced,Male,White,Yes,106100.0
63,7.0,Bachelor degree,Private,Married,Male,White,Yes,24200.0
43,50.0,Graduate degree,Private,Married,Male,White,Yes,134600.0
34,40.0,High school,Private,Married,Male,White,Yes,42000.0
68,40.0,Associate degree,Local government,Married,Male,Black,Yes,36400.0
49,40.0,Some college,Private,Married,Female,White,Yes,7600.0
29,45.0,Bachelor degree,Private,Never married,Female,Black,Yes,65000.0
31,50.0,Associate degree,Private,Married,Male,White,No,85000.0
20,12.0,Some college,Private,Never married,Male,Black,Yes,600.0
35,50.0,Associate degree,,Married,Male,White,Yes,50000.0
20,30.0,No high school diploma,Private,Never married,Female,Black,Yes,17200.0
22,,Bachelor degree,State government,Never married,Female,White,Yes,10000.0
37,2.0,Bachelor degree,Self-employed,Married,Female,White,Yes,5000.0
41,37.0,High school,Private,Never married,Female,White,Yes,43500.0
54,60.0,High school,Self-employed,Divorced,Female,White,Yes,40800.0
41,60.0,Bachelor degree,Private,Married,Male,White,Yes,115000.0
21,40.0,High school,Federal government,Married,Male,White,Yes,21000.0
61,18.0,High school,,Married,Male,White,Yes,68000.0
60,40.0,High school,,Married,Male,White,Yes,42000.0
61,46.0,Associate degree,Private,Divorced,Male,White,Yes,89000.0
77,,Some college,Private non-profit,Married,Female,White,Yes,20500.0
38,58.0,High school,Private,Never married,Female,Other or multiple,Yes,47000.0
29,40.0,Some college,Private,Never married,Female,Black,Yes,6500.0
18,40.0,High school,Private,Never married,Male,Other or multiple,No,19800.0
35,,Associate degree,Private,Married,Female,White,Yes,55000.0
62,65.0,Some college,Private,Married,Male,White,Yes,39900.0
59,38.0,Bachelor degree,Private,Never married,Male,White,Yes,28000.0
35,40.0,High school,State government,Married,Female,White,Yes,15000.0
65,20.0,High school,Private,Married,Female,White,Yes,25600.0
29,,Bachelor degree,Private,Never married,Male,White,Yes,36000.0
44,40.0,High school,Private,Divorced,Female,Black,Yes,23000.0
47,48.0,High school,Private,Married,Female,White,No,20000.0
31,30.0,Graduate degree,Private,Married,Female,White,Yes,38000.0
56,32.0,Graduate degree,Self-employed (incorporated),Married,Female,White,No,150000.0
37,48.0,Bachelor degree,Private,Married,Male,White,Yes,55000.0
35,40.0,Graduate degree,Private,Never married,Female,Black,Yes,14000.0
37,40.0,Graduate degree,State government,Married,Female,Black,Yes,54000.0
50,40.0,High school,Private,Married,Male,Asian,No,24000.0
42,40.0,High school,Private,Separated,Male,White,Yes,41000.0
64,12.0,Graduate degree,State government,Divorced,Male,White,Yes,88000.0
57,45.0,Some college,Private,Married,Male,Black,No,35000.0
18,24.0,High school,Private,Never married,Male,White,Yes,7600.0
37,40.0,Graduate degree,State government,Married,Female,Black,No,35000.0
45,50.0,Graduate degree,State government,Married,Female,White,Yes,72000.0
58,40.0,Some college,Private non-profit,Married,Female,White,Yes,15400.0
39,40.0,High school,Private,Married,Male,White,Yes,26000.0
29,28.0,Some college,Private non-profit,Never married,Male,White,Yes,4000.0
44,60.0,Some college,Private,Married,Male,White,Yes,42000.0
45,50.0,High school,Private,Never married,Female,Black,Yes,47000.0
33,40.0,Bachelor degree,Private,Never married,Male,White,Yes,24000.0
30,40.0,Graduate degree,Private,Never married,Male,White,Yes,20000.0
64,30.0,Bachelor degree,Private,Married,Female,Black,Yes,88000.0
35,40.0,No high school diploma,Local government,Married,Female,Black,Yes,25000.0
58,40.0,Graduate degree,Private,Married,Male,White,Yes,471050.0
43,45.0,High school,Private,Married,Male,White,Yes,60000.0
53,60.0,Bachelor degree,Self-employed,Married,Female,White,No,118000.0
28,35.0,Some college,Private,Never married,Female,Black,Yes,7000.0
26,40.0,No high school diploma,Private,Never married,Female,White,Yes,16000.0
30,40.0,Some college,Federal government,Never married,Male,Black,Yes,30000.0
58,40.0,High school,Private,Married,Male,White,Yes,60000.0
20,40.0,High school,Private,Never married,Male,White,Yes,16000.0
40,40.0,Bachelor degree,Private,Married,Male,Asian,No,39000.0
57,45.0,Bachelor degree,Private,Married,Male,White,Yes,471000.0
30,50.0,Some college,,Never married,Male,White,Yes,40000.0
71,30.0,Bachelor degree,Self-employed,Never married,Female,White,Yes,15240.0
34,40.0,Graduate degree,Private,Divorced,Male,White,No,25000.0
57,40.0,Associate degree,Private non-profit,Married,Female,Black,No,39000.0
36,45.0,Bachelor degree,Private,Married,Male,White,No,60000.0
28,40.0,Graduate degree,Local government,Never married,Female,White,Yes,53000.0
49,28.0,Associate degree,Self-employed,Never married,Male,White,No,32000.0
36,40.0,Associate degree,Private non-profit,Married,Female,Other or multiple,Yes,58000.0
41,40.0,Graduate degree,Private,Married,Male,White,Yes,119000.0
45,40.0,High school,Self-employed,Divorced,Male,White,Yes,10000.0
23,20.0,Some college,Unpaid family work,Never married,Male,White,Yes,5300.0
55,40.0,High school,Private,Married,Male,White,Yes,37400.0
66,40.0,Some college,Unpaid family work,Married,Female,White,Yes,9150.0
41,40.0,Bachelor degree,Private,Married,Male,Black,Yes,116000.0
59,45.0,Some college,Private,Divorced,Male,White,Yes,95000.0
39,40.0,Some college,Private,Married,Male,Other or multiple,No,24000.0
59,50.0,Graduate degree,Private,Married,Female,White,No,16000.0
34,50.0,Bachelor degree,Private,Married,Male,White,Yes,250000.0
33,40.0,High school,Private,Divorced,Male,White,No,36000.0
25,52.0,Some college,Private,Never married,Male,White,Yes,38000.0
48,55.0,Bachelor degree,Private,Married,Male,Black,Yes,90000.0
46,,Graduate degree,Private,Married,Male,White,Yes,110000.0
47,60.0,Graduate degree,Private non-profit,Never married,Female,Black,Yes,120000.0
28,40.0,Bachelor degree,Private,Never married,Male,Black,Yes,42000.0
33,40.0,High school,Private,Never married,Male,White,Yes,24000.0
61,50.0,Associate degree,Private,Divorced,Male,Black,Yes,18000.0
28,45.0,Graduate degree,State government,Married,Female,White,Yes,43000.0
50,24.0,Some college,Private,Married,Female,Black,Yes,9800.0
49,40.0,High school,Private,Married,Male,White,Yes,51000.0
30,32.0,Some college,Private,Married,Male,White,Yes,500.0
56,50.0,Some college,Private,Never married,Female,Black,No,60000.0
53,45.0,Some college,Private non-profit,Divorced,Female,White,Yes,69000.0
19,36.0,High school,,Never married,Female,Black,Yes,8400.0
57,40.0,Bachelor degree,Private,Married,Male,Black,Yes,130000.0
57,40.0,Associate degree,Self-employed (incorporated),Married,Male,White,Yes,56000.0
59,32.0,Graduate degree,Local government,Married,Female,Other or multiple,Yes,83000.0
60,18.0,Graduate degree,Private non-profit,Married,Female,White,Yes,3800.0
48,45.0,Bachelor degree,Private,Never married,Female,White,Yes,100000.0
20,40.0,High school,Private,Never married,Male,Other or multiple,Yes,18000.0
43,40.0,Graduate degree,State government,Married,Female,White,Yes,57000.0
47,40.0,High school,Private,Separated,Female,White,Yes,30000.0
54,30.0,Some college,Private,Divorced,Female,Black,Yes,2500.0
25,40.0,High school,Private,Never married,Male,White,Yes,50000.0
47,40.0,High school,State government,Never married,Male,Black,Yes,12000.0
47,40.0,Some college,Private,Divorced,Female,White,No,55000.0
55,36.0,Some college,Private,Married,Female,White,Yes,38000.0
58,40.0,Bachelor degree,Local government,Divorced,Female,Black,Yes,40000.0
48,40.0,Some college,Private,Married,Female,White,Yes,19000.0
58,,Bachelor degree,Private,Married,Female,White,Yes,24400.0
42,40.0,,Private,Married,Female,Black,Yes,32000.0
45,45.0,Graduate degree,Private non-profit,Married,Female,Black,Yes,51000.0
28,30.0,Bachelor degree,Private,Never married,Female,Asian,No,13000.0
48,75.0,Graduate degree,State government,Married,Female,Black,Yes,70000.0
17,20.0,No high school diploma,Private,Never married,Female,White,Yes,1500.0
27,30.0,High school,Private,Never married,Female,White,Yes,7000.0
39,,No high school diploma,Private,Married,Male,White,No,5000.0
26,40.0,Bachelor degree,Local government,Never married,Female,Black,Yes,25000.0
39,40.0,Graduate degree,Private,Married,Male,White,No,104000.0
30,38.0,No high school diploma,Private,Never married,Male,Black,Yes,10000.0
48,42.0,Associate degree,Private,Married,Male,White,Yes,25000.0
19,12.0,High school,Federal government,Never married,Male,White,Yes,15000.0
33,40.0,High school,Federal government,Divorced,Male,White,Yes,25000.0
52,44.0,Graduate degree,Private,Married,Male,White,Yes,153500.0
34,40.0,Associate degree,Private,Married,Male,White,Yes,41000.0
41,35.0,Some college,Private,Never married,Female,Black,Yes,17000.0
47,40.0,Some college,Self-employed (incorporated),Married,Male,White,Yes,30000.0
41,32.0,Graduate degree,Local government,Married,Female,White,Yes,60000.0
25,62.0,Some college,Federal government,Married,Male,White,Yes,27000.0
44,60.0,Bachelor degree,Private,Married,Male,White,Yes,98000.0
30,40.0,Graduate degree,State government,Married,Male,White,Yes,64000.0
54,50.0,High school,Private,Married,Male,White,Yes,82000.0
35,65.0,Bachelor degree,Private,Married,Male,White,Yes,120000.0
26,40.0,,Federal government,Married,Male,White,Yes,39000.0
66,50.0,High school,Self-employed,Divorced,Male,White,Yes,37500.0
57,24.0,Some college,Self-employed (incorporated),Married,Male,White,Yes,15000.0
42,40.0,Graduate degree,Private,Divorced,Male,White,No,140000.0
47,40.0,Some college,Private,Divorced,Female,White,Yes,36000.0
46,,High school,Private,Married,Male,White,Yes,45000.0
58,60.0,Graduate degree,Self-employed,Separated,Male,White,Yes,311000.0
47,,Bachelor degree,State government,Married,Male,White,Yes,42000.0
36,43.0,High school,Private,Married,Male,White,No,48000.0
33,40.0,No high school diploma,Private,Married,Female,White,No,15800.0
40,40.0,High school,Private,Married,Male,Black,Yes,60000.0
42,40.0,Graduate degree,Private,Married,Male,Black,Yes,100000.0
51,35.0,Some college,Private,Divorced,Male,White,Yes,2800.0
53,40.0,Associate degree,Private,Never married,Female,White,Yes,200000.0
50,52.0,Graduate degree,State government,Married,Female,Black,Yes,65000.0
62,40.0,Graduate degree,State government,Never married,Female,White,Yes,92000.0
49,60.0,No high school diploma,Private,Married,Male,White,No,75000.0
51,55.0,Graduate degree,Private,Married,Female,White,Yes,215050.0
62,18.0,Some college,Private,Widowed,Female,Black,Yes,341000.0
53,50.0,Bachelor degree,Private,Divorced,Female,White,Yes,160000.0
21,40.0,Some college,State government,Never married,Female,Black,Yes,12000.0
37,40.0,Bachelor degree,Private,Married,Female,Asian,No,30000.0
27,60.0,High school,Private,Never married,Male,White,Yes,28000.0
53,40.0,High school,Private,Married,Male,White,Yes,83000.0
54,40.0,No high school diploma,Private,Married,Male,Black,No,20000.0
26,25.0,Some college,Private,Never married,Female,White,Yes,5000.0
27,40.0,High school,Private,Married,Female,White,Yes,25000.0
63,50.0,Graduate degree,Local government,Widowed,Female,Black,Yes,74100.0
20,30.0,High school,Private,Never married,Male,Black,Yes,40000.0
29,30.0,High school,Private,Never married,Female,Black,Yes,10000.0
28,40.0,Associate degree,Private,Never married,Male,White,Yes,35000.0
45,40.0,Some college,Private,Divorced,Female,White,Yes,75400.0
64,20.0,Associate degree,Private,Married,Male,Black,Yes,45000.0
52,25.0,Some college,Private,Married,Female,White,No,2000.0
71,30.0,Some college,Private,Married,Female,White,Yes,52100.0
40,55.0,High school,Private non-profit,Married,Female,White,Yes,15000.0
40,40.0,,Private,Never married,Male,Other or multiple,No,50000.0
63,40.0,Some college,Self-employed (incorporated),Married,Male,White,Yes,52000.0
58,40.0,Associate degree,Private,Married,Female,White,Yes,70000.0
53,40.0,High school,Private,Married,Female,Black,Yes,30000.0
47,,Bachelor degree,Private non-profit,Married,Female,White,Yes,20400.0
30,26.0,Some college,Private,Married,Male,Black,No,14000.0
46,40.0,Some college,Private,Married,Male,White,Yes,60000.0
36,40.0,Some college,Private,Married,Male,White,Yes,130000.0
26,80.0,No high school diploma,Private,Never married,Male,White,Yes,24000.0
49,25.0,Graduate degree,Private,Married,Female,White,Yes,80000.0
24,40.0,High school,Federal government,Married,Male,White,Yes,20400.0
21,10.0,Some college,Private,Never married,Female,White,Yes,5500.0
35,9.0,Graduate degree,Private,Never married,Female,Black,Yes,16600.0
37,40.0,Associate degree,Private,Never married,Male,White,Yes,50000.0
56,40.0,Bachelor degree,Federal government,Married,Male,Black,Yes,122150.0
44,46.0,High school,Federal government,Married,Male,White,Yes,94000.0
21,50.0,,Private,Never married,Male,White,Yes,18000.0
23,,Bachelor degree,Private,Never married,Female,White,Yes,3000.0
52,40.0,Associate degree,Private,Married,Female,White,Yes,22000.0
39,20.0,High school,Private,Married,Female,Black,Yes,12000.0
51,40.0,High school,Private,Widowed,Female,White,Yes,24000.0
30,40.0,Graduate degree,Private,Married,Female,Black,No,6900.0
29,8.0,High school,Private,Never married,Male,White,Yes,20000.0
47,40.0,Some college,Private,Married,Female,White,Yes,43700.0
73,40.0,Some college,Local government,Married,Male,White,Yes,74500.0
21,60.0,Bachelor degree,Private,Never married,Male,White,Yes,5000.0
23,20.0,High school,Private,Married,Female,White,Yes,5000.0
28,40.0,Graduate degree,,Married,Female,White,Yes,30000.0
24,40.0,Bachelor degree,Private,Never married,Female,Asian,Yes,24830.0
27,40.0,Graduate degree,,Married,Female,White,Yes,30000.0
58,50.0,Bachelor degree,Private,Married,Male,White,No,135000.0
56,45.0,High school,Private,Married,Male,Black,Yes,35000.0
32,40.0,High school,Private,Married,Male,Other or multiple,No,36000.0
63,40.0,Some college,Private,Married,Male,White,Yes,113330.0
44,40.0,Bachelor degree,Private,Married,Female,White,Yes,51000.0
39,40.0,Bachelor degree,Private,Married,Male,White,Yes,187000.0
67,40.0,Some college,Private non-profit,Married,Male,White,No,25000.0
26,40.0,Associate degree,,Married,Female,Black,Yes,51000.0
47,40.0,Associate degree,Private,Married,Female,Black,Yes,37400.0
42,60.0,Bachelor degree,Private,Married,Female,Asian,Yes,471000.0
36,55.0,Associate degree,Private,Married,Female,Black,No,48000.0
42,40.0,High school,Private,Separated,Female,White,Yes,42000.0
65,40.0,Some college,Private,Married,Male,White,No,42000.0
59,30.0,High school,Private,Never married,Female,Black,Yes,8000.0
45,40.0,Some college,Self-employed,Never married,Male,White,Yes,30000.0
26,45.0,Graduate degree,Private,Never married,Male,White,Yes,13200.0
49,45.0,Bachelor degree,Private,Married,Male,White,Yes,110000.0
47,86.0,Bachelor degree,Local government,Married,Female,Black,Yes,46000.0
53,38.0,Bachelor degree,Private,Married,Male,White,Yes,100000.0
48,40.0,Bachelor degree,Private,Never married,Female,Black,Yes,119000.0
46,50.0,High school,Private,Married,Female,White,Yes,26000.0
77,40.0,No high school diploma,Private non-profit,Married,Female,White,No,28800.0
33,41.0,Bachelor degree,Private,Married,Female,White,Yes,25500.0
79,40.0,High school,Private non-profit,Married,Female,White,Yes,33300.0
56,,High school,Private,Married,Male,Black,Yes,20000.0
63,40.0,,Private,Married,Male,Black,Yes,69000.0
51,40.0,Bachelor degree,Private,Married,Male,White,Yes,91000.0
70,40.0,Bachelor degree,Private,Married,Male,White,Yes,129200.0
36,50.0,Graduate degree,Private,Married,Female,Black,Yes,125000.0
56,40.0,High school,Private,Married,Male,White,Yes,36500.0
61,20.0,Associate degree,Private,Divorced,Female,White,Yes,33000.0
34,40.0,High school,Private,Married,Female,Other or multiple,No,15600.0
30,40.0,Bachelor degree,Private,Never married,Female,Black,No,18000.0
41,32.0,No high school diploma,Private,Never married,Female,Black,Yes,11700.0
56,40.0,High school,Private,Never married,Male,Black,Yes,35000.0
60,40.0,Some college,Private,Divorced,Male,White,Yes,56000.0
20,24.0,Some college,Private,Married,Female,White,Yes,2300.0
38,50.0,Associate degree,Private,Divorced,Female,Black,Yes,30000.0
32,35.0,No high school diploma,Private,Married,Male,White,No,60000.0
43,40.0,Graduate degree,Private,Married,Male,Black,No,93000.0
23,40.0,Bachelor degree,Private,Never married,Female,White,Yes,3000.0
79,20.0,High school,Private,Married,Male,White,Yes,24000.0
30,40.0,High school,Private,Never married,Male,Black,Yes,17000.0
51,,Associate degree,Self-employed (incorporated),Married,Male,White,Yes,150000.0
21,24.0,High school,Private,Never married,Male,Black,Yes,476000.0
50,2.0,Bachelor degree,Private,Married,Female,White,Yes,2000.0
63,25.0,Graduate degree,Private,Married,Male,White,Yes,38000.0
63,48.0,Graduate degree,Private,Married,Male,White,Yes,136900.0
54,70.0,Bachelor degree,Self-employed (incorporated),Married,Male,White,Yes,108000.0
38,40.0,Graduate degree,Private,Never married,Female,Black,Yes,94000.0
29,70.0,Bachelor degree,Private,Never married,Female,White,Yes,85000.0
23,40.0,High school,State government,Never married,Male,Black,Yes,4500.0
34,45.0,Bachelor degree,Private,Married,Male,White,Yes,10000.0
45,40.0,Bachelor degree,Private,Married,Female,Black,No,70000.0
64,45.0,Bachelor degree,Private,Married,Female,White,Yes,55000.0
43,50.0,Bachelor degree,Private non-profit,Married,Male,White,Yes,70000.0
30,50.0,Some college,Local government,Married,Male,White,Yes,20300.0
35,40.0,Bachelor degree,Private,Married,Male,White,Yes,116800.0
39,44.0,Some college,Private,Married,Male,Black,Yes,60000.0
46,45.0,Associate degree,Private,Divorced,Male,Black,Yes,50000.0
40,40.0,High school,Private,Married,Female,White,Yes,67000.0
46,40.0,Bachelor degree,Private,Divorced,Male,White,Yes,155000.0
43,42.0,Bachelor degree,Private,Married,Male,White,Yes,105200.0
30,30.0,Associate degree,Private,Married,Female,White,Yes,3600.0
51,40.0,High school,Private,Married,Male,White,Yes,54000.0
31,23.0,No high school diploma,Private,Married,Female,White,Yes,8500.0
21,25.0,Some college,Private non-profit,Never married,Female,Black,Yes,5000.0
46,40.0,No high school diploma,Private,Married,Male,Other or multiple,No,5000.0
51,55.0,No high school diploma,Private,Married,Male,White,Yes,90000.0
29,53.0,Some college,Local government,Married,Male,White,Yes,32300.0
60,50.0,Bachelor degree,Self-employed (incorporated),Married,Male,White,Yes,172000.0
33,60.0,Graduate degree,Local government,Married,Male,White,Yes,65000.0
38,58.0,Some college,Private,Married,Male,White,Yes,125000.0
57,55.0,High school,State government,Married,Male,Other or multiple,No,35000.0
58,40.0,No high school diploma,Self-employed (incorporated),Married,Male,White,Yes,170000.0
38,34.0,High school,Private,Separated,Female,White,Yes,17300.0
45,52.0,Some college,Private,Married,Male,White,Yes,67000.0
42,36.0,,Private non-profit,Divorced,Female,Other or multiple,Yes,81000.0
48,40.0,Graduate degree,Private,Married,Male,Black,Yes,56000.0
58,40.0,Graduate degree,State government,Married,Male,White,Yes,75000.0
23,60.0,Bachelor degree,Private,Never married,Male,White,Yes,47000.0
71,40.0,High school,Private,Married,Female,Asian,No,18000.0
22,36.0,Bachelor degree,Private,Never married,Female,White,Yes,40000.0
35,35.0,High school,Self-employed,Married,Male,White,Yes,30000.0
18,10.0,No high school diploma,Private,Never married,Female,Black,Yes,940.0
23,38.0,Some college,Private non-profit,Never married,Female,White,Yes,8000.0
22,,,Private,Never married,Male,Other or multiple,Yes,9700.0
39,30.0,High school,Private,Married,Female,Asian,No,25000.0
50,48.0,Bachelor degree,Private,Married,Female,White,Yes,118500.0
49,15.0,Some college,Self-employed,Never married,Female,White,Yes,28000.0
20,15.0,No high school diploma,Private,Never married,Female,White,Yes,390.0
30,70.0,Graduate degree,Private,Married,Male,White,Yes,92000.0
30,40.0,Associate degree,Private,Never married,Male,Black,Yes,17000.0
49,40.0,Some college,Private non-profit,Married,Female,White,Yes,46600.0
52,40.0,High school,Self-employed,Married,Male,Other or multiple,No,24000.0
52,50.0,Some college,Private,Never married,Male,Black,Yes,68000.0
58,40.0,Associate degree,Private,Married,Female,Asian,Yes,30500.0
65,40.0,High school,State government,Married,Male,White,Yes,40000.0
23,35.0,Some college,Private,Never married,Female,White,Yes,6000.0
22,50.0,Bachelor degree,Private,Never married,Female,Other or multiple,Yes,8000.0
23,40.0,High school,Private,Widowed,Male,White,Yes,4500.0
36,40.0,Some college,Private,Married,Male,Black,Yes,42000.0
56,48.0,High school,Private,Divorced,Female,Black,Yes,50000.0
19,30.0,High school,Private,Never married,Male,Asian,No,13000.0
45,40.0,Bachelor degree,Private,Married,Female,White,Yes,133000.0
48,45.0,Graduate degree,Local government,Married,Female,Black,Yes,103000.0
25,45.0,Some college,Private,Married,Male,White,Yes,85000.0
41,40.0,High school,Private,Divorced,Male,White,Yes,65000.0
37,35.0,Graduate degree,Private,Married,Female,White,No,23000.0
47,40.0,,Private,Never married,Male,Other or multiple,No,25000.0
42,40.0,Bachelor degree,Private,Married,Female,White,Yes,70000.0
17,5.0,No high school diploma,Private,Never married,Female,Black,Yes,2000.0
18,12.0,Some college,State government,Never married,Female,White,Yes,19700.0
44,40.0,High school,Private,Married,Female,White,Yes,29000.0
66,60.0,Bachelor degree,Private,Married,Male,Black,Yes,72000.0
35,40.0,Associate degree,Private,Married,Female,White,Yes,20000.0
20,25.0,High school,Private,Never married,Female,Black,Yes,1800.0
17,15.0,No high school diploma,Private,Never married,Female,Asian,Yes,2000.0
71,70.0,Some college,Self-employed,Married,Female,White,Yes,94700.0
24,50.0,Bachelor degree,Private,Married,Female,White,Yes,86000.0
59,40.0,No high school diploma,Private,Divorced,Male,Black,Yes,64200.0
32,40.0,No high school diploma,Private,Married,Male,White,No,30000.0
71,25.0,Some college,Private,Married,Female,White,Yes,31000.0
53,40.0,Associate degree,Private,Married,Male,Black,Yes,7000.0
21,16.0,High school,Private,Never married,Male,White,Yes,4000.0
25,40.0,Some college,Private,Never married,Male,Other or multiple,Yes,32000.0
50,40.0,High school,Private,Divorced,Female,Black,Yes,17000.0
34,50.0,High school,Private,Married,Male,White,Yes,65000.0
50,48.0,Graduate degree,Private,Married,Male,Black,Yes,50000.0
57,60.0,Graduate degree,Private,Divorced,Male,White,Yes,498000.0
52,40.0,Associate degree,Self-employed (incorporated),Married,Female,White,Yes,46000.0
44,40.0,Bachelor degree,Private,Married,Female,Black,Yes,85000.0
39,50.0,Bachelor degree,Private non-profit,Never married,Female,Black,Yes,20400.0
39,40.0,Some college,Private,Married,Male,Black,Yes,95000.0
21,30.0,High school,Private,Never married,Female,White,Yes,22000.0
58,40.0,High school,Private,Divorced,Female,White,Yes,48000.0
34,,Bachelor degree,Private,Never married,Male,White,Yes,20000.0
50,45.0,High school,Private,Married,Male,White,Yes,55000.0
27,40.0,Bachelor degree,Private,Never married,Male,White,Yes,53000.0
48,40.0,Graduate degree,Self-employed (incorporated),Married,Female,White,Yes,85000.0
48,55.0,Bachelor degree,Private,Married,Male,White,Yes,471000.0
27,40.0,Some college,Federal government,Married,Male,White,Yes,72000.0
42,50.0,Some college,,Married,Male,Black,Yes,40000.0
28,55.0,Bachelor degree,Private,Never married,Female,Other or multiple,Yes,50000.0
32,40.0,No high school diploma,Private,Never married,Female,Other or multiple,No,19000.0
42,40.0,Graduate degree,Private,Married,Female,White,Yes,109000.0
51,45.0,Bachelor degree,Private,Married,Male,White,Yes,211000.0
55,40.0,High school,State government,Married,Male,White,Yes,30000.0
20,40.0,Some college,Private,Never married,Female,White,Yes,4000.0
40,40.0,No high school diploma,Private,Divorced,Female,White,Yes,680.0
63,40.0,Some college,Private non-profit,Divorced,Female,White,Yes,16000.0
55,40.0,Graduate degree,Federal government,Married,Female,Black,Yes,84000.0
57,40.0,Associate degree,State government,Married,Female,White,Yes,34000.0
28,60.0,Some college,Private,Married,Male,White,Yes,81000.0
45,40.0,,Private,Married,Female,White,No,64000.0
20,40.0,,Private,Never married,Female,Other or multiple,Yes,10000.0
41,40.0,Associate degree,,Never married,Male,White,No,70000.0
64,40.0,High school,Private,Divorced,Male,Black,Yes,36000.0
38,32.0,High school,Private,Divorced,Female,White,Yes,3000.0
54,60.0,Graduate degree,Local government,Married,Female,White,Yes,77000.0
27,,Bachelor degree,Private,Married,Female,Other or multiple,Yes,20000.0
63,20.0,High school,Private non-profit,Never married,Female,Black,Yes,19600.0
20,5.0,Some college,Private non-profit,Never married,Female,White,Yes,1000.0
57,40.0,High school,Private,Married,Male,Black,Yes,60000.0
48,40.0,Some college,Local government,Married,Female,White,No,54000.0
28,48.0,Some college,Private,Never married,Male,White,No,60000.0
55,45.0,Bachelor degree,Private,Married,Male,White,Yes,105100.0
40,30.0,Some college,Private,Never married,Female,Black,Yes,21000.0
57,40.0,Some college,Private,Married,Male,Black,Yes,46100.0
32,40.0,Bachelor degree,Private,Married,Female,White,Yes,37000.0
47,40.0,High school,Private,Married,Female,White,Yes,6000.0
25,40.0,Bachelor degree,Private,Married,Female,White,No,35000.0
34,42.0,Graduate degree,Local government,Married,Female,White,Yes,49000.0
29,55.0,Some college,Federal government,Never married,Male,White,No,21000.0
70,4.0,Some college,Self-employed (incorporated),Married,Female,Black,Yes,36800.0
33,45.0,Bachelor degree,Private,Married,Male,White,Yes,5000.0
26,36.0,No high school diploma,Private,Never married,Female,Other or multiple,No,18000.0
46,40.0,Bachelor degree,Private,Married,Male,Asian,No,115000.0
40,32.0,High school,Private,Never married,Female,White,Yes,13400.0
26,40.0,Some college,Private,Married,Male,White,Yes,42000.0
27,25.0,High school,Private,Never married,Male,White,Yes,2000.0
52,40.0,High school,Private,Never married,Male,Black,Yes,30000.0
65,48.0,Some college,Private,Married,Male,White,Yes,54600.0
47,45.0,High school,Self-employed,Married,Male,White,Yes,52000.0
27,40.0,Bachelor degree,Private non-profit,Married,Male,Black,No,30000.0
28,70.0,Bachelor degree,Private,Never married,Male,White,No,35000.0
37,,No high school diploma,Private,Married,Male,White,No,38000.0
46,84.0,Some college,Federal government,Married,Male,Black,Yes,60100.0
81,6.0,No high school diploma,Self-employed,Never married,Female,Black,Yes,9000.0
58,36.0,Some college,Private non-profit,Married,Male,White,Yes,40000.0
55,36.0,No high school diploma,Private,Separated,Female,White,Yes,7000.0
44,8.0,Bachelor degree,Private,Married,Female,White,Yes,7000.0
27,60.0,Bachelor degree,Private,Never married,Male,White,Yes,115000.0
38,40.0,Graduate degree,Federal government,Never married,Female,White,Yes,76000.0
20,10.0,Some college,Private,Never married,Male,White,Yes,2000.0
24,40.0,High school,Self-employed,Never married,Male,White,Yes,20000.0
63,40.0,Some college,Private,Married,Female,White,Yes,72000.0
45,,Bachelor degree,Private,Married,Male,Black,Yes,70000.0
30,45.0,Graduate degree,Private,Divorced,Female,White,No,80000.0
47,40.0,Graduate degree,State government,Married,Female,White,Yes,69000.0
57,45.0,Bachelor degree,Self-employed,Married,Female,Black,Yes,70000.0
61,40.0,Bachelor degree,Private,Never married,Female,White,Yes,146000.0
25,,High school,Private,Never married,Male,White,Yes,13000.0
35,50.0,Associate degree,Private,Never married,Male,Black,Yes,27200.0
24,1.0,Some college,Private,Never married,Female,Black,Yes,27000.0
32,40.0,High school,Private,Divorced,Female,White,Yes,54000.0
20,20.0,Some college,State government,Never married,Female,White,Yes,7600.0
18,31.0,High school,Private,Never married,Female,Black,Yes,300.0
31,40.0,Some college,Private,Married,Female,White,Yes,76500.0
64,40.0,Some college,Private,Married,Male,White,Yes,40000.0
27,40.0,Graduate degree,Local government,Married,Female,Asian,No,49000.0
21,30.0,Some college,Private,Never married,Male,Black,Yes,16500.0
62,40.0,Some college,,Widowed,Male,Black,Yes,85000.0
31,30.0,Some college,Private,Married,Female,White,Yes,49000.0
22,40.0,High school,Private,Married,Male,White,Yes,16000.0
34,,Some college,Private non-profit,Married,Female,White,Yes,35000.0
63,48.0,Some college,Private,Widowed,Female,Black,Yes,36000.0
33,40.0,High school,,Never married,Male,Black,Yes,46000.0
62,8.0,Some college,Private,Married,Male,Black,Yes,11200.0
30,50.0,Bachelor degree,Self-employed,Married,Female,White,No,15000.0
35,40.0,High school,Private,Never married,Male,Black,Yes,45000.0
51,40.0,High school,Private,Married,Male,White,Yes,50000.0
31,38.0,No high school diploma,Private,Never married,Female,Black,Yes,12000.0
68,16.0,Graduate degree,Private non-profit,Married,Female,Black,Yes,14000.0
59,30.0,Some college,Private,Divorced,Female,White,No,7800.0
38,45.0,High school,Private,Married,Female,Other or multiple,No,30000.0
30,50.0,Bachelor degree,,Never married,Male,White,Yes,63800.0
44,50.0,Bachelor degree,Local government,Married,Female,White,Yes,42000.0
66,60.0,High school,Private,Married,Male,Other or multiple,No,40000.0
19,26.0,High school,Private,Never married,Male,Black,Yes,2100.0
32,40.0,High school,Private,Married,Female,Black,Yes,24000.0
55,8.0,Some college,Private,Married,Female,Black,Yes,4600.0
31,45.0,Some college,Private,Never married,Male,Black,Yes,50000.0
32,50.0,No high school diploma,Self-employed (incorporated),Married,Male,White,No,83000.0
52,50.0,Bachelor degree,Private non-profit,Separated,Female,Black,Yes,40000.0
33,40.0,Some college,Private,Never married,Male,Black,Yes,50000.0
50,24.0,Associate degree,Private,Never married,Male,White,Yes,70000.0
51,20.0,Bachelor degree,Self-employed,Married,Female,White,Yes,20000.0
30,40.0,Some college,Private,Separated,Female,White,Yes,48500.0
46,75.0,Graduate degree,State government,Never married,Female,Black,Yes,70000.0
24,40.0,Bachelor degree,Private,Never married,Male,White,Yes,101030.0
57,40.0,Bachelor degree,Private non-profit,Married,Female,White,Yes,47600.0
33,40.0,Associate degree,Private,Divorced,Male,White,Yes,50000.0
44,40.0,Some college,Private,Married,Female,White,Yes,27000.0
38,25.0,Associate degree,Private,Married,Female,White,No,10400.0
23,50.0,Some college,Federal government,Never married,Female,White,Yes,24000.0
51,40.0,Graduate degree,Private,Married,Male,White,Yes,65000.0
28,45.0,Bachelor degree,Private,Married,Female,Black,Yes,45000.0
60,40.0,No high school diploma,Private,Married,Male,Black,No,14400.0
34,40.0,No high school diploma,Private,Married,Male,White,No,45000.0
62,20.0,Bachelor degree,Self-employed (incorporated),Married,Male,Black,No,60000.0
57,40.0,Some college,Private,Married,Female,White,Yes,62000.0
25,40.0,High school,Private,Married,Female,White,Yes,57000.0
19,40.0,High school,Private,Never married,Female,Black,Yes,20000.0
48,40.0,Bachelor degree,Private,Married,Female,Black,Yes,48000.0
67,40.0,Some college,Private,Divorced,Male,Black,Yes,64700.0
28,40.0,High school,Local government,Never married,Male,White,Yes,23000.0
23,20.0,Bachelor degree,State government,Never married,Male,White,Yes,22500.0
49,5.0,Some college,Private,Married,Female,White,Yes,5000.0
53,45.0,Some college,Private,Never married,Male,White,Yes,85000.0
34,20.0,,Private,Never married,Female,White,Yes,21000.0
29,35.0,Some college,Private,Never married,Male,White,Yes,10000.0
26,45.0,Graduate degree,Private,Never married,Female,Black,Yes,70000.0
17,35.0,No high school diploma,Private,Never married,Female,White,Yes,12000.0
49,40.0,Bachelor degree,Unpaid family work,Married,Male,White,Yes,6200.0
67,40.0,High school,Private,Married,Male,Black,Yes,38200.0
40,45.0,Bachelor degree,Private,Never married,Female,White,Yes,61000.0
56,35.0,Some college,Private,Married,Female,White,Yes,18000.0
48,42.0,Bachelor degree,Private,Married,Male,White,Yes,111000.0
54,40.0,Some college,Private,Married,Female,White,Yes,21000.0
20,40.0,High school,Private,Never married,Male,White,No,13000.0
60,40.0,Some college,Private,Divorced,Female,White,Yes,37000.0
67,18.0,Some college,Self-employed,Married,Male,White,Yes,152520.0
34,50.0,Bachelor degree,Private,Married,Male,White,Yes,125000.0
69,40.0,High school,State government,Married,Female,White,Yes,16000.0
27,40.0,Bachelor degree,Federal government,Married,Female,White,Yes,22000.0
60,4.0,Graduate degree,Private,Married,Female,White,Yes,21200.0
30,45.0,High school,Private,Never married,Male,Other or multiple,Yes,69000.0
72,20.0,Associate degree,Self-employed (incorporated),Divorced,Female,Black,Yes,9200.0
47,38.0,High school,Private,Married,Male,White,Yes,25700.0
59,30.0,Bachelor degree,Private non-profit,Divorced,Male,Asian,No,24000.0
54,40.0,Graduate degree,Private non-profit,Married,Female,White,Yes,97000.0
58,40.0,No high school diploma,Private,Married,Female,Asian,No,23000.0
35,39.0,Some college,Private,Married,Female,White,Yes,26000.0
62,40.0,Some college,Private,Married,Female,White,Yes,40000.0
33,40.0,Bachelor degree,Private,Married,Female,Other or multiple,No,30000.0
63,45.0,Graduate degree,State government,Married,Male,White,Yes,140000.0
20,18.0,Some college,Private,Never married,Female,White,Yes,12000.0
45,40.0,Bachelor degree,Private,Divorced,Female,White,No,70000.0
20,15.0,High school,Private non-profit,Never married,Male,White,Yes,8650.0
53,40.0,Some college,Private non-profit,Divorced,Female,White,Yes,78000.0
34,40.0,Some college,,Married,Male,White,Yes,62000.0
31,50.0,High school,Private,Never married,Female,White,Yes,20000.0
45,40.0,Graduate degree,State government,Divorced,Female,White,Yes,54000.0
55,40.0,No high school diploma,Local government,Married,Male,White,Yes,30000.0
47,40.0,Graduate degree,Private,Widowed,Female,White,Yes,48700.0
35,55.0,Bachelor degree,Private,Never married,Male,Black,Yes,90000.0
59,36.0,Bachelor degree,Private,Married,Female,White,Yes,26100.0
29,50.0,Graduate degree,Local government,Married,Female,White,Yes,40400.0
44,40.0,Bachelor degree,Private,Divorced,Male,White,Yes,138030.0
34,45.0,,Private,Married,Female,White,Yes,65000.0
23,,No high school diploma,Self-employed (incorporated),Divorced,Male,White,Yes,5000.0
62,40.0,No high school diploma,Private,Never married,Male,White,Yes,45000.0
68,,Graduate degree,Local government,Widowed,Male,White,Yes,61000.0
44,50.0,Some college,Private,Married,Male,White,Yes,60000.0
55,43.0,No high school diploma,Private,Widowed,Male,White,Yes,48000.0
60,40.0,No high school diploma,Private,Widowed,Female,White,No,32000.0
54,40.0,Graduate degree,Private,Divorced,Male,White,Yes,170860.0
36,58.0,No high school diploma,Private,Never married,Male,Other or multiple,No,59000.0
65,20.0,High school,,Married,Male,White,Yes,22200.0
62,65.0,Bachelor degree,Private non-profit,Married,Male,White,Yes,80000.0
61,45.0,,State government,Never married,Male,White,Yes,60100.0
37,55.0,Bachelor degree,Private,Married,Male,White,Yes,130000.0
52,40.0,High school,Private,Married,Female,White,Yes,20000.0
62,24.0,,Private non-profit,Married,Female,White,Yes,71900.0
50,40.0,Associate degree,,Never married,Female,Black,Yes,13000.0
67,7.0,Bachelor degree,Private non-profit,Married,Female,White,Yes,20400.0
39,20.0,Graduate degree,Self-employed,Married,Female,White,Yes,45000.0
69,20.0,Some college,Local government,Married,Male,Black,Yes,15600.0
38,,,Private,Divorced,Male,White,Yes,38000.0
69,30.0,Bachelor degree,Private,Married,Female,White,Yes,89000.0
40,,Some college,Private,Never married,Male,White,Yes,6000.0
59,40.0,High school,Self-employed (incorporated),Married,Male,Black,Yes,20000.0
34,40.0,Bachelor degree,Private,Divorced,Male,White,Yes,49000.0
18,10.0,No high school diploma,,Never married,Male,Other or multiple,Yes,3000.0
53,84.0,No high school diploma,Private,Divorced,Male,White,Yes,46000.0
64,45.0,Bachelor degree,Private,Married,Male,White,Yes,40000.0
43,40.0,Bachelor degree,Private,Married,Male,White,Yes,102000.0
39,50.0,High school,Private,Never married,Male,White,Yes,20000.0
30,40.0,Bachelor degree,,Never married,Female,Black,Yes,70000.0
31,50.0,,Private,Separated,Female,Other or multiple,No,20000.0
45,40.0,High school,Private,Divorced,Female,Black,Yes,17200.0
33,40.0,Some college,Private,Separated,Female,White,Yes,12000.0
37,40.0,Some college,Private,Married,Male,Other or multiple,Yes,80000.0
49,40.0,Associate degree,Private,Married,Male,White,Yes,35000.0
30,,High school,Local government,Married,Male,Black,Yes,38000.0
47,40.0,Some college,Federal government,Divorced,Female,Black,Yes,92600.0
21,45.0,Some college,Federal government,Never married,Female,Black,Yes,24900.0
44,40.0,Bachelor degree,Private,Divorced,Male,White,Yes,8000.0
63,40.0,,Private,Divorced,Female,White,Yes,50000.0
24,40.0,Bachelor degree,Private,Married,Female,White,Yes,12000.0
48,60.0,Associate degree,Private,Married,Male,White,Yes,278000.0
29,40.0,Bachelor degree,Local government,Married,Female,White,Yes,39000.0
67,40.0,Some college,Private,Married,Male,Black,Yes,20200.0
47,40.0,Graduate degree,Private non-profit,Married,Female,White,Yes,48000.0
50,40.0,Associate degree,Private,Married,Female,Black,Yes,26000.0
34,40.0,,Private,Married,Male,White,Yes,52000.0
34,40.0,Some college,Private,Never married,Male,Black,Yes,11000.0
58,40.0,High school,Private,Married,Male,Black,Yes,15000.0
48,42.0,Bachelor degree,Private non-profit,Married,Male,White,Yes,90000.0
48,5.0,High school,Self-employed,Married,Female,White,Yes,6300.0
27,40.0,Some college,Private,Never married,Female,Other or multiple,Yes,10000.0
63,15.0,Bachelor degree,Private,Never married,Male,White,Yes,16000.0
52,40.0,No high school diploma,Private,Separated,Male,White,No,15000.0
54,50.0,Graduate degree,State government,Married,Female,Black,Yes,102000.0
74,10.0,Associate degree,Local government,Married,Male,White,Yes,26000.0
29,40.0,Graduate degree,Private,Never married,Male,White,Yes,21000.0
37,,Graduate degree,Local government,Married,Female,White,Yes,70000.0
66,96.0,Some college,Private,Married,Female,White,Yes,100500.0
44,24.0,Associate degree,Federal government,Never married,Male,White,Yes,28000.0
50,40.0,Graduate degree,State government,Married,Female,White,Yes,70000.0
36,55.0,Bachelor degree,Self-employed (incorporated),Never married,Female,Other or multiple,Yes,55000.0
38,45.0,Graduate degree,Federal government,Never married,Female,White,Yes,112100.0
26,50.0,High school,Private,Married,Female,Black,Yes,10300.0
27,40.0,Some college,Local government,Married,Male,White,Yes,42000.0
43,40.0,Bachelor degree,Private,Married,Female,Other or multiple,No,29000.0
59,40.0,Associate degree,Private,Divorced,Male,Black,Yes,36000.0
45,,Some college,Private,Divorced,Female,White,Yes,90000.0
59,30.0,No high school diploma,Private,Married,Female,White,Yes,20000.0
40,40.0,Bachelor degree,Local government,Married,Female,White,Yes,65000.0
49,70.0,Bachelor degree,Private,Married,Male,White,Yes,55000.0
24,40.0,Graduate degree,Private,Never married,Female,White,Yes,70000.0
52,40.0,Graduate degree,Local government,Married,Male,White,Yes,71000.0
35,40.0,No high school diploma,Private,Married,Female,Asian,No,30000.0
33,40.0,Bachelor degree,Private,Married,Female,White,Yes,59000.0
33,30.0,Some college,Private,Married,Female,Black,Yes,11000.0
54,40.0,Associate degree,Local government,Widowed,Female,White,Yes,22000.0
21,32.0,Some college,Private,Never married,Male,White,No,7000.0
50,60.0,High school,,Married,Male,White,Yes,80000.0
58,60.0,Bachelor degree,Private,Married,Male,White,Yes,125000.0
45,40.0,Graduate degree,Local government,Married,Female,White,Yes,65000.0
55,25.0,Some college,Private,Never married,Female,White,Yes,3300.0
55,40.0,Graduate degree,Self-employed,Married,Male,White,No,85000.0
27,40.0,Bachelor degree,Federal government,Married,Male,Black,Yes,80000.0
60,40.0,No high school diploma,Federal government,Never married,Female,Black,Yes,26300.0
51,20.0,Some college,Local government,Never married,Female,White,Yes,9800.0
34,35.0,High school,Private,Never married,Male,White,Yes,100000.0
54,40.0,No high school diploma,Private non-profit,Married,Male,Other or multiple,No,35000.0
31,40.0,Bachelor degree,Private,Married,Female,White,Yes,13000.0
40,45.0,High school,Private,Married,Female,White,Yes,36000.0
61,40.0,Graduate degree,Private non-profit,Married,Male,White,Yes,46000.0
34,36.0,Bachelor degree,Self-employed (incorporated),Married,Male,White,Yes,25000.0
60,40.0,Graduate degree,Private,Never married,Female,White,No,20000.0
29,40.0,High school,Private,Never married,Male,White,Yes,13000.0
22,2.0,Some college,Self-employed,Never married,Female,White,Yes,300.0
29,45.0,Bachelor degree,Private,Never married,Male,Other or multiple,No,100000.0
51,40.0,Bachelor degree,Private,Never married,Male,White,Yes,91000.0
38,25.0,Graduate degree,Self-employed,Married,Female,White,Yes,70000.0
70,18.0,Some college,Private,Married,Female,White,Yes,15900.0
57,40.0,High school,Private,Divorced,Female,White,Yes,40000.0
39,40.0,Associate degree,Private,Married,Female,White,Yes,58000.0
55,40.0,Graduate degree,Private non-profit,Married,Female,Asian,No,120150.0
19,20.0,Bachelor degree,State government,Never married,Female,Black,Yes,1500.0
24,,Bachelor degree,State government,Never married,Male,Asian,Yes,27000.0
50,4.0,Graduate degree,Self-employed,Married,Female,White,Yes,10000.0
45,50.0,Some college,Local government,Married,Female,White,Yes,36000.0
28,40.0,No high school diploma,Private,Married,Male,White,Yes,32000.0
36,40.0,Some college,State government,Married,Male,White,Yes,16000.0
42,40.0,No high school diploma,Private,Divorced,Male,White,Yes,38000.0
55,40.0,High school,Private,Married,Female,White,Yes,45800.0
32,40.0,Graduate degree,,Married,Male,White,Yes,40000.0
40,48.0,Some college,Private,Married,Male,White,Yes,44000.0
48,70.0,Bachelor degree,Self-employed,Never married,Male,White,Yes,22000.0
24,38.0,Associate degree,Private,Never married,Female,White,Yes,12000.0
47,40.0,Bachelor degree,Private,Married,Female,White,Yes,154000.0
67,48.0,Some college,Private,Married,Male,Asian,No,48000.0
43,40.0,Associate degree,Private,Never married,Female,Black,Yes,40000.0
63,25.0,Bachelor degree,Private non-profit,Married,Female,White,Yes,19500.0
49,40.0,No high school diploma,Private,Married,Female,White,No,26000.0
40,40.0,Associate degree,Private,Divorced,Female,White,Yes,7570.0
45,40.0,Graduate degree,Private,Never married,Female,Black,Yes,25000.0
22,20.0,Bachelor degree,Private non-profit,Never married,Female,White,Yes,10000.0
46,50.0,Graduate degree,Local government,Married,Female,Black,Yes,38000.0
48,50.0,Graduate degree,State government,Separated,Female,Black,Yes,32000.0
26,60.0,Bachelor degree,Federal government,Married,Male,White,Yes,38000.0
18,40.0,High school,Local government,Never married,Male,White,No,30000.0
23,36.0,High school,Private,Never married,Female,White,Yes,18400.0
23,40.0,High school,Private,Never married,Male,Black,Yes,30000.0
51,36.0,High school,Private,Married,Female,White,Yes,9000.0
48,40.0,,Private,Divorced,Male,Black,Yes,60000.0
37,40.0,Bachelor degree,Private non-profit,Never married,Female,Black,Yes,37000.0
48,,Graduate degree,Local government,Married,Female,White,Yes,58000.0
53,36.0,Associate degree,Private,Divorced,Female,White,Yes,64000.0
40,40.0,High school,Self-employed,Married,Male,Black,Yes,8000.0
59,48.0,High school,Private,Married,Female,White,Yes,20000.0
40,55.0,Some college,Self-employed,Married,Male,Other or multiple,No,35000.0
20,45.0,High school,Private,Married,Male,White,Yes,31000.0
50,40.0,Bachelor degree,Private non-profit,Divorced,Female,White,No,71000.0
39,38.0,High school,Private,Married,Female,White,Yes,37010.0
46,,No high school diploma,Private,Married,Male,Black,Yes,15000.0
53,40.0,Bachelor degree,State government,Married,Female,White,No,40000.0
43,40.0,Graduate degree,State government,Married,Female,White,Yes,52750.0
56,48.0,Graduate degree,Private,Married,Male,White,Yes,170000.0
51,36.0,Graduate degree,,Never married,Female,Black,Yes,90000.0
31,40.0,Bachelor degree,Private,Married,Female,Other or multiple,Yes,50000.0
22,10.0,Bachelor degree,Private,Never married,Female,White,Yes,3000.0
39,20.0,Some college,Private,Married,Female,White,Yes,11000.0
51,50.0,Graduate degree,,Married,Female,White,Yes,78000.0
53,50.0,Bachelor degree,Private,Married,Male,White,Yes,200000.0
59,35.0,Some college,Private,Divorced,Female,White,Yes,13400.0
68,25.0,Some college,Self-employed (incorporated),Married,Male,Black,Yes,42400.0
50,20.0,Bachelor degree,Self-employed (incorporated),Married,Male,White,No,6500.0
56,40.0,Bachelor degree,Private,Divorced,Female,White,Yes,135000.0
47,40.0,High school,Local government,Married,Male,White,Yes,100000.0
28,75.0,Bachelor degree,Self-employed (incorporated),Never married,Male,Black,Yes,63000.0
42,,Associate degree,Private,Married,Female,White,Yes,55000.0
66,40.0,Some college,Private non-profit,Married,Female,White,Yes,39400.0
30,60.0,Graduate degree,Private,Never married,Female,White,Yes,50000.0
23,40.0,Some college,Private,Never married,Female,White,No,25000.0
28,40.0,Bachelor degree,Private,Never married,Female,White,Yes,25000.0
62,38.0,High school,Private,Never married,Male,Black,Yes,50200.0
49,40.0,Graduate degree,Private,Never married,Male,White,Yes,42000.0
43,35.0,,Private,Married,Female,White,Yes,17000.0
37,30.0,Some college,Private,Married,Female,White,Yes,25000.0
68,44.0,High school,Private,Married,Male,White,Yes,74200.0
34,50.0,Some college,,Never married,Male,Black,Yes,37000.0
54,40.0,Some college,Private,Married,Male,White,Yes,34300.0
61,10.0,Graduate degree,Private,Married,Female,White,Yes,22400.0
37,40.0,Some college,Private,Separated,Male,Black,Yes,24000.0
72,50.0,Bachelor degree,Private,Married,Male,Black,Yes,96800.0
40,40.0,Graduate degree,Local government,Married,Female,White,Yes,7000.0
39,40.0,Bachelor degree,Private,Married,Male,White,Yes,72000.0
62,52.0,Bachelor degree,State government,Divorced,Female,Black,Yes,13720.0
58,,High school,Private,Divorced,Male,Black,Yes,10500.0
24,40.0,Bachelor degree,Private,Never married,Male,White,Yes,10000.0
54,40.0,Some college,Private,Married,Male,White,Yes,24000.0
42,40.0,Graduate degree,Private,Never married,Female,Black,Yes,48000.0
45,50.0,High school,Private,Never married,Male,Black,Yes,50000.0
51,50.0,Graduate degree,Self-employed (incorporated),Married,Female,White,No,19000.0
35,5.0,No high school diploma,Private,Married,Female,White,Yes,1700.0
46,12.0,No high school diploma,Self-employed,Married,Female,Other or multiple,Yes,3000.0
58,34.0,Associate degree,Private,Married,Female,White,Yes,50400.0
31,30.0,Some college,Private,Married,Male,Asian,Yes,24000.0
50,50.0,High school,Private,Divorced,Male,Black,Yes,30000.0
39,18.0,Associate degree,Private non-profit,Married,Female,White,Yes,8500.0
40,40.0,Some college,Private,Married,Female,White,Yes,50000.0
51,36.0,,Private,Divorced,Female,White,Yes,20000.0
54,40.0,Bachelor degree,Federal government,Never married,Female,Black,Yes,151000.0
60,30.0,Some college,Private non-profit,Married,Female,Black,No,42000.0
39,35.0,Associate degree,Local government,Married,Female,White,Yes,26000.0
43,40.0,Graduate degree,Private,Married,Male,Asian,Yes,160010.0
54,60.0,Graduate degree,Private,Married,Male,White,Yes,134000.0
67,40.0,High school,Self-employed,Married,Male,Black,Yes,50400.0
61,48.0,Some college,Private non-profit,Never married,Female,White,Yes,87000.0
19,10.0,Some college,,Never married,Female,White,Yes,4000.0
63,50.0,Graduate degree,Private,Married,Male,White,Yes,170000.0
31,50.0,Some college,Self-employed (incorporated),Never married,Female,White,Yes,46800.0
70,60.0,Bachelor degree,Private,Married,Male,White,Yes,83900.0
28,40.0,High school,Private,Never married,Male,White,Yes,18700.0
36,60.0,Graduate degree,Federal government,Married,Female,Other or multiple,No,146000.0
73,20.0,Graduate degree,Self-employed (incorporated),Married,Female,White,Yes,22000.0
36,40.0,High school,Private,Married,Male,White,Yes,30000.0
21,40.0,Some college,Private,Never married,Female,Black,Yes,11600.0
46,40.0,High school,Private,Married,Male,White,Yes,7000.0
36,44.0,Bachelor degree,Private,Married,Male,White,Yes,54000.0
56,50.0,Graduate degree,Self-employed,Divorced,Male,White,No,20000.0
28,43.0,Bachelor degree,Private,Married,Female,White,Yes,40000.0
25,40.0,High school,Private,Never married,Male,Black,Yes,21500.0
55,40.0,High school,Private,Married,Male,White,Yes,36440.0
59,45.0,Some college,Private,Divorced,Female,White,Yes,65000.0
37,40.0,No high school diploma,Private,Never married,Male,White,No,24000.0
58,45.0,Some college,Private,Married,Female,White,Yes,96000.0
44,40.0,High school,Self-employed,Married,Female,Other or multiple,Yes,8200.0
35,40.0,Graduate degree,,Married,Male,Asian,No,140000.0
58,5.0,No high school diploma,Private,Never married,Male,Black,Yes,1200.0
36,40.0,,Local government,Married,Female,White,Yes,37000.0
49,36.0,High school,Private,Never married,Female,Black,Yes,18000.0
24,40.0,Some college,Private,Never married,Male,White,Yes,17500.0
39,40.0,Some college,Federal government,Married,Female,White,Yes,34000.0
60,40.0,Graduate degree,Private non-profit,Married,Female,Black,Yes,142000.0
66,34.0,Some college,Private,Widowed,Male,White,Yes,42000.0
55,40.0,High school,Private,Never married,Male,Black,Yes,34900.0
42,20.0,Some college,Self-employed (incorporated),Married,Female,White,Yes,40000.0
46,10.0,Bachelor degree,Self-employed,Married,Female,White,No,6900.0
29,35.0,High school,Private,Never married,Male,White,Yes,43800.0
19,25.0,High school,Private,Never married,Male,Other or multiple,Yes,10300.0
25,44.0,Bachelor degree,Local government,Never married,Female,White,Yes,53000.0
44,45.0,Bachelor degree,Private,Married,Male,Asian,No,175400.0
52,40.0,High school,Federal government,Divorced,Female,White,Yes,41000.0
32,40.0,High school,Private,Never married,Male,Other or multiple,No,28000.0
28,40.0,Associate degree,Private,Never married,Male,Other or multiple,Yes,50000.0
45,40.0,Graduate degree,Local government,Married,Male,Black,Yes,50000.0
59,45.0,Some college,Private,Married,Male,White,Yes,105000.0
27,40.0,Graduate degree,Private,Married,Male,White,Yes,73000.0
20,30.0,High school,Private,Never married,Female,Black,Yes,1200.0
53,40.0,High school,Private,Married,Female,White,Yes,1200.0
38,27.0,Graduate degree,,Married,Female,White,Yes,120000.0
41,,High school,Private,Married,Male,White,No,19600.0
31,40.0,No high school diploma,Private,Never married,Female,Other or multiple,No,19000.0
43,40.0,Associate degree,Private,Married,Male,Black,No,50000.0
64,15.0,Some college,Private,Married,Male,White,Yes,7500.0
18,40.0,No high school diploma,Private,Never married,Male,Asian,Yes,23000.0
45,15.0,Associate degree,Self-employed,Married,Male,White,No,45000.0
55,40.0,Graduate degree,Self-employed (incorporated),Married,Male,White,Yes,100000.0
67,30.0,Bachelor degree,Self-employed (incorporated),Married,Male,White,Yes,40000.0
21,40.0,High school,Local government,Never married,Female,Black,Yes,25000.0
33,40.0,Graduate degree,Private,Married,Male,White,Yes,117000.0
56,40.0,Some college,Local government,Widowed,Male,White,Yes,46100.0
22,40.0,Some college,Private,Never married,Female,White,Yes,25000.0
48,40.0,Some college,Private non-profit,Married,Female,White,Yes,25600.0
34,50.0,Graduate degree,Private non-profit,Married,Male,White,Yes,40000.0
24,35.0,Bachelor degree,Private,Never married,Male,White,Yes,18000.0
28,,,Federal government,Married,Male,White,Yes,78000.0
48,45.0,Graduate degree,Self-employed (incorporated),Married,Male,White,Yes,1096000.0
31,50.0,Associate degree,Private,Married,Male,White,Yes,38000.0
61,50.0,High school,Private,Divorced,Male,White,Yes,150000.0
26,40.0,Graduate degree,Local government,Never married,Male,White,Yes,36400.0
21,36.0,No high school diploma,Private,Never married,Male,Black,Yes,1200.0
28,39.0,Some college,Private,Never married,Male,Black,Yes,19500.0
28,,Some college,Private,Married,Male,White,No,24000.0
61,,Associate degree,Private,Never married,Female,Black,Yes,50000.0
27,30.0,High school,Private,Separated,Female,Black,Yes,7200.0
47,40.0,Associate degree,Local government,Married,Female,White,Yes,39000.0
55,,Some college,Private,Divorced,Female,White,Yes,27000.0
43,24.0,Graduate degree,Self-employed (incorporated),Married,Female,Asian,No,18000.0
18,40.0,Some college,Private,Never married,Female,White,Yes,2000.0
24,40.0,High school,Private,Never married,Male,White,Yes,3800.0
62,60.0,Graduate degree,State government,Married,Male,White,Yes,64000.0
26,40.0,High school,Private,Never married,Female,White,Yes,18000.0
33,40.0,Graduate degree,State government,Married,Female,White,Yes,103000.0
24,15.0,Some college,Private non-profit,Never married,Female,Black,No,1000.0
32,40.0,Bachelor degree,Private,Married,Female,White,Yes,50000.0
32,50.0,No high school diploma,Private,Never married,Male,Black,No,30000.0
28,40.0,High school,Private,Never married,Male,Black,Yes,55000.0
23,,Some college,Private,Married,Male,White,Yes,36400.0
20,10.0,Some college,Private,Never married,Female,Black,Yes,3500.0
37,40.0,High school,,Never married,Male,White,Yes,27000.0
36,50.0,Bachelor degree,Private,Married,Female,Black,Yes,70000.0
39,40.0,Bachelor degree,Private,Married,Female,White,Yes,100000.0
26,,,,Never married,Male,White,Yes,7500.0
59,40.0,High school,Private,Never married,Female,Black,Yes,17000.0
58,,No high school diploma,Self-employed (incorporated),Married,Male,White,Yes,31200.0
18,13.0,Some college,Private,Never married,Male,White,Yes,2000.0
27,,,Federal government,Never married,Male,White,Yes,38000.0
27,40.0,Some college,Private,Never married,Male,White,Yes,20000.0
63,40.0,Bachelor degree,Self-employed (incorporated),Married,Male,White,Yes,173000.0
23,40.0,Bachelor degree,Private non-profit,Never married,Male,White,Yes,30000.0
52,45.0,Bachelor degree,Private,Married,Female,White,No,120000.0
59,40.0,Some college,Private non-profit,Never married,Male,White,Yes,13700.0
60,50.0,Bachelor degree,Self-employed,Married,Female,White,Yes,311000.0
58,40.0,High school,,Divorced,Male,White,Yes,30000.0
74,24.0,Some college,Private,Married,Male,White,Yes,32100.0
30,60.0,,Federal government,Separated,Female,White,Yes,25000.0
29,40.0,Some college,Private,Married,Female,White,Yes,20000.0
47,40.0,Graduate degree,,Divorced,Male,Black,Yes,50000.0
48,40.0,Associate degree,Private,Never married,Male,White,Yes,25000.0
55,40.0,Some college,State government,Married,Female,Black,No,35000.0
52,50.0,Bachelor degree,Private,Married,Male,White,Yes,150010.0
29,40.0,Bachelor degree,Local government,Never married,Male,Black,Yes,24000.0
50,70.0,,Self-employed,Married,Female,White,Yes,34000.0
70,5.0,High school,Self-employed,Widowed,Male,White,Yes,22500.0
35,55.0,Associate degree,Private non-profit,Never married,Male,White,Yes,70000.0
31,40.0,No high school diploma,Private,Never married,Male,Black,Yes,16000.0
46,40.0,Graduate degree,Private,Married,Female,White,Yes,5400.0
28,40.0,High school,Private,Never married,Female,Black,Yes,36000.0
34,40.0,Some college,Private,Never married,Male,White,Yes,5000.0
20,37.0,High school,Private,Never married,Male,Black,Yes,9000.0
64,40.0,Some college,Local government,Divorced,Female,White,Yes,42500.0
42,24.0,High school,Local government,Never married,Male,White,Yes,18400.0
61,55.0,Graduate degree,Private,Married,Male,White,Yes,95000.0
55,40.0,Bachelor degree,Private,Married,Male,White,Yes,66300.0
30,50.0,High school,Private,Married,Male,White,Yes,130000.0
42,10.0,Some college,Self-employed (incorporated),Married,Female,White,No,24000.0
59,40.0,Graduate degree,Federal government,Married,Female,Black,Yes,125000.0
40,40.0,High school,Local government,Never married,Female,Black,Yes,900.0
35,55.0,Bachelor degree,Private,Married,Male,Black,No,19500.0
48,,Graduate degree,Private,Separated,Female,White,Yes,109000.0
24,50.0,High school,Private,Never married,Male,Black,Yes,32000.0
58,50.0,High school,Self-employed (incorporated),Married,Male,White,Yes,50000.0
43,50.0,Graduate degree,Private,Never married,Male,White,Yes,170000.0
39,40.0,High school,Private,Married,Male,Black,Yes,65000.0
46,50.0,Some college,Private,Married,Male,White,Yes,65000.0
61,40.0,Bachelor degree,State government,Married,Male,White,Yes,35000.0
51,40.0,Associate degree,Private,Married,Male,White,No,35400.0
50,40.0,Associate degree,Private,Divorced,Female,White,Yes,40000.0
54,40.0,Some college,Self-employed (incorporated),Married,Male,White,Yes,27000.0
39,55.0,Graduate degree,Private,Married,Male,White,No,140000.0
32,40.0,High school,Private,Married,Male,White,Yes,28000.0
62,40.0,High school,Private,Divorced,Female,White,Yes,72000.0
48,50.0,Bachelor degree,State government,Divorced,Female,White,Yes,50000.0
50,60.0,Some college,Private,Married,Male,White,Yes,100000.0
40,,Some college,Private,Married,Male,White,Yes,70000.0
31,40.0,Associate degree,Private,Never married,Male,White,Yes,36000.0
39,45.0,Graduate degree,Private,Married,Female,Asian,No,80500.0
31,32.0,Associate degree,Private non-profit,Married,Female,White,Yes,10000.0
47,50.0,Bachelor degree,Private,Never married,Male,Black,Yes,55000.0
19,20.0,No high school diploma,Private,Never married,Male,White,Yes,5000.0
17,16.0,No high school diploma,Private,Never married,Female,Black,Yes,130.0
22,40.0,Some college,Federal government,Never married,Male,White,Yes,28000.0
57,45.0,Bachelor degree,Private,Married,Male,White,Yes,85000.0
18,30.0,High school,Private,Never married,Male,Black,Yes,900.0
69,60.0,Graduate degree,Private,Widowed,Male,White,Yes,36000.0
26,,Some college,Private,Never married,Male,Black,Yes,14000.0
59,40.0,Graduate degree,State government,Married,Female,White,Yes,62000.0
28,40.0,Some college,Private non-profit,Never married,Male,White,Yes,32000.0
28,30.0,Bachelor degree,Private,Never married,Female,White,Yes,24500.0
39,40.0,High school,Private,Married,Male,Black,Yes,45000.0
51,40.0,Graduate degree,State government,Never married,Female,White,Yes,73000.0
58,40.0,High school,Private,Widowed,Female,Black,Yes,16000.0
32,40.0,,Private non-profit,Married,Female,Asian,No,25000.0
22,50.0,High school,Private,Separated,Male,Black,Yes,27200.0
42,40.0,No high school diploma,Private,Married,Male,White,Yes,25000.0
44,30.0,Bachelor degree,Private,Married,Female,Other or multiple,Yes,50000.0
52,40.0,No high school diploma,Private,Divorced,Male,White,Yes,42000.0
60,40.0,No high school diploma,Private,Married,Male,Black,No,20000.0
63,40.0,High school,Private,Married,Male,White,Yes,31500.0
32,40.0,Graduate degree,Private non-profit,Married,Female,White,Yes,40100.0
32,40.0,No high school diploma,Private,Never married,Male,White,Yes,22000.0
43,,Associate degree,Private,Married,Male,White,Yes,70000.0
58,40.0,Some college,Private,Married,Male,White,Yes,90000.0
46,40.0,Associate degree,Private non-profit,Divorced,Male,Black,Yes,93000.0
63,,No high school diploma,,Married,Male,White,Yes,25000.0
36,40.0,Graduate degree,Private,Separated,Male,Asian,No,88700.0
42,40.0,No high school diploma,Private,Divorced,Male,White,No,26000.0
59,40.0,Some college,Private,Married,Female,White,Yes,49500.0
18,20.0,Some college,Private,Never married,Female,White,Yes,5500.0
37,24.0,Bachelor degree,Private,Married,Female,White,Yes,8000.0
39,40.0,Bachelor degree,State government,Married,Female,White,Yes,38000.0
29,50.0,Bachelor degree,Private,Never married,Female,White,Yes,64000.0
55,40.0,High school,Private,Married,Female,White,Yes,35000.0
18,10.0,No high school diploma,Private,Never married,Male,White,Yes,5000.0
69,20.0,Graduate degree,Private,Divorced,Female,Black,Yes,81000.0
37,40.0,Graduate degree,Private,Married,Female,Black,No,93000.0
47,40.0,No high school diploma,Private,Married,Male,Other or multiple,No,22300.0
65,40.0,Bachelor degree,Private,Married,Female,White,Yes,76500.0
31,60.0,High school,Private,Married,Male,Black,Yes,51400.0
48,20.0,Graduate degree,Private,Married,Female,White,Yes,13000.0
68,30.0,Bachelor degree,Private,Married,Male,White,Yes,52000.0
56,,Bachelor degree,Federal government,Married,Female,White,Yes,35000.0
51,40.0,High school,Private,Married,Female,Asian,No,52000.0
18,50.0,No high school diploma,Private,Never married,Female,Black,Yes,1600.0
66,40.0,No high school diploma,Private,Widowed,Male,White,Yes,53900.0
32,40.0,High school,Private,Never married,Male,Black,Yes,10000.0
49,40.0,Bachelor degree,,Widowed,Female,Black,Yes,48000.0
45,45.0,Graduate degree,Private,Married,Female,White,Yes,130000.0
43,34.0,High school,Private,Never married,Male,Black,Yes,24000.0
57,55.0,High school,Private,Married,Male,White,Yes,60000.0
30,40.0,Bachelor degree,Private,Never married,Female,White,Yes,32000.0
51,60.0,High school,Private,Married,Female,White,Yes,78000.0
44,15.0,Some college,Self-employed,Married,Female,White,Yes,19000.0
42,40.0,Graduate degree,Private,Married,Male,Asian,No,168000.0
28,40.0,Bachelor degree,Private,Married,Female,Other or multiple,No,28000.0
36,40.0,Some college,Private,Never married,Male,Black,Yes,80000.0
24,40.0,High school,Private,Married,Female,White,Yes,15000.0
26,,High school,Private,Never married,Male,Black,Yes,3500.0
51,50.0,Bachelor degree,,Married,Male,White,Yes,81000.0
24,29.0,Bachelor degree,State government,Never married,Male,White,Yes,24200.0
59,56.0,High school,Federal government,Divorced,Male,White,Yes,68000.0
75,20.0,No high school diploma,Private,Married,Male,Black,Yes,8300.0
43,60.0,High school,,Never married,Male,White,Yes,65000.0
47,8.0,Associate degree,Private,Married,Female,Other or multiple,Yes,3000.0
53,40.0,,Private,Married,Male,White,No,60000.0
29,,Graduate degree,Private,Married,Male,White,Yes,57000.0
22,40.0,Some college,Private,Never married,Male,Black,Yes,5000.0
28,40.0,Bachelor degree,Private,Never married,Male,White,Yes,30000.0
50,60.0,Some college,Private,Married,Male,White,Yes,40000.0
23,50.0,Bachelor degree,Private,Never married,Male,White,Yes,45000.0
25,40.0,High school,Private,Never married,Male,White,Yes,30000.0
39,32.0,Associate degree,Private,Never married,Female,White,No,3960.0
40,50.0,Some college,Self-employed (incorporated),Married,Male,White,No,100000.0
50,50.0,No high school diploma,Private,Married,Male,White,No,18000.0
23,30.0,Bachelor degree,,Never married,Female,White,Yes,28200.0
23,40.0,Associate degree,Private,Never married,Female,White,Yes,8000.0
24,50.0,Some college,Private,Never married,Male,Black,Yes,7000.0
34,50.0,High school,Private,Married,Female,White,Yes,24000.0
62,40.0,High school,,Married,Male,Black,Yes,26000.0
71,4.0,Some college,Private,Married,Male,White,Yes,101900.0
51,50.0,Graduate degree,Private,Married,Male,Black,No,496000.0
43,40.0,High school,Private,Married,Male,Asian,Yes,85000.0
33,30.0,Some college,Private,Married,Male,White,Yes,15000.0
31,13.0,,Private non-profit,Married,Female,White,Yes,3000.0
60,50.0,Some college,Private,Married,Male,White,Yes,32000.0
50,40.0,Associate degree,Private,Divorced,Female,Other or multiple,Yes,32000.0
46,55.0,Graduate degree,Private non-profit,Married,Female,White,Yes,110000.0
49,40.0,High school,Private,Married,Male,Black,Yes,12000.0
40,40.0,Associate degree,Private,Never married,Male,Black,Yes,79000.0
76,,High school,Private,Married,Male,Black,Yes,61300.0
40,30.0,Some college,Private,Married,Female,White,Yes,13000.0
23,35.0,Bachelor degree,Private non-profit,Never married,Male,Asian,No,6000.0
44,32.0,Bachelor degree,Private,Never married,Male,Asian,Yes,22000.0
47,52.0,No high school diploma,Private,Divorced,Male,White,Yes,45000.0
44,40.0,Associate degree,Private,Divorced,Male,White,Yes,38500.0
27,40.0,,Private,Never married,Female,White,Yes,40000.0
43,40.0,High school,Private,Married,Male,White,Yes,65000.0
53,36.0,Associate degree,Private non-profit,Divorced,Female,White,Yes,32680.0
40,40.0,Bachelor degree,,Married,Male,Other or multiple,No,50000.0
42,40.0,Graduate degree,Private non-profit,Married,Male,White,Yes,66000.0
29,45.0,High school,Private,Married,Male,White,Yes,50000.0
24,40.0,Some college,Private,Married,Female,White,No,1000.0
40,40.0,,Private,Divorced,Female,Black,Yes,81000.0
29,40.0,Graduate degree,Private non-profit,Married,Male,White,Yes,30000.0
61,70.0,Graduate degree,Self-employed (incorporated),Married,Male,White,Yes,471000.0
53,45.0,Graduate degree,Self-employed (incorporated),Divorced,Male,White,Yes,128940.0
34,40.0,Bachelor degree,Federal government,Married,Female,Black,Yes,73000.0
50,65.0,No high school diploma,Self-employed (incorporated),Married,Male,White,Yes,87000.0
29,30.0,High school,Private,Married,Male,Black,Yes,6100.0
61,,High school,Private,Married,Male,White,Yes,90000.0
27,40.0,Some college,Private,Never married,Male,White,No,24000.0
29,40.0,High school,Private,Never married,Male,White,Yes,25000.0
28,80.0,Bachelor degree,Private,Never married,Female,White,No,18000.0
57,60.0,Graduate degree,State government,Widowed,Female,White,Yes,5500.0
35,40.0,Graduate degree,State government,Married,Female,White,Yes,13000.0
27,50.0,Bachelor degree,State government,Never married,Female,White,Yes,35000.0
49,40.0,Some college,Private,Married,Female,White,Yes,50000.0
31,30.0,High school,Private,Never married,Female,White,Yes,5400.0
53,40.0,Graduate degree,Private non-profit,Never married,Female,Black,Yes,74000.0
29,60.0,No high school diploma,Private non-profit,Married,Male,White,Yes,48000.0
21,,Some college,Private,Never married,Male,Black,Yes,600.0
41,40.0,No high school diploma,Self-employed,Married,Male,White,Yes,20000.0
40,,High school,Private,Never married,Male,White,Yes,24000.0
60,20.0,Graduate degree,Private non-profit,Never married,Female,White,Yes,49830.0
92,20.0,High school,Local government,Widowed,Female,White,Yes,20900.0
47,45.0,Graduate degree,Private,Married,Male,White,Yes,471000.0
40,40.0,Associate degree,Private,Married,Female,White,Yes,25000.0
61,60.0,Bachelor degree,Private,Married,Male,Asian,No,270000.0
52,20.0,No high school diploma,Private,Divorced,Female,White,Yes,10000.0
60,32.0,Some college,Federal government,Married,Female,Black,Yes,33800.0
55,36.0,Associate degree,Private,Married,Female,White,No,14400.0
55,55.0,,Private non-profit,Married,Male,White,Yes,49000.0
51,40.0,Graduate degree,Private,Married,Male,White,Yes,100400.0
37,,Some college,Private,Married,Female,White,Yes,7800.0
59,38.0,Associate degree,Private,Divorced,Female,Black,Yes,67000.0
55,50.0,High school,Self-employed,Married,Male,White,Yes,38000.0
19,8.0,Some college,Private,Never married,Female,White,Yes,250.0
19,20.0,High school,Federal government,Never married,Female,Black,No,5000.0
54,45.0,Graduate degree,Private,Married,Male,White,Yes,200000.0
54,40.0,Some college,,Married,Female,Black,Yes,40000.0
50,40.0,Graduate degree,Private,Married,Female,Black,Yes,105000.0
53,30.0,High school,Private,Never married,Male,Black,Yes,10000.0
38,40.0,No high school diploma,Private,Divorced,Male,White,Yes,34500.0
23,25.0,Bachelor degree,Private,Never married,Male,Black,No,14000.0
32,70.0,Bachelor degree,Federal government,Married,Male,White,Yes,75000.0
21,36.0,Some college,Private,Never married,Male,White,Yes,18000.0
55,50.0,Some college,Private,Divorced,Male,White,Yes,82000.0
61,50.0,Bachelor degree,Private,Widowed,Female,White,Yes,95700.0
20,24.0,Some college,Private,Never married,Male,White,Yes,10000.0
40,50.0,No high school diploma,Private,Married,Male,White,No,25000.0
51,55.0,Bachelor degree,Private,Never married,Male,White,Yes,110000.0
20,24.0,Some college,Private,Never married,Female,Black,Yes,8000.0
59,40.0,No high school diploma,Private,Married,Female,White,Yes,52500.0
44,20.0,Bachelor degree,Self-employed,Married,Female,White,Yes,50000.0
26,50.0,Some college,,Married,Male,Black,Yes,28000.0
28,40.0,Bachelor degree,Private,Married,Female,White,Yes,36000.0
47,35.0,Some college,Private,Divorced,Female,Black,Yes,50000.0
17,20.0,No high school diploma,Private,Never married,Male,White,Yes,1500.0
48,60.0,Bachelor degree,Private,Never married,Male,White,Yes,42000.0
53,40.0,Graduate degree,Local government,Married,Female,White,Yes,55000.0
47,30.0,High school,Private,Never married,Male,Asian,No,2000.0
45,40.0,Bachelor degree,Private,Married,Male,Black,Yes,50000.0
49,40.0,Associate degree,Federal government,Divorced,Female,White,Yes,12500.0
32,,Associate degree,Private,Never married,Male,Black,No,65000.0
38,25.0,Associate degree,Self-employed,Married,Female,White,Yes,15100.0
68,50.0,Bachelor degree,Self-employed,Divorced,Male,White,Yes,532700.0
48,40.0,Graduate degree,Local government,Married,Female,White,Yes,71000.0
28,36.0,Bachelor degree,Private,Married,Female,White,Yes,50000.0
24,36.0,High school,Private,Never married,Female,Black,Yes,1500.0
55,36.0,,Private,Married,Male,Asian,No,25000.0
59,36.0,Bachelor degree,Private,Married,Female,White,Yes,57400.0
51,50.0,Bachelor degree,Private,Never married,Female,White,Yes,70050.0
35,18.0,No high school diploma,Private,Never married,Female,White,No,8500.0
19,10.0,High school,Private,Never married,Male,Asian,Yes,1200.0
23,20.0,Some college,Private,Never married,Male,Black,Yes,5200.0
43,39.0,Associate degree,Private,Married,Female,Black,Yes,36000.0
29,,Bachelor degree,Private,Married,Female,White,Yes,80000.0
21,40.0,Some college,,Never married,Female,White,No,11500.0
25,40.0,Bachelor degree,Local government,Never married,Female,White,Yes,32000.0
54,40.0,Bachelor degree,Local government,Married,Female,White,Yes,64000.0
35,,No high school diploma,Private,Married,Male,Black,Yes,41970.0
51,55.0,Bachelor degree,Private,Never married,Female,White,Yes,25000.0
74,25.0,Graduate degree,Private non-profit,Married,Male,White,Yes,80300.0
27,40.0,Some college,Private,Never married,Male,White,Yes,30000.0
21,30.0,High school,Private,Never married,Male,Black,Yes,27000.0
34,36.0,Some college,,Never married,Female,Black,Yes,24000.0
20,30.0,Some college,Private,Never married,Female,Black,Yes,14400.0
19,35.0,High school,Private,Never married,Female,White,Yes,6100.0
33,30.0,High school,Private,Never married,Female,Black,Yes,9600.0
35,40.0,Some college,Private,Married,Male,Black,Yes,8100.0
31,40.0,High school,Private,Never married,Male,Black,Yes,2700.0
58,40.0,Some college,Private,Married,Male,White,Yes,134000.0
27,70.0,Bachelor degree,Private,Divorced,Male,White,Yes,22900.0
21,30.0,Some college,State government,Never married,Female,White,Yes,14400.0
51,50.0,No high school diploma,Private,Never married,Female,Black,Yes,30000.0
50,40.0,Bachelor degree,Private,Divorced,Female,Black,Yes,15000.0
28,34.0,Some college,Federal government,Never married,Female,Other or multiple,Yes,45300.0
24,45.0,Bachelor degree,Private,Never married,Male,White,Yes,68000.0
32,50.0,Some college,Private,Married,Male,White,Yes,94000.0
37,40.0,No high school diploma,Private,Married,Male,White,No,65000.0
21,40.0,High school,Private,Never married,Male,White,Yes,30000.0
54,40.0,Associate degree,,Married,Male,White,Yes,18000.0
59,6.0,Some college,Private non-profit,Never married,Female,Black,Yes,12300.0
37,50.0,Some college,Local government,Married,Female,White,Yes,38700.0
45,,Graduate degree,Private,Married,Male,Black,Yes,147000.0
47,55.0,Bachelor degree,Private,Divorced,Female,White,Yes,65000.0
62,40.0,Some college,Private,Never married,Male,White,Yes,44800.0
22,30.0,Some college,Private,Never married,Female,White,Yes,26000.0
36,40.0,Some college,Federal government,Married,Male,White,Yes,93000.0
19,19.0,Some college,Private,Never married,Female,White,Yes,4000.0
29,24.0,High school,Private,Never married,Female,Black,Yes,10000.0
56,40.0,Bachelor degree,Private,Married,Female,White,Yes,31200.0
25,40.0,Bachelor degree,Private,Never married,Female,Black,No,17000.0
32,40.0,Some college,Private,Never married,Female,Black,Yes,32000.0
36,,Graduate degree,Unpaid family work,Married,Female,White,Yes,35000.0
20,4.0,No high school diploma,Private,Never married,Male,Black,Yes,1000.0
37,40.0,Bachelor degree,Private,Married,Male,White,Yes,79000.0
26,40.0,Bachelor degree,Private,Never married,Male,Black,Yes,60000.0
27,30.0,Some college,Private,Married,Male,White,Yes,10800.0
40,,Bachelor degree,Private,Married,Male,White,Yes,80000.0
18,11.0,Some college,Private,Never married,Female,White,Yes,2900.0
38,50.0,Bachelor degree,Private,Married,Male,White,Yes,251800.0
59,40.0,Bachelor degree,State government,Married,Female,White,Yes,45000.0
54,40.0,Some college,Private,Married,Female,Black,Yes,78000.0
24,,Bachelor degree,Private,Never married,Male,White,Yes,45000.0
28,20.0,Associate degree,Private,Never married,Female,Black,Yes,3500.0
57,60.0,Graduate degree,Local government,Married,Male,White,No,70000.0
60,36.0,Associate degree,Private,Married,Female,White,Yes,50250.0
43,40.0,Bachelor degree,Private,Married,Male,White,Yes,174000.0
48,46.0,High school,Private,Married,Male,White,Yes,80000.0
58,50.0,No high school diploma,Private,Never married,Male,White,Yes,46800.0
58,40.0,Graduate degree,Private,Married,Female,White,Yes,53000.0
37,,High school,Private,Married,Female,Black,Yes,4000.0
49,80.0,Graduate degree,Self-employed (incorporated),Married,Male,White,Yes,562000.0
55,45.0,Graduate degree,State government,Married,Male,White,Yes,175000.0
25,35.0,Bachelor degree,Private,Never married,Male,Other or multiple,Yes,18000.0
25,40.0,Bachelor degree,Private non-profit,Never married,Female,White,Yes,60000.0
54,50.0,Graduate degree,Private,Married,Male,White,Yes,110000.0
61,40.0,High school,State government,Never married,Female,Black,No,46000.0
42,30.0,Associate degree,Private,Married,Female,White,Yes,45100.0
26,28.0,Some college,Private,Never married,Female,Black,Yes,27000.0
52,50.0,Graduate degree,Private non-profit,Married,Male,White,Yes,45000.0
62,3.0,Bachelor degree,Self-employed,Married,Female,White,Yes,436000.0
56,40.0,Some college,Private,Divorced,Female,White,Yes,22000.0
30,40.0,High school,Private,Never married,Female,Black,Yes,26000.0
44,36.0,Graduate degree,Private,Married,Female,Asian,No,70000.0
62,60.0,Bachelor degree,Private,Married,Male,White,Yes,130000.0
48,55.0,Some college,Private,Divorced,Female,White,Yes,75000.0
30,20.0,High school,Private,Divorced,Male,White,Yes,7800.0
47,45.0,Graduate degree,Federal government,Married,Male,Asian,No,110000.0
24,40.0,High school,Local government,Married,Male,White,Yes,16000.0
33,40.0,Bachelor degree,Private,Never married,Male,White,Yes,42300.0
61,40.0,High school,Private,Married,Male,Black,Yes,16000.0
28,50.0,Bachelor degree,Local government,Never married,Female,Black,Yes,49000.0
32,40.0,Bachelor degree,Private,Married,Female,Black,Yes,50000.0
58,40.0,Some college,Local government,Married,Female,White,Yes,25400.0
37,55.0,High school,Self-employed,Married,Male,White,No,38000.0
23,40.0,High school,Private,Never married,Male,White,Yes,4500.0
36,,Bachelor degree,Private,Married,Female,Asian,No,24000.0
35,50.0,Bachelor degree,Private,Married,Male,Other or multiple,Yes,160000.0
67,40.0,Some college,Local government,Divorced,Female,Other or multiple,Yes,15000.0
53,45.0,High school,Local government,Married,Male,White,Yes,41500.0
21,28.0,High school,Private,Never married,Female,White,Yes,6200.0
38,32.0,High school,Private,Never married,Male,Black,Yes,27000.0
18,25.0,High school,Private,Never married,Male,White,Yes,8010.0
69,15.0,High school,Self-employed,Divorced,Female,White,No,30000.0
47,24.0,Bachelor degree,Private,Widowed,Female,Asian,No,26400.0
35,20.0,Graduate degree,Private non-profit,Married,Female,White,Yes,6300.0
49,60.0,High school,Self-employed,Never married,Male,Asian,No,35000.0
59,45.0,No high school diploma,,Married,Female,White,Yes,41000.0
44,57.0,Bachelor degree,Self-employed,Divorced,Male,White,Yes,15000.0
26,40.0,High school,,Never married,Male,White,Yes,18000.0
31,30.0,Graduate degree,Private non-profit,Never married,Female,Black,Yes,25000.0
40,50.0,Some college,Private,Married,Male,White,Yes,43800.0
54,45.0,Some college,Private,Married,Male,White,Yes,85000.0
32,40.0,High school,Private,Married,Female,White,Yes,18000.0
55,32.0,High school,Self-employed (incorporated),Divorced,Male,Black,Yes,3000.0
50,50.0,Some college,Self-employed,Married,Male,White,Yes,30000.0
34,45.0,Graduate degree,Private,Married,Male,White,Yes,90000.0
25,50.0,Some college,Private,Never married,Female,White,Yes,30000.0
30,,Bachelor degree,Private,Married,Female,White,Yes,10000.0
45,40.0,,Private,Married,Female,White,Yes,34000.0
50,46.0,Graduate degree,State government,Divorced,Female,White,Yes,55000.0
29,40.0,High school,Private,Never married,Female,Black,Yes,31200.0
63,45.0,Some college,Federal government,Divorced,Female,Black,Yes,16100.0
26,40.0,High school,Private,Never married,Female,White,Yes,13000.0
31,40.0,Associate degree,Private,Divorced,Female,White,Yes,41000.0
57,99.0,No high school diploma,Private,Married,Male,White,Yes,130000.0
18,12.0,No high school diploma,Private,Never married,Female,White,Yes,4000.0
26,40.0,Some college,Private,Never married,Female,White,Yes,15000.0
38,,,State government,Married,Female,White,Yes,60000.0
46,55.0,Bachelor degree,Private,Married,Female,White,Yes,100000.0
73,10.0,Graduate degree,Unpaid family work,Divorced,Female,White,Yes,76000.0
33,45.0,Bachelor degree,Private,Married,Male,White,Yes,50000.0
49,32.0,High school,Private,Married,Female,White,Yes,26000.0
17,30.0,No high school diploma,Private,Never married,Male,Black,Yes,27000.0
64,60.0,High school,Private,Married,Male,White,Yes,75000.0
43,48.0,Bachelor degree,Private,Married,Female,White,Yes,63000.0
67,24.0,Associate degree,Self-employed,Married,Male,White,Yes,34300.0
44,35.0,Associate degree,Private,Married,Female,White,Yes,15000.0
54,40.0,No high school diploma,Private,Married,Male,White,Yes,47000.0
53,40.0,Bachelor degree,Private,Married,Male,White,Yes,40000.0
45,40.0,High school,Local government,Divorced,Male,White,Yes,28000.0
32,40.0,Graduate degree,Local government,Married,Female,White,Yes,50000.0
56,45.0,Some college,Private non-profit,Married,Female,White,Yes,50000.0
42,36.0,Bachelor degree,Private,Married,Female,White,Yes,65000.0
63,,Some college,Private,Divorced,Female,White,Yes,65130.0
57,20.0,High school,Self-employed,Married,Female,White,Yes,6000.0
71,40.0,High school,Private,Married,Female,White,Yes,50000.0
17,40.0,No high school diploma,Self-employed (incorporated),Never married,Female,White,Yes,500.0
67,50.0,High school,Self-employed (incorporated),Married,Female,White,Yes,60000.0
50,40.0,High school,Private,Married,Female,White,Yes,23000.0
47,60.0,High school,Private,Married,Male,Black,Yes,40000.0
57,14.0,,Private,Married,Female,White,Yes,1100.0
44,70.0,Some college,Self-employed,Married,Male,White,Yes,29000.0
58,40.0,High school,Private,Married,Male,Black,Yes,27000.0
35,3.0,Associate degree,Self-employed,Never married,Male,White,Yes,2000.0
43,45.0,Associate degree,Private,Married,Male,Black,Yes,61000.0
59,40.0,Graduate degree,Private,Divorced,Female,Black,Yes,84000.0
22,40.0,No high school diploma,State government,Never married,Male,Black,Yes,3000.0
56,50.0,Bachelor degree,State government,Married,Male,White,Yes,26100.0
39,45.0,Bachelor degree,Private,Married,Female,White,Yes,83000.0
62,55.0,High school,Local government,Married,Female,White,Yes,25920.0
56,50.0,Some college,Self-employed (incorporated),Married,Male,White,Yes,25000.0
49,60.0,Bachelor degree,Private,Married,Male,White,Yes,90000.0
59,40.0,Bachelor degree,Private,Married,Female,Other or multiple,Yes,200000.0
37,45.0,High school,Private,Married,Female,White,Yes,36000.0
62,40.0,Some college,Private,Married,Female,White,Yes,48900.0
21,40.0,Some college,Private,Never married,Female,Black,Yes,25000.0
35,40.0,High school,Private,Divorced,Female,White,Yes,58000.0
38,40.0,,Private,Married,Female,White,Yes,120000.0
26,18.0,Bachelor degree,Self-employed,Never married,Male,Black,Yes,17900.0
46,24.0,Graduate degree,,Married,Female,White,No,40000.0
43,46.0,High school,Private,Divorced,Female,White,Yes,6000.0
78,22.0,Some college,Private,Married,Female,White,No,25330.0
48,45.0,Associate degree,Private,Married,Female,Other or multiple,Yes,72000.0
26,40.0,Associate degree,Local government,Separated,Female,White,Yes,34500.0
59,42.0,High school,Private,Divorced,Female,White,Yes,32100.0
48,7.0,No high school diploma,Self-employed,Married,Male,White,Yes,5000.0
33,52.0,Graduate degree,Private,Married,Female,Asian,Yes,115000.0
49,50.0,Some college,Private,Married,Female,White,Yes,480000.0
63,40.0,Bachelor degree,Private,Married,Male,White,Yes,160000.0
18,20.0,No high school diploma,Private,Never married,Female,White,Yes,200.0
19,4.0,Some college,Self-employed,Never married,Male,White,Yes,1400.0
72,45.0,High school,Private,Married,Male,White,Yes,61000.0
28,35.0,Bachelor degree,Private,Married,Female,White,Yes,65000.0
57,40.0,Some college,Private non-profit,Married,Female,Asian,No,27000.0
45,20.0,Some college,Self-employed,Married,Male,Black,No,24000.0
59,30.0,Bachelor degree,Private,Married,Female,White,Yes,58000.0
58,40.0,Associate degree,Private,Married,Male,White,Yes,80000.0
45,50.0,Bachelor degree,Private,Never married,Male,White,Yes,52000.0
61,40.0,Graduate degree,Private,Divorced,Male,White,Yes,93000.0
24,40.0,Associate degree,Private,Never married,Male,White,Yes,33000.0
68,40.0,High school,Self-employed (incorporated),Married,Female,White,Yes,31000.0
44,40.0,High school,Private,Married,Male,White,No,48000.0
54,58.0,Bachelor degree,Private,Married,Male,Black,Yes,73000.0
60,40.0,High school,Private,Never married,Male,Other or multiple,Yes,26000.0
48,16.0,Bachelor degree,Private non-profit,Married,Female,White,Yes,4000.0
72,16.0,Some college,Federal government,Divorced,Female,White,Yes,133000.0
35,40.0,Bachelor degree,Private,Married,Male,White,Yes,150000.0
19,30.0,Some college,Private,Never married,Female,Black,Yes,3600.0
41,40.0,Graduate degree,Private,Married,Female,White,Yes,40000.0
28,33.0,High school,Private,Never married,Female,White,Yes,420.0
23,25.0,High school,Private,Never married,Male,White,Yes,15000.0
55,40.0,Associate degree,Private non-profit,Divorced,Female,Black,Yes,29000.0
37,40.0,No high school diploma,Private,Married,Female,Black,No,5500.0
54,80.0,Graduate degree,Private,Divorced,Male,White,Yes,140000.0
59,25.0,Associate degree,Self-employed,Divorced,Female,White,Yes,38500.0
18,12.0,No high school diploma,Local government,Never married,Male,White,Yes,550.0
21,40.0,Some college,Private,Never married,Male,White,Yes,27000.0
22,40.0,Associate degree,Private non-profit,Never married,Female,Black,Yes,8000.0
24,42.0,Bachelor degree,Private,Never married,Female,Other or multiple,Yes,72000.0
23,34.0,Bachelor degree,Private,Never married,Female,White,Yes,22000.0
42,40.0,,Private,Married,Female,White,No,17300.0
18,15.0,High school,Private non-profit,Never married,Male,White,Yes,2000.0
23,4.0,No high school diploma,Private,Married,Female,White,Yes,700.0
24,40.0,High school,Private,Never married,Female,White,Yes,18000.0
33,60.0,Bachelor degree,Private,Divorced,Female,Black,Yes,64000.0
62,24.0,High school,Private,Never married,Female,Black,Yes,8700.0
49,40.0,High school,Private,Married,Female,Other or multiple,Yes,28000.0
18,40.0,High school,Private,Never married,Male,White,Yes,19300.0
33,50.0,Graduate degree,Private non-profit,Married,Male,Other or multiple,Yes,55000.0
70,40.0,Graduate degree,State government,Married,Male,White,Yes,88004.0
65,40.0,Some college,Private,Divorced,Female,Asian,No,64200.0
30,40.0,Bachelor degree,Private non-profit,Never married,Female,Black,Yes,35000.0
45,30.0,Graduate degree,State government,Married,Male,White,Yes,40000.0
59,78.0,Some college,Self-employed,Married,Male,White,No,120000.0
36,40.0,Bachelor degree,Private,Never married,Female,Black,Yes,77000.0
60,40.0,High school,Private,Divorced,Female,White,Yes,22000.0
54,,Bachelor degree,Self-employed (incorporated),Married,Male,White,Yes,126200.0
37,70.0,High school,Private,Divorced,Male,White,Yes,106000.0
42,11.0,High school,Private,Married,Female,Other or multiple,No,4900.0
44,30.0,Some college,Self-employed,Married,Male,White,Yes,10000.0
41,42.0,Graduate degree,Private non-profit,Divorced,Female,White,Yes,48000.0
30,42.0,Some college,Private,Divorced,Female,Black,Yes,40000.0
24,40.0,Bachelor degree,Local government,Never married,Female,White,Yes,25000.0
60,40.0,High school,Self-employed,Married,Male,White,No,15000.0
18,30.0,High school,Private,Never married,Male,Other or multiple,Yes,4800.0
39,40.0,Associate degree,Private,Never married,Male,White,Yes,30000.0
33,40.0,High school,Local government,Married,Male,Black,Yes,25000.0
22,,Bachelor degree,Private,Never married,Male,Asian,No,24000.0
29,40.0,Bachelor degree,State government,Never married,Female,White,Yes,55000.0
40,40.0,Graduate degree,Local government,Married,Female,White,Yes,61000.0
29,40.0,,Private,Never married,Male,White,Yes,60000.0
36,50.0,Graduate degree,Private,Married,Male,White,Yes,205000.0
40,40.0,Some college,Private,Married,Female,White,Yes,30200.0
20,40.0,Some college,Private,Never married,Male,Other or multiple,Yes,20000.0
19,30.0,,Private,Never married,Male,White,Yes,3700.0
63,40.0,Bachelor degree,Self-employed,Married,Male,White,Yes,43000.0
60,40.0,High school,Private,Married,Female,White,Yes,37000.0
47,32.0,Some college,,Married,Female,Black,Yes,22000.0
57,35.0,High school,Private,Married,Female,White,Yes,2000.0
53,60.0,No high school diploma,Private,Married,Male,Black,Yes,50000.0
61,40.0,Graduate degree,Private,Divorced,Male,Black,Yes,54000.0
17,40.0,High school,Private,Never married,Female,White,Yes,10000.0
29,40.0,Bachelor degree,State government,Never married,Male,White,Yes,40000.0
50,40.0,Graduate degree,Private,Married,Male,White,Yes,55190.0
52,45.0,Some college,Private,Married,Male,White,Yes,90000.0
33,40.0,Graduate degree,Private,Never married,Male,Black,No,46000.0
26,40.0,Bachelor degree,Private,Never married,Male,Asian,No,12000.0
43,36.0,Associate degree,Private,Married,Female,White,Yes,53000.0
40,40.0,Bachelor degree,Private non-profit,Married,Male,White,No,33000.0
64,45.0,Graduate degree,Federal government,Married,Male,White,Yes,163000.0
29,35.0,High school,Private,Never married,Male,White,Yes,10000.0
59,44.0,Graduate degree,Private,Married,Male,White,Yes,190000.0
53,55.0,Graduate degree,Private,Divorced,Male,White,Yes,78500.0
30,,Bachelor degree,Private,Never married,Female,White,Yes,85000.0
21,40.0,Some college,Private,Never married,Female,Black,No,25000.0
28,40.0,Associate degree,Private,Never married,Male,White,Yes,30000.0
20,,High school,Private,Never married,Male,Black,Yes,25000.0
28,35.0,High school,Private,Never married,Male,Black,No,14800.0
33,45.0,High school,Private,Never married,Female,Black,No,25000.0
55,52.0,Some college,Private,Divorced,Male,White,Yes,55200.0
32,50.0,Some college,Local government,Married,Male,White,Yes,20300.0
54,40.0,Graduate degree,Private,Married,Male,Asian,No,103000.0
27,40.0,Bachelor degree,Private,Married,Male,White,Yes,35000.0
29,40.0,Bachelor degree,Private,Married,Male,Asian,No,52200.0
59,40.0,Some college,Self-employed,Married,Female,White,Yes,8400.0
51,50.0,Graduate degree,Private,Married,Female,White,Yes,75000.0
46,45.0,Bachelor degree,Private,Married,Male,White,Yes,51000.0
35,40.0,Graduate degree,Private,Married,Female,Asian,No,79500.0
28,50.0,Bachelor degree,Private non-profit,Never married,Female,White,Yes,30000.0
25,40.0,High school,Private,Never married,Female,Black,Yes,45000.0
18,3.0,High school,Private non-profit,Never married,Female,Asian,Yes,4000.0
24,10.0,Graduate degree,Private,Never married,Female,White,Yes,800.0
35,40.0,High school,Private,Married,Female,White,Yes,4000.0
18,30.0,High school,Federal government,Never married,Male,Black,Yes,12000.0
48,52.0,Bachelor degree,Private,Never married,Male,Black,Yes,65000.0
64,25.0,Associate degree,Private,Divorced,Male,Asian,No,28900.0
41,35.0,No high school diploma,Private,Married,Female,Asian,No,16000.0
22,40.0,High school,Private,Never married,Male,White,Yes,5000.0
59,20.0,High school,Private,Divorced,Male,Black,Yes,7800.0
37,50.0,Bachelor degree,Private,Married,Male,Asian,No,80000.0
38,40.0,Some college,Private,Married,Female,White,Yes,48000.0
36,,High school,Local government,Married,Male,White,Yes,27000.0
50,33.0,Graduate degree,Self-employed,Married,Male,White,No,30000.0
19,15.0,Some college,Private,Never married,Female,Black,Yes,2000.0
21,20.0,No high school diploma,Private,Never married,Male,White,Yes,1000.0
21,45.0,Some college,Private,Never married,Female,Black,Yes,28000.0
57,60.0,Associate degree,Private,Never married,Male,White,Yes,47000.0
23,20.0,Some college,Private,Never married,Male,White,Yes,2500.0
32,50.0,Bachelor degree,Private,Married,Male,White,Yes,130000.0
52,40.0,,Private,Married,Female,White,Yes,7600.0
48,36.0,Associate degree,Private non-profit,Married,Female,White,Yes,70000.0
40,48.0,Bachelor degree,State government,Married,Male,White,Yes,109000.0
47,45.0,Graduate degree,Private,Married,Male,White,Yes,150000.0
31,40.0,Some college,Private,Never married,Male,White,Yes,1600.0
69,36.0,Graduate degree,Self-employed (incorporated),Married,Male,Asian,No,84300.0
41,,Associate degree,Federal government,Married,Male,White,Yes,68000.0
22,35.0,Associate degree,Private,Never married,Female,Black,Yes,20000.0
30,60.0,Some college,Local government,Married,Male,White,Yes,36000.0
33,30.0,Graduate degree,Self-employed (incorporated),Married,Female,White,Yes,89000.0
41,50.0,High school,Private,Married,Male,White,Yes,65000.0
38,40.0,Bachelor degree,Private,Married,Female,White,Yes,99000.0
50,40.0,No high school diploma,Private,Married,Male,White,No,31000.0
33,40.0,Some college,Private,Divorced,Male,White,Yes,18700.0
39,50.0,High school,Private,Never married,Male,White,Yes,31000.0
56,70.0,High school,Private,Divorced,Female,White,Yes,10000.0
18,16.0,High school,Private,Never married,Male,Asian,Yes,1200.0
55,45.0,Associate degree,Federal government,Married,Female,Black,Yes,32000.0
19,25.0,High school,Private,Never married,Male,White,Yes,8000.0
57,45.0,Some college,Private,Married,Female,White,Yes,75000.0
52,55.0,No high school diploma,Local government,Never married,Male,White,No,34000.0
58,50.0,High school,Self-employed,Never married,Male,White,Yes,98000.0
61,40.0,Some college,Private non-profit,Married,Female,White,Yes,62000.0
39,40.0,Bachelor degree,Private,Divorced,Female,Other or multiple,Yes,35200.0
36,40.0,No high school diploma,Private,Married,Male,White,No,28000.0
45,40.0,Graduate degree,,Married,Male,Asian,No,142000.0
57,50.0,High school,Self-employed,Married,Male,White,Yes,12000.0
57,,Graduate degree,Private,Married,Male,White,Yes,100000.0
48,40.0,High school,Private,Married,Female,White,Yes,16000.0
55,40.0,Some college,,Divorced,Male,White,Yes,110000.0
32,30.0,Some college,Private,Never married,Male,Other or multiple,Yes,60000.0
49,40.0,Graduate degree,Local government,Married,Female,Black,Yes,70000.0
29,40.0,Bachelor degree,,Never married,Male,White,Yes,45000.0
52,40.0,Bachelor degree,Private,Married,Male,Black,Yes,89000.0
64,50.0,Graduate degree,Private non-profit,Married,Female,White,No,70000.0
27,40.0,High school,Private,Married,Female,Black,No,30000.0
59,40.0,High school,Private,Widowed,Female,Black,Yes,25000.0
56,40.0,No high school diploma,Private,Separated,Male,White,No,22100.0
28,40.0,Some college,Private,Never married,Male,Black,Yes,19000.0
52,50.0,Some college,Private,Married,Male,White,Yes,472000.0
37,45.0,Bachelor degree,Private,Married,Male,White,Yes,135000.0
39,12.0,High school,Private,Never married,Male,White,Yes,19700.0
23,28.0,Associate degree,Private,Never married,Female,White,Yes,18000.0
22,40.0,High school,Private,Never married,Female,White,Yes,20000.0
43,40.0,Associate degree,Private non-profit,Married,Female,White,Yes,55000.0
19,40.0,Some college,Self-employed,Never married,Female,White,Yes,4000.0
43,40.0,,Private,Married,Female,White,Yes,196000.0
42,40.0,No high school diploma,Private,Never married,Male,White,Yes,40000.0
54,,Some college,Self-employed (incorporated),Married,Male,White,Yes,74000.0
60,30.0,High school,Private,Never married,Female,White,No,18000.0
36,40.0,Graduate degree,Federal government,Never married,Male,Black,Yes,118000.0
48,60.0,Bachelor degree,Private,Separated,Female,White,Yes,73000.0
25,40.0,Some college,Private,Never married,Female,Black,Yes,25000.0
26,20.0,Bachelor degree,Private,Never married,Female,Black,Yes,12300.0
48,,High school,Federal government,Married,Male,White,Yes,57010.0
35,40.0,No high school diploma,Private,Married,Female,Black,Yes,21000.0
32,45.0,Some college,Private,Never married,Female,White,Yes,36000.0
59,40.0,Some college,Private,Married,Male,White,No,98500.0
51,20.0,No high school diploma,Private,Never married,Male,White,Yes,10000.0
43,40.0,High school,Self-employed,Married,Male,White,Yes,40000.0
50,34.0,No high school diploma,Private,Separated,Female,White,Yes,17000.0
31,50.0,Bachelor degree,Private,Never married,Female,White,Yes,80000.0
65,2.0,Graduate degree,Private,Married,Male,White,Yes,21000.0
61,40.0,Bachelor degree,Federal government,Married,Male,White,Yes,38000.0
45,15.0,Associate degree,Private,Married,Female,White,Yes,13200.0
38,60.0,Associate degree,Self-employed,Married,Male,Black,No,2000.0
70,40.0,No high school diploma,State government,Divorced,Male,Black,Yes,73000.0
46,45.0,Graduate degree,Local government,Married,Male,White,Yes,68300.0
61,30.0,High school,Private,Married,Female,White,Yes,10400.0
24,40.0,Bachelor degree,State government,Never married,Male,White,Yes,40480.0
37,40.0,Some college,Private non-profit,Married,Female,White,Yes,164000.0
33,40.0,Bachelor degree,Private,Never married,Female,White,Yes,45000.0
68,60.0,Some college,Private,Married,Male,White,Yes,95000.0
23,24.0,Bachelor degree,Private non-profit,Married,Male,Asian,No,16000.0
47,43.0,Bachelor degree,Private,Married,Male,White,Yes,45000.0
47,50.0,High school,Private,Married,Male,Black,Yes,39000.0
30,24.0,Some college,Private non-profit,Never married,Male,White,Yes,25000.0
55,40.0,No high school diploma,Private,Divorced,Male,Asian,No,137000.0
84,2.0,High school,Self-employed,Married,Female,White,Yes,12700.0
40,,No high school diploma,Self-employed,Married,Male,White,Yes,16500.0
25,,High school,Private,Never married,Male,Black,Yes,40000.0
41,25.0,Associate degree,Self-employed (incorporated),Married,Female,White,Yes,25000.0
46,,Bachelor degree,Private,Married,Female,White,Yes,90080.0
22,30.0,High school,Private,Never married,Female,White,Yes,15600.0
21,40.0,Some college,Private,Never married,Male,White,Yes,500.0
22,40.0,No high school diploma,Private,Never married,Male,White,Yes,26000.0
59,20.0,Graduate degree,Private,Married,Female,White,Yes,12500.0
70,40.0,Some college,State government,Never married,Female,White,Yes,68700.0
34,40.0,,Federal government,Married,Female,White,Yes,80000.0
65,48.0,No high school diploma,Private,Married,Male,Black,Yes,90000.0
29,40.0,Bachelor degree,Private,Married,Male,White,Yes,70000.0
60,40.0,High school,Private,Married,Male,Black,Yes,28030.0
22,,,Private,Never married,Male,Black,Yes,2000.0
21,40.0,High school,Private,Never married,Female,Black,Yes,9200.0
59,,High school,State government,Married,Male,White,Yes,45000.0
28,40.0,,Self-employed (incorporated),Never married,Male,White,Yes,18000.0
64,20.0,Associate degree,Private,Married,Female,White,Yes,27800.0
66,15.0,Bachelor degree,Private,Married,Male,White,Yes,50600.0
52,40.0,Bachelor degree,Private,Divorced,Male,White,Yes,26200.0
65,40.0,Some college,Private,Married,Male,White,Yes,37000.0
19,25.0,Some college,Private,Never married,Female,White,Yes,800.0
65,40.0,Bachelor degree,Private,Widowed,Female,White,Yes,85000.0
28,45.0,Bachelor degree,Private,Married,Male,White,Yes,75000.0
40,30.0,Bachelor degree,Private,Married,Female,White,Yes,20000.0
39,40.0,High school,Private,Never married,Male,Black,Yes,20000.0
47,40.0,High school,Local government,Married,Female,White,Yes,50000.0
65,5.0,High school,Self-employed,Married,Male,White,Yes,66800.0
56,40.0,Associate degree,Local government,Married,Female,White,Yes,30800.0
35,40.0,High school,Private,Never married,Male,White,Yes,25000.0
64,21.0,High school,Private,Widowed,Male,White,Yes,28000.0
65,42.0,Some college,Private,Married,Female,White,Yes,83000.0
45,40.0,Bachelor degree,Local government,Never married,Male,Black,Yes,26000.0
22,40.0,High school,Private,Married,Female,White,Yes,7000.0
32,40.0,High school,Private,Never married,Male,White,Yes,25000.0
27,40.0,Bachelor degree,Private non-profit,Married,Female,White,Yes,44000.0
56,40.0,High school,Private,Divorced,Male,White,Yes,35000.0
61,30.0,High school,Private,Widowed,Female,White,Yes,34000.0
65,40.0,Graduate degree,Private,Married,Male,White,No,140000.0
39,40.0,High school,Private,Married,Male,Black,Yes,12000.0
42,60.0,Bachelor degree,Private,Married,Male,White,Yes,90000.0
33,,High school,Private,Married,Female,Other or multiple,No,50000.0
25,30.0,Bachelor degree,Private,Never married,Female,White,Yes,25000.0
29,40.0,High school,Self-employed (incorporated),Never married,Male,White,Yes,16000.0
48,55.0,Some college,Private,Married,Male,Black,Yes,97000.0
57,70.0,High school,Private,Married,Male,White,Yes,110000.0
17,15.0,No high school diploma,Private,Never married,Male,White,Yes,2000.0
40,30.0,,Private,Never married,Female,White,Yes,15000.0
19,20.0,Some college,Private non-profit,Never married,Female,White,Yes,560.0
46,50.0,Bachelor degree,Private,Married,Female,White,Yes,126600.0
37,40.0,Some college,Private,Divorced,Female,Black,Yes,21000.0
53,60.0,Some college,Self-employed,Married,Male,White,No,6300.0
55,40.0,Bachelor degree,Private,Married,Female,Black,Yes,60000.0
49,40.0,Bachelor degree,Self-employed,Married,Female,White,Yes,55000.0
42,40.0,High school,Private,Married,Male,White,Yes,28600.0
41,45.0,Graduate degree,Private,Divorced,Female,White,Yes,112200.0
66,40.0,Some college,Private,Divorced,Female,White,Yes,38000.0
25,25.0,Some college,Private,Married,Female,Black,Yes,22000.0
25,40.0,No high school diploma,,Never married,Male,White,Yes,80000.0
50,45.0,Bachelor degree,Private,Married,Female,White,Yes,80000.0
51,60.0,Bachelor degree,Private non-profit,Never married,Male,White,Yes,30000.0
30,40.0,Some college,Federal government,Married,Male,White,Yes,43000.0
27,48.0,Some college,Private,Never married,Male,White,Yes,50000.0
54,36.0,Graduate degree,Private,Married,Female,White,Yes,6000.0
26,75.0,Associate degree,Local government,Never married,Male,Black,Yes,30000.0
40,40.0,No high school diploma,Private,Married,Male,White,No,24000.0
40,40.0,Graduate degree,State government,Never married,Female,Black,Yes,52000.0
61,35.0,Associate degree,Private non-profit,Married,Female,Black,No,16000.0
35,40.0,Graduate degree,Federal government,Never married,Female,White,Yes,90000.0
39,56.0,Some college,Local government,Married,Male,White,Yes,55000.0
43,60.0,Associate degree,Private,Never married,Male,White,Yes,52000.0
56,40.0,Associate degree,Local government,Married,Female,White,Yes,40000.0
30,40.0,Some college,Local government,Married,Male,White,Yes,42000.0
62,40.0,No high school diploma,Private,Divorced,Female,White,No,20000.0
34,56.0,Some college,State government,Never married,Female,Black,Yes,30000.0
41,40.0,No high school diploma,Private,Married,Male,White,No,40000.0
50,40.0,Graduate degree,Private,Married,Male,White,Yes,471000.0
53,30.0,,Local government,Married,Female,Other or multiple,Yes,20000.0
27,40.0,Bachelor degree,Private,Never married,Male,Asian,No,70000.0
43,3.0,Some college,Self-employed,Married,Female,Other or multiple,No,311000.0
43,60.0,Graduate degree,Private,Married,Female,Black,Yes,210000.0
60,40.0,Associate degree,Private,Divorced,Male,White,No,33300.0
45,48.0,Some college,Private,Divorced,Female,White,Yes,52000.0
42,40.0,Some college,Private,Never married,Male,White,Yes,18500.0
55,40.0,High school,State government,Married,Female,White,Yes,20000.0
62,40.0,Graduate degree,Self-employed,Married,Male,White,Yes,125050.0
37,8.0,High school,Private,Separated,Female,White,Yes,220.0
62,32.0,Bachelor degree,Private,Married,Female,White,No,8000.0
40,40.0,High school,Private,Married,Female,White,Yes,21600.0
23,36.0,Bachelor degree,Private,Never married,Female,White,Yes,50000.0
31,30.0,Some college,Private,Never married,Female,White,Yes,1900.0
47,40.0,Bachelor degree,,Married,Male,White,Yes,85000.0
33,28.0,Some college,Private non-profit,Never married,Female,Black,Yes,22400.0
60,55.0,Some college,Self-employed,Married,Male,White,Yes,105000.0
17,,No high school diploma,Private,Never married,Male,White,Yes,2500.0
72,55.0,Graduate degree,Private,Divorced,Female,White,Yes,228800.0
25,40.0,Some college,Private,Married,Male,White,Yes,32000.0
36,40.0,Associate degree,State government,Never married,Male,White,Yes,45000.0
44,50.0,Associate degree,Private,Married,Male,Asian,No,18000.0
26,40.0,Some college,Private,Married,Male,White,Yes,37700.0
51,40.0,No high school diploma,Private,Married,Female,Asian,No,12900.0
24,40.0,Bachelor degree,Private,Never married,Female,White,Yes,11400.0
66,40.0,Some college,Private,Married,Male,White,Yes,22500.0
30,20.0,Some college,Private,Divorced,Female,White,Yes,10000.0
48,40.0,Bachelor degree,Private,Married,Female,White,Yes,58000.0
37,50.0,High school,Private non-profit,Married,Male,White,No,25000.0
40,40.0,High school,Private,Separated,Male,White,Yes,36000.0
49,50.0,Bachelor degree,Private,Married,Male,White,Yes,471470.0
41,45.0,No high school diploma,Private non-profit,Married,Male,White,No,23000.0
37,70.0,Graduate degree,Private,Never married,Female,Asian,No,132000.0
58,40.0,Graduate degree,Self-employed,Married,Male,White,Yes,220000.0
62,40.0,Graduate degree,Private,Married,Male,Asian,No,123000.0
29,50.0,High school,Private non-profit,Married,Male,White,No,20000.0
55,50.0,Graduate degree,Self-employed,Married,Male,White,Yes,348000.0
69,21.0,High school,Local government,Married,Female,White,Yes,11500.0
57,40.0,Associate degree,Private,Divorced,Female,White,Yes,56000.0
59,30.0,Bachelor degree,Private non-profit,Divorced,Female,Asian,Yes,33000.0
41,10.0,High school,Self-employed,Married,Male,Other or multiple,No,105000.0
47,80.0,High school,Private,Never married,Female,White,Yes,6000.0
29,,No high school diploma,Private,Divorced,Female,White,Yes,20000.0
49,72.0,Associate degree,Self-employed,Married,Male,Black,Yes,50000.0
39,40.0,No high school diploma,Private,Married,Male,Black,Yes,26000.0
54,40.0,High school,Private,Married,Female,White,Yes,52000.0
38,45.0,Graduate degree,Private,Married,Female,Asian,No,120200.0
31,40.0,Bachelor degree,Self-employed (incorporated),Married,Female,Asian,No,65200.0
66,50.0,Graduate degree,,Married,Female,White,Yes,54000.0
53,50.0,Bachelor degree,Local government,Divorced,Female,Black,Yes,40000.0
28,48.0,Bachelor degree,Private,Never married,Female,Black,Yes,27500.0
21,40.0,High school,Federal government,Never married,Male,Black,Yes,21000.0
54,20.0,High school,Private,Married,Female,White,Yes,700.0
20,15.0,Some college,Private,Never married,Female,White,Yes,1500.0
22,40.0,High school,Federal government,Married,Male,White,Yes,40000.0
20,40.0,Some college,Private,Never married,Female,Asian,Yes,26000.0
37,60.0,Graduate degree,Private,Never married,Male,White,Yes,220000.0
37,40.0,High school,Private,Married,Female,Black,Yes,26000.0
39,40.0,Bachelor degree,,Never married,Male,Black,Yes,35000.0
29,35.0,Some college,Private,Divorced,Female,Other or multiple,Yes,12000.0
43,60.0,High school,Private,Married,Male,White,Yes,43000.0
40,30.0,Some college,Private,Married,Female,White,Yes,15200.0
67,30.0,Some college,Self-employed,Married,Male,White,Yes,30700.0
58,55.0,Graduate degree,Private non-profit,Divorced,Female,White,Yes,100000.0
38,30.0,High school,Private,Married,Female,White,Yes,25000.0
37,80.0,High school,Private,Married,Male,White,No,24000.0
20,40.0,No high school diploma,Private,Never married,Male,Asian,No,5000.0
57,40.0,High school,Private,Married,Female,White,Yes,36000.0
49,25.0,High school,Private,Never married,Female,Black,Yes,10100.0
39,45.0,No high school diploma,Private,Separated,Female,Black,Yes,45000.0
38,40.0,High school,Private,Separated,Male,White,Yes,12000.0
63,40.0,Some college,Local government,Never married,Male,Black,Yes,23000.0
60,40.0,Graduate degree,Self-employed,Married,Male,White,Yes,95000.0
53,40.0,No high school diploma,Local government,Married,Male,White,Yes,88000.0
62,35.0,High school,Private,Married,Female,Asian,No,15120.0
58,45.0,High school,Self-employed,Divorced,Male,White,No,17000.0
36,44.0,Graduate degree,Private,Married,Male,White,Yes,61000.0
46,40.0,Some college,Private,Married,Male,Black,Yes,103000.0
50,48.0,Bachelor degree,Private,Never married,Male,White,Yes,120000.0
21,40.0,,Federal government,Never married,Male,Black,Yes,1000.0
47,24.0,High school,Private,Never married,Female,Black,Yes,1600.0
18,25.0,High school,Private,Married,Male,White,Yes,8000.0
37,16.0,High school,Private,Never married,Male,White,Yes,3000.0
53,54.0,Bachelor degree,Private,Married,Male,White,No,133000.0
58,60.0,No high school diploma,Private,Married,Female,White,No,57900.0
50,75.0,Some college,,Divorced,Female,Black,No,20000.0
58,40.0,High school,Private,Married,Male,White,Yes,35000.0
48,30.0,High school,Self-employed,Married,Male,White,No,8000.0
52,30.0,Some college,Self-employed (incorporated),Married,Female,White,Yes,60000.0
24,40.0,Some college,Private,Never married,Male,Asian,Yes,20800.0
79,40.0,High school,Private,Widowed,Female,White,Yes,46000.0
39,60.0,Bachelor degree,Private,Never married,Male,White,No,35000.0
67,40.0,Some college,Federal government,Married,Male,White,Yes,55000.0
40,40.0,Some college,Private,Separated,Female,White,Yes,30000.0
64,14.0,Associate degree,Private non-profit,Married,Female,White,No,13900.0
37,40.0,Bachelor degree,Private,Separated,Female,Asian,Yes,60000.0
37,35.0,High school,Private,Never married,Female,White,Yes,35000.0
83,30.0,High school,Private,Married,Male,White,Yes,54100.0
55,40.0,High school,,Married,Male,White,Yes,35010.0
56,40.0,High school,State government,Married,Female,Black,Yes,23000.0
20,30.0,High school,Private,Married,Male,Black,Yes,8300.0
62,49.0,,Private,Widowed,Male,Black,Yes,52000.0
23,40.0,Bachelor degree,Federal government,Never married,Male,White,Yes,7000.0
53,,Bachelor degree,Private,Married,Male,White,Yes,65000.0
62,,Associate degree,Private,Divorced,Male,White,No,24000.0
34,40.0,Bachelor degree,Private,Never married,Male,White,Yes,50000.0
52,50.0,Bachelor degree,Private,Married,Female,White,Yes,100000.0
17,10.0,Some college,Local government,Never married,Female,White,Yes,1000.0
27,30.0,Bachelor degree,Private,Never married,Male,White,Yes,34000.0
55,50.0,Bachelor degree,Private,Married,Male,White,Yes,55000.0
20,40.0,High school,Private,Never married,Male,White,Yes,3700.0
53,15.0,High school,Self-employed,Married,Female,White,Yes,13500.0
23,40.0,Some college,Self-employed,Never married,Male,Black,No,1000.0
30,36.0,High school,Private,Never married,Male,Black,Yes,14000.0
20,30.0,High school,Private,Never married,Female,Black,Yes,12000.0
25,40.0,High school,Private,Never married,Male,Other or multiple,Yes,25000.0
55,40.0,High school,Private,Divorced,Male,White,Yes,20700.0
27,40.0,Bachelor degree,Private,Divorced,Female,White,Yes,35000.0
34,36.0,High school,Private,Married,Female,Black,Yes,23500.0
43,32.0,Bachelor degree,Private,Never married,Female,White,Yes,43000.0
45,70.0,High school,Self-employed (incorporated),Married,Male,Black,Yes,25000.0
32,60.0,Associate degree,Private,Never married,Female,Black,Yes,20000.0
43,40.0,,Self-employed (incorporated),Divorced,Female,White,Yes,67000.0
48,40.0,Some college,Private,Married,Female,White,Yes,30500.0
27,40.0,Associate degree,Private,Never married,Male,White,Yes,37000.0
50,40.0,High school,Private,Married,Female,White,Yes,50000.0
42,40.0,Associate degree,Private,Married,Male,White,Yes,90000.0
36,40.0,Some college,,Married,Female,White,Yes,44000.0
48,,,Private,Never married,Female,White,Yes,26500.0
71,40.0,Some college,Private,Married,Male,White,Yes,33200.0
19,20.0,High school,Private non-profit,Never married,Female,White,Yes,3500.0
24,40.0,,Private,Married,Female,White,No,25000.0
32,40.0,Bachelor degree,Private,Never married,Female,White,Yes,40000.0
53,50.0,Bachelor degree,Self-employed,Married,Female,Black,Yes,65000.0
41,55.0,Graduate degree,Private non-profit,Separated,Female,White,Yes,100000.0
39,50.0,Bachelor degree,,Married,Female,Other or multiple,No,70000.0
30,40.0,Graduate degree,Local government,Never married,Female,White,Yes,40000.0
32,60.0,Associate degree,Private,Married,Male,Other or multiple,Yes,38000.0
27,40.0,Graduate degree,Private,Never married,Male,Asian,No,85000.0
40,40.0,No high school diploma,Private,Married,Male,Other or multiple,No,18800.0
51,60.0,,Self-employed (incorporated),Married,Male,Asian,No,50000.0
44,40.0,Associate degree,Local government,Never married,Female,Black,Yes,41900.0
42,40.0,Graduate degree,Private,Divorced,Female,White,Yes,506500.0
51,50.0,Some college,Private,Married,Female,Black,Yes,88000.0
35,50.0,High school,Federal government,Married,Male,White,Yes,36000.0
66,40.0,Some college,Private,Married,Male,White,Yes,52000.0
75,4.0,High school,Self-employed (incorporated),Divorced,Female,Black,Yes,11300.0
39,,No high school diploma,Private,Divorced,Female,Black,Yes,38000.0
38,40.0,Associate degree,Private,Married,Female,White,Yes,58200.0
29,40.0,Associate degree,Local government,Married,Female,White,Yes,14700.0
40,40.0,High school,Private,Divorced,Male,Black,Yes,24000.0
49,40.0,High school,Private,Married,Female,Black,Yes,50000.0
52,40.0,Bachelor degree,Federal government,Married,Male,White,Yes,112000.0
35,40.0,Bachelor degree,Private,Married,Female,White,Yes,90000.0
55,40.0,,Private,Married,Female,White,Yes,26000.0
26,60.0,High school,Self-employed (incorporated),Never married,Male,White,No,50000.0
43,35.0,Some college,Private,Married,Male,White,No,26000.0
43,40.0,Some college,Private,Divorced,Female,Black,Yes,23000.0
57,28.0,Graduate degree,Self-employed (incorporated),Married,Female,White,Yes,79000.0
58,30.0,Graduate degree,Self-employed (incorporated),Married,Female,White,Yes,98000.0
58,45.0,Graduate degree,Self-employed (incorporated),Married,Male,White,Yes,185000.0
33,,High school,Private,Married,Male,White,Yes,30000.0
65,26.0,Graduate degree,Self-employed (incorporated),Married,Female,White,Yes,74600.0
25,40.0,Some college,Private,Never married,Female,Black,Yes,20000.0
24,10.0,Bachelor degree,State government,Never married,Male,White,Yes,3000.0
59,40.0,Associate degree,Private,Married,Female,White,Yes,46000.0
60,40.0,Graduate degree,Local government,Married,Female,Other or multiple,Yes,60250.0
61,40.0,Graduate degree,Private,Married,Male,Asian,No,87000.0
26,20.0,No high school diploma,Private,Never married,Female,White,No,8700.0
33,40.0,Graduate degree,Local government,Never married,Female,White,Yes,5000.0
48,40.0,High school,Federal government,Married,Male,Black,Yes,58000.0
49,40.0,Associate degree,Private,Married,Male,White,Yes,55000.0
27,30.0,Associate degree,Private,Married,Female,White,Yes,27000.0
37,,Some college,Private,Married,Female,White,Yes,53000.0
19,,High school,Private,Never married,Male,White,Yes,3400.0
26,30.0,Some college,Private,Married,Male,White,Yes,22000.0
52,38.0,High school,Private,Married,Male,White,No,36400.0
27,40.0,Bachelor degree,Private,Married,Male,White,Yes,38000.0
17,15.0,No high school diploma,Private,Never married,Female,Black,Yes,3500.0
42,45.0,Associate degree,Private,Married,Male,Black,Yes,48000.0
21,12.0,Some college,Private non-profit,Never married,Male,Black,Yes,600.0
62,40.0,Some college,Private,Divorced,Male,White,Yes,29000.0
62,40.0,Bachelor degree,Private,Married,Male,White,Yes,519900.0
55,12.0,Some college,,Married,Male,Other or multiple,Yes,67200.0
58,45.0,Graduate degree,Local government,Married,Female,White,Yes,58000.0
56,40.0,Graduate degree,Private,Married,Male,Asian,No,150000.0
74,45.0,High school,Private,Married,Female,White,Yes,37600.0
60,2.0,Associate degree,Private,Married,Male,White,Yes,3500.0
75,40.0,Bachelor degree,Private,Divorced,Female,Black,Yes,38700.0
23,38.0,Some college,Private,Never married,Male,White,Yes,23100.0
37,50.0,Graduate degree,Private,Married,Female,White,Yes,471000.0
55,20.0,Some college,Private,Married,Female,Black,Yes,6000.0
29,55.0,High school,Private,Married,Male,White,Yes,65000.0
50,30.0,Some college,Self-employed,Divorced,Female,White,Yes,36200.0
22,24.0,Some college,Local government,Never married,Female,White,Yes,12000.0
37,40.0,Associate degree,Private,Divorced,Female,White,Yes,40600.0
60,40.0,,Private,Married,Male,White,Yes,300000.0
38,40.0,Bachelor degree,Private,Married,Female,White,Yes,55000.0
47,45.0,,Private,Married,Male,Black,Yes,102000.0
25,40.0,High school,Private,Never married,Male,Black,Yes,13900.0
23,24.0,Some college,Private,Never married,Female,White,Yes,10000.0
54,,Associate degree,Private,Married,Female,White,Yes,70000.0
55,40.0,,Private,Married,Male,Black,No,35000.0
42,40.0,Some college,Private,Divorced,Male,White,Yes,85000.0
57,20.0,Bachelor degree,State government,Married,Female,White,Yes,9200.0
70,40.0,High school,Private non-profit,Married,Female,White,Yes,33100.0
54,42.0,High school,Private,Married,Female,White,Yes,37800.0
29,40.0,Some college,,Never married,Male,Black,Yes,5100.0
30,40.0,Bachelor degree,,Never married,Female,White,Yes,75000.0
63,15.0,Graduate degree,Private,Married,Male,White,Yes,52370.0
28,40.0,Bachelor degree,Private,Married,Female,White,Yes,30000.0
59,60.0,High school,Self-employed (incorporated),Separated,Female,Asian,No,70000.0
27,40.0,Associate degree,State government,Married,Female,White,Yes,35000.0
48,40.0,Graduate degree,Self-employed (incorporated),Married,Male,White,Yes,40000.0
18,2.0,Some college,Private,Never married,Female,Black,Yes,200.0
64,40.0,Graduate degree,Private,Divorced,Female,Black,Yes,47000.0
40,45.0,Graduate degree,Private,Married,Male,White,Yes,133000.0
38,40.0,Associate degree,Private,Married,Male,White,Yes,30000.0
26,36.0,Bachelor degree,Private,Married,Female,White,No,18000.0
70,34.0,High school,Private,Widowed,Male,White,Yes,27800.0
55,40.0,Graduate degree,Private,Married,Male,White,Yes,250000.0
52,40.0,Graduate degree,Self-employed,Married,Female,White,Yes,43000.0
44,,Some college,Private,Divorced,Female,Black,Yes,30000.0
39,47.0,High school,Private,Married,Male,White,Yes,65000.0
21,30.0,High school,Private,Never married,Male,White,Yes,500.0
61,40.0,Bachelor degree,Local government,Widowed,Female,White,Yes,60000.0
52,35.0,Some college,Private,Married,Female,White,Yes,15000.0
24,25.0,Bachelor degree,Private,Never married,Female,Asian,No,12000.0
33,80.0,Graduate degree,Private,Married,Male,White,Yes,60000.0
50,42.0,Graduate degree,Private non-profit,Married,Male,White,Yes,173000.0
53,40.0,Associate degree,Private,Married,Female,Black,Yes,40000.0
32,40.0,Some college,,Never married,Female,White,Yes,55000.0
30,50.0,,Private,Married,Male,White,Yes,95000.0
51,40.0,High school,Private,Never married,Female,Black,Yes,30000.0
19,15.0,Some college,Local government,Never married,Female,White,Yes,4400.0
69,40.0,High school,Private,Divorced,Male,Black,Yes,22400.0
25,40.0,Some college,Private,Never married,Female,White,No,3000.0
23,40.0,High school,Private,Never married,Female,White,Yes,17100.0
47,40.0,Graduate degree,Private non-profit,Married,Female,White,Yes,42000.0
51,40.0,Bachelor degree,State government,Married,Female,White,Yes,40000.0
52,39.0,High school,Private,Separated,Female,Black,Yes,32000.0
17,30.0,No high school diploma,Private,Never married,Female,White,Yes,7100.0
34,40.0,Some college,Private,Married,Male,Black,No,20000.0
45,40.0,Graduate degree,Private,Married,Female,Asian,No,200000.0
39,50.0,High school,Private,Married,Male,White,Yes,98000.0
53,36.0,High school,Private,Married,Female,Black,Yes,18900.0
62,40.0,Some college,Private,Married,Female,White,Yes,37000.0
37,40.0,High school,Private,Divorced,Male,White,Yes,32000.0
58,20.0,Some college,Self-employed,Divorced,Female,White,Yes,10000.0
41,40.0,Bachelor degree,Self-employed (incorporated),Married,Female,White,Yes,44000.0
23,40.0,High school,Self-employed,Never married,Male,White,Yes,15000.0
52,40.0,Bachelor degree,Private,Never married,Female,White,Yes,100000.0
30,50.0,Associate degree,Private,Separated,Female,White,Yes,13000.0
56,40.0,High school,Private,Divorced,Male,White,Yes,103000.0
54,40.0,High school,Federal government,Divorced,Female,Other or multiple,No,90000.0
23,20.0,Bachelor degree,Private,Never married,Male,White,Yes,15600.0
20,20.0,,Local government,Never married,Female,Black,Yes,4800.0
44,35.0,High school,Private,Married,Male,Black,Yes,13000.0
28,40.0,Associate degree,Private,Married,Female,White,Yes,32700.0
59,40.0,Some college,Private,Divorced,Male,Black,Yes,50000.0
51,40.0,High school,Self-employed (incorporated),Married,Male,White,Yes,78000.0
58,40.0,High school,Private,Married,Male,White,Yes,26000.0
27,40.0,Some college,Private,Never married,Male,White,Yes,29500.0
23,30.0,Bachelor degree,Self-employed (incorporated),Never married,Male,White,Yes,12000.0
29,40.0,Some college,Private,Never married,Female,White,Yes,21000.0
42,40.0,High school,Private,Married,Male,Other or multiple,Yes,35000.0
34,40.0,Bachelor degree,Local government,Married,Female,White,Yes,12000.0
43,50.0,Some college,Private,Married,Male,White,Yes,65000.0
47,,High school,State government,Married,Female,White,Yes,116000.0
68,40.0,No high school diploma,Private,Never married,Female,Black,Yes,28000.0
46,45.0,Bachelor degree,,Married,Male,Black,Yes,85000.0
68,48.0,Graduate degree,Private,Married,Male,White,Yes,45000.0
64,40.0,Some college,Private,Widowed,Female,Black,Yes,40000.0
48,40.0,Graduate degree,Private,Married,Male,White,Yes,150000.0
21,40.0,Bachelor degree,Private,Never married,Female,Other or multiple,Yes,25000.0
21,40.0,High school,Federal government,Married,Male,White,Yes,21000.0
33,40.0,Some college,Private,Never married,Male,White,Yes,80000.0
38,40.0,Graduate degree,Private non-profit,Never married,Male,Black,No,18200.0
37,30.0,Bachelor degree,State government,Married,Female,White,Yes,22000.0
33,,Graduate degree,Private,Married,Male,White,Yes,135000.0
56,45.0,High school,Self-employed (incorporated),Married,Male,White,Yes,60000.0
40,,Some college,Local government,Married,Female,Black,Yes,24000.0
56,37.0,High school,,Divorced,Female,Black,Yes,16000.0
34,40.0,Bachelor degree,Private,Widowed,Female,White,Yes,35000.0
37,40.0,Graduate degree,Local government,Married,Female,White,Yes,43000.0
18,20.0,No high school diploma,Private,Never married,Female,White,Yes,800.0
32,53.0,No high school diploma,Private,Married,Male,White,No,46200.0
56,40.0,High school,State government,Never married,Male,Black,Yes,16000.0
26,40.0,,Private non-profit,Never married,Male,Asian,Yes,45000.0
26,40.0,High school,Private,Never married,Female,Black,Yes,25000.0
50,48.0,High school,Local government,Married,Male,White,Yes,28000.0
35,40.0,Associate degree,Private,Never married,Female,White,Yes,48000.0
33,40.0,High school,Private,Never married,Female,Asian,No,8500.0
50,50.0,Some college,Private non-profit,Divorced,Female,White,Yes,100000.0
57,40.0,Bachelor degree,Private non-profit,Married,Female,Other or multiple,Yes,113000.0
69,40.0,Some college,State government,Divorced,Female,White,Yes,37000.0
54,35.0,Bachelor degree,Private,Married,Male,Asian,No,13200.0
46,30.0,Some college,Private,Married,Female,Other or multiple,Yes,600.0
22,32.0,High school,Private,Never married,Female,White,Yes,15600.0
58,50.0,High school,Private,Married,Male,White,Yes,46000.0
36,40.0,Associate degree,Local government,Divorced,Male,Black,Yes,28000.0
45,58.0,Some college,Federal government,Married,Male,Other or multiple,Yes,243000.0
40,45.0,High school,Private,Never married,Male,White,Yes,4000.0
81,12.0,High school,Self-employed (incorporated),Married,Male,White,Yes,24000.0
40,40.0,Bachelor degree,Private non-profit,Divorced,Female,White,Yes,200000.0
74,30.0,Bachelor degree,Self-employed,Divorced,Female,White,Yes,59200.0
40,60.0,High school,Private,Divorced,Male,White,Yes,36000.0
29,50.0,,,Married,Male,White,Yes,35000.0
32,40.0,Some college,,Never married,Female,Black,Yes,42000.0
35,15.0,Some college,Private,Married,Female,Other or multiple,Yes,10400.0
44,44.0,Bachelor degree,,Divorced,Female,White,Yes,60000.0
25,40.0,Some college,,Married,Male,Black,Yes,38000.0
28,40.0,Some college,Private non-profit,Never married,Male,White,Yes,22000.0
24,40.0,Bachelor degree,Private,Never married,Male,Asian,No,24000.0
44,40.0,High school,Private,Married,Male,White,Yes,30700.0
45,40.0,Graduate degree,Private,Married,Male,White,Yes,120000.0
50,,High school,Self-employed,Married,Male,White,Yes,5000.0
49,30.0,Some college,Self-employed,Married,Female,White,Yes,15000.0
52,20.0,High school,Private,Divorced,Female,White,Yes,4200.0
64,50.0,Graduate degree,Private non-profit,Divorced,Male,Black,No,35700.0
38,40.0,High school,Private,Married,Male,White,Yes,15000.0
55,60.0,Graduate degree,Private,Married,Female,White,No,130000.0
49,40.0,Graduate degree,Local government,Married,Male,White,Yes,114000.0
35,35.0,High school,Private,Married,Female,White,Yes,20000.0
61,37.0,High school,Private,Married,Female,Black,Yes,5000.0
60,40.0,,State government,Never married,Male,Black,Yes,2000.0
73,20.0,Graduate degree,Private non-profit,Married,Male,White,Yes,58000.0
60,40.0,No high school diploma,Private,Married,Male,White,No,20000.0
60,70.0,Associate degree,,Married,Male,White,Yes,150000.0
35,40.0,Some college,Private,Never married,Male,Black,Yes,35000.0
25,45.0,Bachelor degree,Private,Never married,Female,Black,Yes,10000.0
50,40.0,High school,Self-employed (incorporated),Never married,Female,White,Yes,42000.0
29,45.0,Some college,Private,Divorced,Male,White,Yes,49000.0
28,40.0,Associate degree,Private,Never married,Male,White,Yes,37700.0
55,40.0,No high school diploma,Private,Married,Female,White,Yes,17700.0
45,20.0,High school,Private non-profit,Married,Male,Black,Yes,7000.0
38,40.0,,Private non-profit,Married,Female,White,Yes,16800.0
32,40.0,,Local government,Married,Female,White,Yes,60000.0
60,40.0,High school,Private non-profit,Separated,Female,White,Yes,18000.0
51,13.0,Graduate degree,State government,Married,Female,White,Yes,16680.0
23,24.0,Some college,Private,Never married,Female,White,Yes,14000.0
49,30.0,Bachelor degree,,Divorced,Female,White,Yes,32000.0
44,50.0,High school,Federal government,Married,Male,White,Yes,72000.0
26,40.0,Bachelor degree,Private,Never married,Male,Other or multiple,Yes,64000.0
25,40.0,Associate degree,Federal government,Married,Male,White,Yes,70000.0
20,4.0,Associate degree,Private non-profit,Never married,Female,White,Yes,2000.0
62,25.0,Some college,Local government,Divorced,Female,Black,Yes,30700.0
52,40.0,High school,State government,Married,Female,White,Yes,40000.0
56,40.0,Bachelor degree,Self-employed (incorporated),Married,Male,White,Yes,100150.0
50,60.0,Graduate degree,Private,Married,Female,White,Yes,471000.0
26,42.0,Bachelor degree,Private,Never married,Female,White,Yes,80000.0
58,35.0,High school,Self-employed,Married,Female,White,Yes,24700.0
56,28.0,High school,Private,Married,Female,White,Yes,15000.0
32,41.0,Associate degree,Private non-profit,Married,Female,White,Yes,53000.0
65,40.0,Graduate degree,Self-employed,Divorced,Male,Black,Yes,311000.0
18,25.0,Some college,Private,Never married,Female,White,No,5000.0
19,4.0,Some college,Private non-profit,Never married,Male,White,Yes,8600.0
18,12.0,No high school diploma,Private,Never married,Male,Asian,Yes,180.0
27,40.0,Some college,Private,Married,Female,Other or multiple,Yes,24000.0
26,40.0,Associate degree,State government,Never married,Female,Black,Yes,42000.0
85,40.0,Some college,State government,Married,Male,White,Yes,67500.0
75,40.0,Bachelor degree,Private,Married,Male,White,Yes,83900.0
19,45.0,High school,State government,Never married,Female,White,Yes,21000.0
61,40.0,Some college,Private,Married,Male,Black,Yes,35000.0
37,40.0,High school,Private,Never married,Male,White,Yes,16000.0
28,40.0,Bachelor degree,Private,Never married,Male,Black,Yes,45000.0
21,32.0,Some college,Private,Never married,Female,Black,Yes,13000.0
48,50.0,Graduate degree,Federal government,Married,Male,White,Yes,107000.0
44,52.0,Bachelor degree,Federal government,Married,Male,White,No,126000.0
30,40.0,Some college,,Never married,Male,White,Yes,14500.0
56,43.0,Associate degree,,Divorced,Female,White,Yes,36000.0
46,40.0,Graduate degree,Self-employed (incorporated),Divorced,Female,White,Yes,50000.0
43,30.0,High school,Private,Widowed,Female,White,Yes,20000.0
59,40.0,Graduate degree,Private,Married,Female,White,Yes,110000.0
23,15.0,Some college,Private,Never married,Male,Black,Yes,2000.0
39,40.0,High school,Private,Married,Male,Black,Yes,29000.0
24,40.0,No high school diploma,Private,Never married,Female,Other or multiple,No,25200.0
52,40.0,Bachelor degree,Self-employed (incorporated),Married,Male,White,Yes,6500.0
71,60.0,Bachelor degree,Self-employed (incorporated),Married,Male,White,Yes,96300.0
64,50.0,Graduate degree,Self-employed (incorporated),Married,Male,White,Yes,120000.0
53,45.0,Bachelor degree,Private,Married,Male,White,Yes,83000.0
50,58.0,High school,Private,Married,Male,White,Yes,112000.0
50,40.0,Graduate degree,Federal government,Never married,Male,White,Yes,128000.0
53,70.0,High school,Private,Divorced,Male,White,Yes,24600.0
53,40.0,Associate degree,,Married,Male,Black,Yes,38000.0
57,40.0,Some college,Private,Married,Male,White,Yes,90000.0
38,36.0,Associate degree,Private,Married,Female,Black,Yes,24300.0
30,40.0,Some college,Private,Divorced,Female,Black,Yes,13000.0
51,40.0,,Private non-profit,Married,Male,Asian,No,57000.0
66,35.0,Bachelor degree,Private,Married,Male,White,Yes,43250.0
37,60.0,Some college,Federal government,Married,Male,White,Yes,50000.0
45,40.0,Graduate degree,Local government,Married,Female,White,Yes,55000.0
61,40.0,Some college,Private,Married,Female,Other or multiple,Yes,57000.0
34,,Bachelor degree,Self-employed (incorporated),Never married,Female,Black,Yes,90000.0
49,20.0,No high school diploma,Private,Divorced,Female,White,Yes,2000.0
46,40.0,No high school diploma,Private,Never married,Male,White,No,20000.0
42,15.0,Associate degree,Self-employed,Married,Female,Asian,No,41000.0
60,40.0,Graduate degree,Federal government,Married,Female,Black,Yes,105000.0
61,50.0,Some college,Private,Married,Male,White,Yes,44000.0
45,40.0,High school,Private,Married,Male,White,Yes,40000.0
20,35.0,Some college,Private,Never married,Male,White,Yes,21800.0
23,40.0,High school,State government,Never married,Male,Black,Yes,4500.0
35,60.0,Some college,Private,Married,Male,White,Yes,91000.0
47,25.0,Graduate degree,Private non-profit,Married,Female,White,Yes,30000.0
42,50.0,Graduate degree,Self-employed (incorporated),Married,Female,Black,Yes,62200.0
44,40.0,Bachelor degree,Private,Married,Male,Black,Yes,109000.0
26,40.0,Graduate degree,Private non-profit,Married,Female,White,Yes,55000.0
56,40.0,Some college,Federal government,Married,Male,Black,Yes,86000.0
56,20.0,Graduate degree,Private,Never married,Female,White,Yes,52000.0
26,,High school,Private,Never married,Male,Black,Yes,96000.0
48,40.0,Bachelor degree,Private,Married,Female,White,Yes,20000.0
25,40.0,Bachelor degree,Private,Never married,Male,White,Yes,1000.0
55,75.0,Some college,Private,Divorced,Male,White,Yes,156000.0
42,65.0,Graduate degree,Private,Married,Male,White,Yes,112000.0
32,40.0,High school,Private,Married,Male,Other or multiple,No,38400.0
57,40.0,High school,Private,Married,Female,White,Yes,33000.0
34,40.0,Associate degree,Private,Married,Male,Black,Yes,37000.0
58,45.0,Bachelor degree,State government,Married,Male,White,Yes,74000.0
63,40.0,Some college,Private,Married,Male,Black,Yes,40000.0
48,60.0,Bachelor degree,Self-employed,Married,Male,White,Yes,32000.0
40,30.0,Associate degree,Private non-profit,Married,Female,White,Yes,40800.0
42,40.0,Some college,Private non-profit,Never married,Female,Black,Yes,50000.0
53,80.0,Some college,Self-employed (incorporated),Married,Female,Asian,No,18000.0
61,50.0,Bachelor degree,Federal government,Married,Male,Black,Yes,98000.0
41,38.0,No high school diploma,Private,Married,Female,White,No,16000.0
73,45.0,High school,Self-employed (incorporated),Married,Male,White,Yes,35000.0
43,40.0,Some college,,Married,Female,White,Yes,32000.0
66,60.0,Some college,Private,Divorced,Male,White,Yes,38100.0
36,20.0,Graduate degree,Private,Divorced,Male,Black,Yes,9900.0
17,11.0,High school,Local government,Never married,Female,Black,Yes,2000.0
20,35.0,Some college,Private,Never married,Female,White,Yes,5000.0
61,45.0,Some college,Private,Married,Female,White,No,65000.0
56,50.0,Bachelor degree,Private,Married,Male,White,Yes,150000.0
44,50.0,Graduate degree,Federal government,Married,Female,White,Yes,120000.0
21,20.0,No high school diploma,Private,Never married,Male,White,Yes,12000.0
57,40.0,Some college,Private,Divorced,Male,White,Yes,34000.0
52,40.0,High school,Private,Married,Female,White,Yes,30000.0
28,50.0,High school,Private,Married,Male,Other or multiple,No,35000.0
21,50.0,High school,Private,Never married,Male,White,Yes,36000.0
35,60.0,Some college,Private,Married,Male,Black,Yes,37000.0
56,40.0,No high school diploma,Private,Widowed,Female,Black,Yes,32400.0
58,40.0,High school,Private,Divorced,Male,White,Yes,36000.0
43,70.0,High school,Private,Married,Male,White,Yes,80000.0
33,32.0,Associate degree,Private,Never married,Female,White,Yes,2000.0
47,40.0,Bachelor degree,Private,Never married,Female,White,Yes,70000.0
31,40.0,High school,Private,Never married,Male,White,Yes,13700.0
30,52.0,High school,Private,Married,Male,Black,Yes,35000.0
23,40.0,High school,Private,Never married,Female,Black,Yes,10000.0
71,20.0,Associate degree,Local government,Married,Male,White,Yes,24500.0
29,40.0,Bachelor degree,Private,Never married,Female,White,Yes,13000.0
42,60.0,Bachelor degree,Self-employed,Married,Female,White,Yes,48000.0
49,40.0,High school,Private,Married,Male,Black,Yes,46000.0
42,40.0,High school,Private,Never married,Male,White,Yes,47000.0
39,40.0,No high school diploma,Private,Never married,Male,Black,Yes,30000.0
52,34.0,Associate degree,Private,Married,Female,White,Yes,4200.0
78,18.0,Graduate degree,Self-employed,Married,Male,White,Yes,114300.0
65,40.0,Bachelor degree,Federal government,Married,Male,Black,Yes,170000.0
45,40.0,Bachelor degree,Private,Married,Female,Black,Yes,74080.0
36,60.0,Graduate degree,Federal government,Married,Male,Black,Yes,55800.0
49,40.0,Some college,Local government,Married,Female,White,Yes,22000.0
44,45.0,Bachelor degree,Private,Married,Male,White,Yes,120040.0
33,40.0,High school,Private,Never married,Male,White,Yes,22400.0
23,60.0,High school,Private,Never married,Male,White,Yes,60000.0
58,45.0,Some college,Private,Married,Female,White,Yes,99000.0
64,40.0,High school,Private,Divorced,Male,Black,Yes,35000.0
49,40.0,High school,Private,Married,Female,White,Yes,100000.0
45,40.0,Some college,Private,Never married,Male,Black,Yes,40000.0
32,40.0,Bachelor degree,Private,Never married,Male,Asian,Yes,90000.0
17,36.0,No high school diploma,Private,Never married,Male,White,Yes,6600.0
32,60.0,High school,Self-employed,Never married,Male,White,Yes,760.0
64,,Associate degree,Private,Married,Female,White,No,120000.0
28,40.0,Some college,Private,Married,Female,Other or multiple,Yes,12500.0
33,40.0,High school,Private,Never married,Male,Black,Yes,58000.0
76,40.0,Associate degree,Private,Married,Male,Other or multiple,Yes,59000.0
23,20.0,Bachelor degree,Private,Never married,Female,White,Yes,5000.0
33,40.0,Graduate degree,Federal government,Married,Female,White,Yes,102000.0
26,40.0,Bachelor degree,Private,Never married,Male,White,Yes,42000.0
42,60.0,Graduate degree,Private,Divorced,Male,White,Yes,60000.0
54,40.0,High school,,Married,Male,White,Yes,311000.0
20,20.0,Some college,Private,Never married,Male,White,Yes,17000.0
35,40.0,Graduate degree,Federal government,Married,Male,White,Yes,91600.0
47,40.0,Bachelor degree,Private,Married,Male,White,Yes,150000.0
58,45.0,Bachelor degree,Private,Married,Male,White,Yes,155000.0
32,50.0,Associate degree,Federal government,Married,Male,Black,Yes,48000.0
35,80.0,Bachelor degree,Local government,Divorced,Male,White,Yes,5000.0
22,36.0,High school,Private,Never married,Female,White,Yes,22000.0
20,20.0,No high school diploma,Private,Never married,Male,Black,Yes,13000.0
52,60.0,Bachelor degree,Private,Married,Male,White,Yes,110000.0
49,72.0,Some college,Local government,Married,Male,White,Yes,27000.0
49,50.0,Bachelor degree,Private,Divorced,Male,White,Yes,142000.0
41,40.0,High school,Private,Married,Male,White,No,38000.0
24,40.0,Associate degree,Federal government,Never married,Male,Other or multiple,No,26000.0
26,53.0,Bachelor degree,,Never married,Female,White,Yes,15000.0
27,20.0,High school,Private,Married,Female,White,Yes,5000.0
34,39.0,Graduate degree,,Married,Female,White,Yes,52000.0
56,4.0,Bachelor degree,Private,Married,Female,Asian,No,14000.0
32,40.0,,Private,Married,Male,White,Yes,60000.0
35,45.0,Bachelor degree,Private,Never married,Male,Asian,Yes,95020.0
38,40.0,Associate degree,State government,Married,Female,Black,Yes,26000.0
52,20.0,No high school diploma,Self-employed,Married,Male,White,Yes,40000.0
43,40.0,High school,Private,Never married,Male,White,Yes,42000.0
55,40.0,Associate degree,Federal government,Married,Male,White,Yes,51600.0
58,40.0,High school,Private,Divorced,Female,Black,Yes,35000.0
23,24.0,High school,Private,Never married,Male,White,No,15000.0
41,30.0,Graduate degree,Self-employed,Married,Female,Other or multiple,No,7100.0
35,60.0,Some college,Private,Married,Male,White,Yes,86000.0
36,40.0,Graduate degree,State government,Married,Female,White,Yes,52000.0
48,15.0,Associate degree,Local government,Divorced,Female,White,Yes,2000.0
55,40.0,Associate degree,State government,Married,Female,White,Yes,45000.0
67,40.0,High school,Self-employed,Married,Male,Black,Yes,20000.0
28,70.0,Graduate degree,Private non-profit,Never married,Male,White,No,50000.0
57,20.0,Some college,Private,Married,Female,White,Yes,23660.0
37,40.0,Bachelor degree,Private,Never married,Female,White,Yes,70000.0
40,40.0,Some college,Private,Married,Male,White,Yes,118000.0
60,60.0,High school,Local government,Married,Male,White,Yes,104400.0
19,38.0,Some college,Private,Never married,Female,White,Yes,2000.0
19,25.0,High school,Private,Never married,Male,White,Yes,8000.0
36,40.0,Graduate degree,Local government,Divorced,Female,Black,Yes,61000.0
45,40.0,,Private,Married,Male,Black,Yes,27000.0
60,42.0,Associate degree,Private,Divorced,Female,White,Yes,26000.0
60,34.0,Graduate degree,State government,Divorced,Male,White,Yes,153000.0
31,40.0,Graduate degree,Private non-profit,Married,Female,Black,Yes,52000.0
27,30.0,Associate degree,Private,Married,Female,White,Yes,48000.0
40,,Associate degree,State government,Never married,Female,Black,Yes,35000.0
46,40.0,High school,Private,Married,Male,Black,No,33300.0
63,25.0,Graduate degree,Self-employed,Married,Female,White,No,30750.0
60,40.0,No high school diploma,Private,Married,Female,Black,Yes,25000.0
45,70.0,Bachelor degree,Private non-profit,Married,Female,White,Yes,100000.0
28,55.0,Bachelor degree,Private,Divorced,Female,White,No,92000.0
25,40.0,Bachelor degree,Local government,Married,Male,White,No,38000.0
47,40.0,Graduate degree,Self-employed (incorporated),Married,Male,Asian,No,100000.0
75,26.0,High school,Private,Divorced,Male,White,Yes,553300.0
68,16.0,Bachelor degree,Private,Married,Male,White,Yes,211000.0
45,40.0,Some college,Federal government,Married,Female,Black,Yes,40000.0
28,50.0,No high school diploma,Private,Never married,Male,Other or multiple,No,40000.0
35,40.0,Associate degree,Private non-profit,Married,Female,White,Yes,75000.0
24,42.0,Bachelor degree,Private,Never married,Female,White,Yes,55000.0
46,45.0,,Private,Married,Male,Other or multiple,Yes,155450.0
60,60.0,Some college,Self-employed (incorporated),Divorced,Female,White,Yes,71000.0
32,50.0,Graduate degree,Private,Married,Male,White,Yes,100000.0
17,18.0,No high school diploma,Private,Never married,Female,Black,Yes,9100.0
42,60.0,Some college,Private,Married,Male,White,Yes,40000.0
48,60.0,Some college,Local government,Married,Male,White,Yes,55000.0
57,50.0,Bachelor degree,Private,Married,Female,White,Yes,471000.0
48,25.0,No high school diploma,Private,Never married,Male,White,Yes,1200.0
51,55.0,,Local government,Widowed,Female,White,Yes,50000.0
27,40.0,Bachelor degree,Private,Never married,Male,White,Yes,50000.0
24,40.0,Bachelor degree,Local government,Married,Male,Black,Yes,41000.0
45,40.0,High school,Private,Never married,Male,Black,Yes,115000.0
58,40.0,Some college,Private,Married,Male,White,Yes,43000.0
40,50.0,Associate degree,Private,Never married,Male,Black,Yes,100000.0
38,40.0,High school,Private,Married,Female,White,Yes,34400.0
49,3.0,High school,Self-employed,Divorced,Female,White,Yes,3000.0
33,50.0,High school,Private,Married,Male,White,Yes,69000.0
45,40.0,Bachelor degree,Private,Married,Male,Black,Yes,121400.0
59,40.0,High school,Federal government,Divorced,Female,White,Yes,70000.0
64,40.0,Bachelor degree,Private,Divorced,Male,White,No,110000.0
65,44.0,Some college,,Married,Male,White,No,12000.0
40,40.0,Graduate degree,Local government,Married,Female,White,Yes,60000.0
20,12.0,Some college,Private,Never married,Male,White,Yes,2200.0
26,,High school,Private,Never married,Male,White,Yes,30000.0
59,40.0,High school,Local government,Divorced,Female,Black,Yes,56040.0
77,40.0,No high school diploma,Self-employed,Married,Male,White,Yes,123000.0
24,40.0,Bachelor degree,Private,Never married,Male,White,Yes,26000.0
26,40.0,Some college,Private,Never married,Female,Black,Yes,24000.0
70,20.0,High school,Private,Married,Male,White,Yes,134300.0
24,2.0,Some college,Private,Never married,Male,White,Yes,400.0
21,30.0,Associate degree,,Never married,Female,Black,Yes,13000.0
58,20.0,High school,Self-employed,Married,Male,Other or multiple,Yes,30000.0
26,40.0,High school,Private,Married,Male,Black,Yes,20000.0
39,40.0,High school,Private,Never married,Female,Black,Yes,26000.0
17,18.0,No high school diploma,,Never married,Female,White,Yes,17000.0
49,32.0,Associate degree,Private,Married,Female,White,Yes,64000.0
23,24.0,High school,Private,Never married,Male,Black,Yes,600.0
29,40.0,Bachelor degree,State government,Never married,Male,White,Yes,43000.0
33,42.0,Some college,Private,Married,Male,White,Yes,48000.0
45,40.0,No high school diploma,Private,Married,Female,Other or multiple,No,24000.0
68,40.0,Graduate degree,Local government,Married,Male,Black,No,33000.0
37,50.0,No high school diploma,Private,Never married,Male,White,No,24000.0
43,50.0,Associate degree,Local government,Married,Female,White,Yes,38700.0
44,30.0,High school,Self-employed (incorporated),Separated,Male,White,Yes,40000.0
17,40.0,,Private,Never married,Female,White,Yes,1200.0
27,40.0,No high school diploma,Private,Never married,Male,Black,Yes,1400.0
36,40.0,Bachelor degree,Private,Never married,Female,Other or multiple,No,24000.0
38,40.0,Associate degree,Self-employed,Separated,Male,White,Yes,25000.0
56,48.0,High school,Private,Married,Female,White,Yes,108000.0
46,40.0,Graduate degree,State government,Married,Female,Black,Yes,74000.0
36,40.0,Bachelor degree,,Never married,Female,Black,Yes,45250.0
37,20.0,No high school diploma,Local government,Married,Female,White,Yes,10000.0
59,20.0,Some college,Private,Divorced,Female,White,Yes,5000.0
37,50.0,Bachelor degree,Private,Married,Female,White,Yes,100000.0
17,38.0,No high school diploma,Private,Never married,Male,White,Yes,2800.0
26,24.0,High school,Private,Never married,Female,Black,Yes,12000.0
53,54.0,Associate degree,Self-employed (incorporated),Married,Male,Black,No,52000.0
50,40.0,Associate degree,Self-employed,Married,Female,Black,No,20600.0
36,40.0,Some college,Private,Married,Male,Other or multiple,No,24000.0
58,40.0,Some college,Private,Divorced,Male,White,Yes,52000.0
79,,Some college,Private,Married,Female,White,No,43200.0
43,50.0,Associate degree,Private,Divorced,Male,White,Yes,39000.0
51,48.0,Bachelor degree,Private,Married,Male,White,No,30000.0
39,40.0,Bachelor degree,,Never married,Female,Black,Yes,49000.0
38,25.0,High school,,Divorced,Female,White,Yes,12000.0
39,40.0,Graduate degree,Private,Never married,Female,White,Yes,80000.0
55,50.0,Bachelor degree,Private,Married,Male,White,Yes,150000.0
57,25.0,Bachelor degree,Self-employed,Married,Male,White,Yes,30000.0
28,50.0,Graduate degree,State government,Never married,Male,Asian,No,5000.0
59,,Bachelor degree,Private,Married,Male,White,Yes,50000.0
55,40.0,High school,Private,Married,Female,White,Yes,25000.0
57,52.0,High school,Private,Divorced,Male,White,Yes,75000.0
39,60.0,Bachelor degree,State government,Married,Male,White,Yes,60000.0
43,40.0,Some college,Private,Married,Female,White,Yes,45000.0
53,55.0,Associate degree,Private,Married,Male,White,Yes,69000.0
17,16.0,No high school diploma,Private,Never married,Female,White,Yes,1000.0
41,,High school,Local government,Never married,Female,Black,Yes,32000.0
67,60.0,Some college,Private,Never married,Female,White,Yes,172080.0
62,50.0,,Private,Married,Male,White,No,167600.0
37,35.0,High school,Private,Never married,Female,White,Yes,79000.0
44,35.0,Some college,,Married,Female,White,Yes,39400.0
48,4.0,Some college,Private,Separated,Male,Black,Yes,400.0
67,50.0,High school,Private,Married,Male,White,Yes,62200.0
41,55.0,Bachelor degree,Private,Married,Male,White,Yes,175000.0
29,40.0,High school,Private,Never married,Male,Black,Yes,30000.0
18,20.0,Some college,Private,Never married,Female,White,Yes,2000.0
25,30.0,High school,Private,Never married,Male,White,Yes,10000.0
37,40.0,Associate degree,Private,Married,Female,White,Yes,22800.0
60,47.0,Some college,State government,Divorced,Male,Black,Yes,67000.0
51,50.0,Bachelor degree,Private,Married,Male,Black,Yes,69000.0
46,40.0,Some college,Private,Married,Male,White,Yes,50000.0
25,40.0,Associate degree,Private,Never married,Female,White,Yes,39000.0
20,35.0,Some college,Local government,Never married,Female,Black,Yes,6100.0
33,40.0,Bachelor degree,Private,Married,Female,White,Yes,25000.0
52,50.0,High school,State government,Married,Male,White,Yes,46000.0
60,40.0,High school,State government,Married,Male,Black,Yes,93800.0
48,40.0,No high school diploma,Private,Married,Male,White,Yes,60000.0
42,40.0,No high school diploma,Private,Never married,Male,White,Yes,25000.0
51,50.0,Bachelor degree,State government,Never married,Female,Black,Yes,60200.0
22,40.0,Some college,Private,Never married,Female,White,Yes,8000.0
52,40.0,High school,Private,Never married,Female,Black,Yes,26000.0
68,45.0,Associate degree,,Widowed,Male,Black,Yes,5400.0
40,40.0,High school,Private,Married,Female,White,Yes,28000.0
66,48.0,High school,,Divorced,Male,White,No,36400.0
34,40.0,No high school diploma,Private,Divorced,Male,White,Yes,25000.0
56,40.0,Associate degree,Private,Never married,Female,Black,Yes,17800.0
63,50.0,Associate degree,Private,Married,Male,White,Yes,74000.0
48,40.0,Graduate degree,Local government,Never married,Female,Black,Yes,60600.0
32,40.0,,Private non-profit,Married,Female,Other or multiple,No,36000.0
23,40.0,High school,Private,Never married,Male,Other or multiple,No,30000.0
24,40.0,,Private,Never married,Male,Black,Yes,9600.0
52,40.0,Some college,Local government,Married,Male,White,Yes,60000.0
60,40.0,Some college,Private,Widowed,Male,White,Yes,32000.0
26,40.0,No high school diploma,Private,Divorced,Male,White,Yes,33300.0
48,50.0,High school,Private,Married,Male,White,No,50000.0
52,40.0,High school,Private,Divorced,Female,White,Yes,43000.0
45,40.0,Graduate degree,Private,Married,Male,Asian,No,110000.0
23,37.0,Associate degree,Private,Never married,Female,Other or multiple,Yes,12220.0
31,8.0,Bachelor degree,Private,Married,Female,White,Yes,15300.0
53,40.0,High school,Private,Married,Male,White,Yes,30000.0
19,30.0,Some college,Private,Never married,Female,Black,Yes,3700.0
51,50.0,High school,Private,Married,Male,White,Yes,60000.0
30,40.0,Bachelor degree,Private,Married,Male,Black,Yes,20000.0
92,,High school,Self-employed,Widowed,Male,White,Yes,21000.0
44,40.0,High school,Private,Married,Male,Black,Yes,26600.0
42,16.0,Bachelor degree,Local government,Married,Female,White,Yes,7000.0
38,42.0,Graduate degree,Private,Married,Female,White,No,471000.0
50,40.0,Associate degree,Private,Married,Male,Black,Yes,3000.0
29,40.0,High school,Local government,Never married,Male,Black,Yes,45000.0
20,16.0,High school,Private,Never married,Male,White,Yes,6400.0
27,40.0,High school,Private,Never married,Male,White,Yes,8000.0
40,40.0,High school,Private,Married,Female,Black,No,25000.0
50,40.0,High school,Local government,Married,Female,White,Yes,15000.0
28,40.0,No high school diploma,Private,Never married,Female,White,Yes,37000.0
53,50.0,No high school diploma,Self-employed,Married,Male,White,Yes,25000.0
54,30.0,High school,Self-employed (incorporated),Married,Female,White,Yes,21100.0
22,25.0,Some college,Private,Never married,Female,Black,Yes,13000.0
30,50.0,Some college,Private,Never married,Male,White,Yes,40000.0
55,46.0,No high school diploma,Private,Never married,Male,Black,Yes,9190.0
27,30.0,Some college,Private,Divorced,Male,White,Yes,34700.0
24,20.0,Bachelor degree,Private,Never married,Female,White,Yes,3000.0
49,50.0,Graduate degree,Private,Married,Female,White,Yes,175000.0
28,40.0,Some college,Private,Married,Male,White,Yes,30000.0
36,40.0,No high school diploma,Self-employed (incorporated),Married,Male,White,No,43000.0
50,50.0,No high school diploma,Private,Married,Male,Other or multiple,No,50000.0
23,70.0,High school,Private,Never married,Male,Black,Yes,5000.0
30,40.0,Bachelor degree,Private,Never married,Male,White,Yes,58000.0
55,12.0,High school,Self-employed (incorporated),Never married,Male,Black,Yes,36000.0
59,40.0,High school,Self-employed,Married,Female,White,Yes,26000.0
60,45.0,High school,Private,Married,Female,Black,Yes,65000.0
63,65.0,Associate degree,Self-employed (incorporated),Married,Female,White,Yes,30800.0
67,40.0,Graduate degree,Federal government,Married,Male,White,Yes,242000.0
63,10.0,Graduate degree,State government,Married,Male,White,Yes,14000.0
44,40.0,Some college,Private,Never married,Female,Black,Yes,27000.0
31,40.0,Bachelor degree,Private,Married,Male,Other or multiple,No,110000.0
37,40.0,Graduate degree,Private,Never married,Male,White,Yes,12000.0
53,8.0,Associate degree,Private,Never married,Female,Other or multiple,Yes,7800.0
67,40.0,Graduate degree,Private non-profit,Married,Male,White,Yes,491000.0
32,,No high school diploma,Private non-profit,Never married,Male,White,No,35000.0
59,40.0,Bachelor degree,Private,Married,Female,Asian,No,90000.0
44,20.0,Bachelor degree,Local government,Married,Female,White,Yes,24000.0
33,40.0,High school,Private,Never married,Female,Black,Yes,33000.0
45,50.0,Some college,Private,Married,Male,White,No,42000.0
21,40.0,High school,Private,Married,Female,White,Yes,20000.0
30,40.0,Associate degree,Private,Married,Female,White,No,12000.0
26,40.0,Bachelor degree,Private,Never married,Female,White,Yes,35000.0
19,55.0,High school,Federal government,Never married,Male,White,Yes,22000.0
55,40.0,Some college,Private,Married,Male,White,Yes,201000.0
65,40.0,High school,Private,Never married,Female,Black,Yes,40000.0
51,50.0,Graduate degree,Local government,Married,Male,White,Yes,48500.0
20,20.0,Some college,Private,Never married,Female,White,Yes,2500.0
46,40.0,Some college,Private,Married,Female,White,Yes,88000.0
45,40.0,Bachelor degree,Self-employed (incorporated),Married,Male,White,Yes,24000.0
24,4.0,Associate degree,Private,Married,Male,White,Yes,12000.0
28,50.0,Some college,State government,Married,Male,White,Yes,31000.0
56,55.0,Bachelor degree,Self-employed (incorporated),Divorced,Female,White,Yes,250000.0
64,30.0,High school,Self-employed,Married,Female,White,Yes,33700.0
18,12.0,Some college,Unpaid family work,Never married,Male,Asian,No,2000.0
52,30.0,Associate degree,Private,Married,Female,Black,Yes,35600.0
49,,Bachelor degree,State government,Married,Female,White,Yes,117000.0
33,50.0,High school,Private,Married,Male,Black,Yes,40000.0
22,40.0,High school,Private,Never married,Male,White,Yes,35000.0
37,40.0,High school,Private non-profit,Married,Male,White,Yes,22300.0
57,40.0,Graduate degree,State government,Married,Male,White,Yes,52000.0
60,35.0,Graduate degree,Private non-profit,Married,Male,White,Yes,257000.0
24,40.0,Bachelor degree,Private,Never married,Male,White,Yes,20000.0
52,40.0,Some college,State government,Married,Female,White,Yes,34000.0
17,25.0,No high school diploma,Private,Never married,Female,Black,Yes,3200.0
34,70.0,High school,Private non-profit,Married,Male,White,Yes,45000.0
38,30.0,Some college,Local government,Married,Male,White,Yes,13500.0
42,,Bachelor degree,Federal government,Married,Female,White,Yes,87000.0
83,,Bachelor degree,Private,Married,Male,White,Yes,58200.0
38,40.0,Bachelor degree,Federal government,Married,Female,White,Yes,152000.0
50,40.0,No high school diploma,Private,Never married,Male,White,No,30000.0
43,40.0,Graduate degree,Local government,Married,Female,Black,Yes,47000.0
29,60.0,Bachelor degree,Private,Married,Male,White,Yes,180000.0
23,,High school,Private,Never married,Male,White,Yes,3000.0
27,44.0,,Private,Never married,Female,Black,Yes,10100.0
49,40.0,Graduate degree,Self-employed,Divorced,Female,White,Yes,70000.0
24,8.0,Some college,Private,Married,Female,White,Yes,150.0
72,15.0,High school,Private,Widowed,Female,White,Yes,26380.0
49,40.0,Graduate degree,Self-employed (incorporated),Married,Female,Asian,No,120000.0
49,40.0,Graduate degree,Private,Divorced,Female,White,Yes,25200.0
43,40.0,High school,Private,Married,Female,White,No,30000.0
60,50.0,High school,Self-employed,Married,Female,White,Yes,28600.0
54,60.0,Graduate degree,,Never married,Female,White,Yes,120000.0
72,35.0,Graduate degree,Private,Divorced,Female,White,No,31300.0
46,40.0,No high school diploma,Private,Married,Male,White,No,45000.0
44,42.0,Bachelor degree,Private,Divorced,Male,White,Yes,80000.0
64,40.0,Some college,,Married,Female,White,Yes,30000.0
65,40.0,High school,Private,Married,Male,White,Yes,471000.0
52,40.0,Some college,Private,Married,Male,Black,No,34000.0
47,45.0,High school,Private,Married,Male,White,Yes,34000.0
21,50.0,Associate degree,Federal government,Married,Male,White,Yes,30000.0
26,35.0,Some college,Federal government,Married,Female,White,Yes,30000.0
17,9.0,No high school diploma,Private,Never married,Female,White,Yes,720.0
23,25.0,Some college,Unpaid family work,Never married,Male,White,Yes,1100.0
53,60.0,Bachelor degree,Private non-profit,Divorced,Female,White,Yes,7200.0
53,,Graduate degree,Private,Married,Male,White,Yes,203000.0
25,20.0,Some college,Private,Never married,Male,Asian,Yes,18600.0
45,40.0,Associate degree,Private,Divorced,Male,Other or multiple,Yes,30000.0
38,,Graduate degree,State government,Married,Male,White,Yes,59000.0
40,75.0,High school,Self-employed,Married,Male,White,Yes,40000.0
53,55.0,High school,Private,Separated,Female,Black,Yes,66000.0
49,45.0,Bachelor degree,Private,Never married,Male,White,Yes,150000.0
49,40.0,Graduate degree,Private,Never married,Female,Black,Yes,64000.0
29,,High school,Private,Never married,Male,Black,Yes,32600.0
23,40.0,No high school diploma,Private,Never married,Male,White,Yes,10000.0
47,45.0,Graduate degree,Private,Married,Male,White,Yes,85000.0
37,40.0,Graduate degree,Federal government,Married,Female,White,Yes,70000.0
36,50.0,Bachelor degree,Private,Married,Male,White,Yes,80000.0
63,3.0,Graduate degree,Private non-profit,Married,Male,Black,Yes,95200.0
59,,High school,Private non-profit,Divorced,Female,Black,Yes,21000.0
49,40.0,Some college,Private,Married,Male,Black,No,24300.0
68,24.0,Graduate degree,Local government,Married,Male,Black,Yes,20700.0
55,50.0,Associate degree,Private,Married,Male,White,Yes,96000.0
65,40.0,Associate degree,Private,Divorced,Female,Black,Yes,50500.0
49,60.0,Some college,Private,Divorced,Male,Black,Yes,60000.0
18,35.0,Some college,Private,Never married,Female,Other or multiple,Yes,8400.0
26,30.0,Some college,Private,Never married,Male,White,Yes,21000.0
43,40.0,Graduate degree,State government,Never married,Female,White,Yes,50000.0
21,15.0,Some college,Private,Never married,Male,Black,Yes,1000.0
66,2.0,Some college,Private,Divorced,Female,Black,Yes,71620.0
37,38.0,Graduate degree,Private,Married,Female,White,Yes,85000.0
44,45.0,High school,Private,Married,Male,White,Yes,87300.0
22,28.0,No high school diploma,Private,Never married,Female,White,No,1100.0
38,25.0,High school,Private,Married,Female,White,Yes,18000.0
37,40.0,Some college,Private,Married,Female,White,Yes,50000.0
23,24.0,High school,Private,Never married,Female,White,Yes,7000.0
64,40.0,High school,Private,Married,Male,White,Yes,125000.0
54,40.0,Graduate degree,Local government,Widowed,Female,White,Yes,74300.0
54,60.0,Bachelor degree,Private,Divorced,Female,White,No,131000.0
17,15.0,No high school diploma,Private,Never married,Female,White,Yes,2500.0
29,26.0,Some college,Private,Married,Female,White,Yes,20000.0
21,25.0,Some college,Private,Never married,Female,White,Yes,1900.0
42,36.0,Associate degree,Private,Married,Female,White,Yes,55000.0
37,52.0,Some college,Private non-profit,Never married,Male,White,Yes,98100.0
34,50.0,Graduate degree,Private,Never married,Female,White,Yes,110000.0
43,45.0,Graduate degree,Private non-profit,Married,Male,White,Yes,60000.0
49,40.0,No high school diploma,,Married,Female,White,Yes,24000.0
53,60.0,High school,Private,Widowed,Male,White,Yes,31200.0
28,40.0,Associate degree,Private,Married,Female,White,Yes,22000.0
22,30.0,High school,Private,Never married,Female,White,Yes,10000.0
38,40.0,Bachelor degree,Private,Married,Male,White,Yes,73000.0
64,,Graduate degree,Private,Married,Male,White,No,176000.0
25,40.0,Bachelor degree,Private,Married,Male,White,Yes,45000.0
23,20.0,No high school diploma,Private non-profit,Never married,Male,White,Yes,500.0
41,29.0,High school,,Married,Female,White,Yes,16800.0
25,40.0,High school,Private,Never married,Male,White,Yes,5100.0
61,29.0,Graduate degree,State government,Separated,Male,White,Yes,23000.0
28,40.0,Some college,State government,Never married,Female,Black,Yes,28300.0
53,55.0,Bachelor degree,Private,Married,Male,White,Yes,35000.0
50,40.0,No high school diploma,Self-employed,Never married,Male,Other or multiple,No,4000.0
22,40.0,Some college,Private,Married,Female,Other or multiple,Yes,25000.0
37,40.0,Graduate degree,State government,Married,Female,Black,Yes,86000.0
46,40.0,Some college,Private,Married,Male,White,Yes,94000.0
35,50.0,Associate degree,Private,Married,Female,White,Yes,20000.0
36,16.0,Bachelor degree,Private,Married,Female,White,Yes,8000.0
39,60.0,Some college,Private,Separated,Female,Black,Yes,36000.0
24,40.0,Bachelor degree,Private,Never married,Female,White,Yes,30000.0
37,40.0,High school,Private,Married,Female,White,No,25000.0
31,40.0,Bachelor degree,Self-employed (incorporated),Married,Male,White,Yes,33300.0
25,20.0,Bachelor degree,Private,Never married,Male,Black,Yes,9200.0
46,36.0,Some college,Private,Divorced,Male,White,Yes,12000.0
62,40.0,Graduate degree,State government,Married,Male,Black,Yes,43000.0
71,6.0,Some college,Private,Married,Female,White,Yes,33200.0
48,30.0,High school,Private,Never married,Male,Black,Yes,5000.0
19,40.0,High school,Private,Never married,Female,Black,Yes,6000.0
18,18.0,No high school diploma,Private,Never married,Female,White,Yes,1100.0
88,40.0,High school,Private,Never married,Male,Black,Yes,12000.0
57,40.0,Some college,Private,Divorced,Male,White,Yes,40000.0
48,40.0,Associate degree,Private,Married,Male,White,Yes,83090.0
48,45.0,Bachelor degree,Private,Married,Male,Asian,No,150000.0
37,50.0,Bachelor degree,Private,Married,Male,White,Yes,170000.0
37,50.0,Graduate degree,Federal government,Married,Male,White,Yes,129000.0
48,56.0,Associate degree,Private,Married,Male,White,Yes,61000.0
55,30.0,High school,Federal government,Divorced,Male,White,Yes,1500.0
39,85.0,Graduate degree,Private,Married,Male,White,Yes,471000.0
49,40.0,No high school diploma,Private,Married,Male,White,Yes,31200.0
48,50.0,Some college,Private,Married,Male,White,Yes,33500.0
45,40.0,Bachelor degree,Local government,Married,Male,White,Yes,65000.0
39,40.0,Some college,,Married,Female,White,No,49500.0
36,40.0,High school,Self-employed (incorporated),Married,Male,Black,No,40000.0
44,8.0,,Private non-profit,Married,Female,White,Yes,10200.0
48,40.0,Some college,Private,Divorced,Male,Black,Yes,73300.0
34,40.0,Graduate degree,Local government,Married,Female,White,Yes,42000.0
54,20.0,Bachelor degree,Private,Married,Female,Black,No,11000.0
54,40.0,Some college,Federal government,Married,Male,White,Yes,114000.0
23,48.0,No high school diploma,Private,Never married,Male,Other or multiple,Yes,30000.0
52,55.0,High school,Private,Married,Male,White,Yes,30000.0
56,38.0,No high school diploma,Private,Never married,Female,Black,Yes,58000.0
57,50.0,Graduate degree,Local government,Married,Male,White,Yes,70000.0
30,40.0,Graduate degree,Local government,Never married,Female,Black,Yes,50000.0
43,15.0,Graduate degree,Private,Married,Female,White,Yes,1300.0
25,40.0,Some college,Private,Married,Female,White,Yes,65000.0
33,50.0,Bachelor degree,Private,Married,Male,White,Yes,120000.0
54,40.0,High school,Private,Married,Female,Black,Yes,10000.0
26,40.0,Bachelor degree,Private,Never married,Female,Asian,Yes,75000.0
28,40.0,Bachelor degree,Private,Never married,Male,White,Yes,40000.0
24,10.0,No high school diploma,Private,Never married,Male,White,Yes,600.0
23,,High school,State government,Never married,Male,Black,Yes,900.0
33,40.0,No high school diploma,Private,Never married,Male,Black,Yes,25000.0
24,25.0,Some college,Private non-profit,Never married,Male,White,Yes,5330.0
43,40.0,Bachelor degree,Federal government,Married,Male,White,Yes,120000.0
63,36.0,Graduate degree,Private,Divorced,Female,Asian,No,240000.0
56,40.0,Bachelor degree,Private,Married,Male,White,Yes,477500.0
18,20.0,No high school diploma,Private,Never married,Female,Black,Yes,4400.0
70,10.0,Some college,Private,Married,Female,Black,Yes,15270.0
56,35.0,Some college,Private,Married,Female,White,Yes,40000.0
62,37.0,Some college,Private,Married,Female,White,Yes,29090.0
34,45.0,Some college,Private,Divorced,Female,Black,Yes,70000.0
19,20.0,Some college,Private,Never married,Female,White,Yes,3000.0
29,40.0,High school,Private,Never married,Female,Black,No,20000.0
19,22.0,Some college,Private,Never married,Female,Black,Yes,1900.0
34,40.0,Some college,State government,Married,Female,Black,Yes,29000.0
53,25.0,High school,,Married,Female,White,Yes,3900.0
43,52.0,Bachelor degree,Private,Married,Female,White,Yes,120000.0
23,20.0,High school,Private,Never married,Male,Black,Yes,7500.0
79,16.0,Bachelor degree,Private,Married,Male,White,Yes,2600.0
60,55.0,High school,Private,Married,Male,Other or multiple,No,54000.0
43,40.0,Some college,Local government,Divorced,Female,Black,Yes,25000.0
58,40.0,Graduate degree,Private,Married,Female,White,Yes,50000.0
31,40.0,Graduate degree,Private,Divorced,Female,White,Yes,33300.0
47,36.0,Some college,Private,Divorced,Female,White,Yes,27000.0
55,40.0,Associate degree,Private,Divorced,Female,Other or multiple,No,36000.0
41,40.0,Bachelor degree,Private,Married,Female,White,Yes,80000.0
28,40.0,,State government,Married,Female,White,Yes,37600.0
63,53.0,Graduate degree,Private non-profit,Never married,Female,White,Yes,56160.0
35,20.0,High school,Private,Never married,Male,Black,Yes,500.0
63,40.0,Some college,Private,Married,Male,White,Yes,51900.0
42,50.0,High school,Private,Married,Male,White,Yes,63000.0
38,40.0,High school,Private,Divorced,Female,Other or multiple,Yes,22000.0
29,72.0,Bachelor degree,Federal government,Never married,Male,White,Yes,71000.0
54,40.0,Bachelor degree,,Married,Male,White,Yes,95000.0
48,40.0,No high school diploma,Private,Divorced,Female,Other or multiple,No,30000.0
72,50.0,,Private,Divorced,Female,White,Yes,69000.0
36,36.0,No high school diploma,Private,Married,Female,Black,Yes,77000.0
64,48.0,High school,Private non-profit,Married,Male,White,Yes,46000.0
44,40.0,Associate degree,Local government,Married,Female,White,Yes,40000.0
48,60.0,Graduate degree,Federal government,Married,Male,White,Yes,159300.0
46,80.0,Graduate degree,Private,Married,Male,White,Yes,471000.0
51,40.0,Associate degree,Private,Married,Male,White,Yes,49000.0
38,40.0,Graduate degree,Private,Married,Male,Asian,No,160000.0
39,40.0,High school,Private,Never married,Male,Other or multiple,No,15000.0
36,25.0,Some college,Private,Divorced,Female,Black,Yes,25000.0
67,20.0,Graduate degree,Private,Married,Male,Asian,No,67000.0
57,40.0,No high school diploma,Private,Married,Female,White,Yes,33000.0
46,38.0,Associate degree,Private,Separated,Female,White,Yes,20000.0
42,40.0,Associate degree,Self-employed (incorporated),Never married,Male,Asian,No,84000.0
47,40.0,,Private,Married,Male,Black,Yes,22000.0
55,72.0,High school,Private,Married,Female,Black,Yes,38000.0
17,20.0,No high school diploma,Private,Never married,Male,White,Yes,800.0
65,30.0,Graduate degree,State government,Married,Female,White,Yes,27000.0
47,55.0,Bachelor degree,Private,Married,Male,White,Yes,160000.0
63,40.0,Bachelor degree,Private,Married,Female,Black,Yes,70000.0
37,50.0,Associate degree,Private,Never married,Male,Black,Yes,51000.0
60,2.0,Bachelor degree,Local government,Married,Female,White,Yes,400.0
49,54.0,High school,Private,Married,Female,White,Yes,7000.0
38,40.0,Graduate degree,Private,Married,Female,White,Yes,36000.0
34,40.0,High school,Private,Married,Female,White,Yes,1000.0
38,40.0,Some college,State government,Married,Female,White,Yes,31000.0
66,60.0,Graduate degree,Private,Married,Female,White,Yes,130000.0
28,40.0,Bachelor degree,Private,Married,Female,Other or multiple,Yes,75000.0
18,40.0,Some college,Private,Never married,Female,White,Yes,3000.0
37,60.0,Some college,State government,Separated,Male,Black,Yes,65000.0
53,40.0,Some college,Local government,Married,Male,White,Yes,50000.0
24,42.0,High school,Private,Married,Male,White,Yes,7400.0
24,40.0,High school,Private,Never married,Female,Black,Yes,28000.0
41,40.0,Bachelor degree,State government,Married,Male,Asian,No,65000.0
50,15.0,High school,Self-employed,Divorced,Female,White,Yes,25000.0
58,40.0,Graduate degree,Private,Married,Male,White,Yes,180000.0
36,45.0,Associate degree,Private,Married,Female,White,Yes,60000.0
57,40.0,High school,Private,Married,Male,White,Yes,45900.0
52,40.0,Bachelor degree,Self-employed (incorporated),Married,Female,White,Yes,24000.0
59,40.0,Some college,Private,Married,Female,White,Yes,50000.0
62,40.0,Graduate degree,Self-employed,Divorced,Female,Black,No,98000.0
53,60.0,High school,Private,Married,Male,Black,Yes,65000.0
59,40.0,Some college,Local government,Married,Female,White,Yes,28000.0
30,40.0,Graduate degree,Private,Never married,Male,White,Yes,189000.0
67,20.0,Associate degree,Private,Married,Male,White,Yes,51400.0
31,50.0,High school,Self-employed,Never married,Male,White,Yes,3000.0
20,35.0,Some college,Private,Never married,Female,White,Yes,3000.0
54,40.0,Graduate degree,Federal government,Married,Male,Black,Yes,89000.0
36,48.0,High school,Private,Never married,Female,Black,Yes,57000.0
23,,High school,Private,Never married,Female,Black,Yes,4700.0
17,30.0,No high school diploma,Private,Never married,Female,Other or multiple,Yes,4000.0
63,60.0,No high school diploma,Private,Divorced,Female,White,Yes,43600.0
65,40.0,Associate degree,Private non-profit,Never married,Female,White,Yes,65000.0
37,40.0,Bachelor degree,Private,Never married,Male,White,Yes,115000.0
37,40.0,,Federal government,Married,Male,White,Yes,120000.0
45,36.0,No high school diploma,Private,Never married,Female,Black,Yes,9000.0
50,40.0,Bachelor degree,Private,Divorced,Female,Black,Yes,35000.0
49,40.0,Bachelor degree,Private non-profit,Married,Female,White,Yes,72000.0
67,40.0,Bachelor degree,Federal government,Married,Male,White,No,137000.0
29,50.0,Associate degree,Private,Married,Female,Asian,Yes,73000.0
23,,,Private,Never married,Male,White,Yes,3600.0
59,40.0,Some college,Private non-profit,Married,Male,White,Yes,139000.0
34,40.0,Some college,Local government,Married,Male,Black,Yes,28000.0
55,40.0,High school,Private,Divorced,Female,Black,Yes,20000.0
30,36.0,Some college,Private,Married,Female,White,Yes,13700.0
38,40.0,High school,Federal government,Divorced,Male,White,Yes,54000.0
45,45.0,Associate degree,Private,Married,Female,Black,Yes,78000.0
42,20.0,Associate degree,Private,Married,Female,Black,Yes,11000.0
39,40.0,Bachelor degree,Local government,Married,Male,Black,Yes,27000.0
32,30.0,Associate degree,Private,Never married,Female,Black,Yes,3800.0
45,40.0,Some college,Private,Divorced,Female,White,No,29000.0
79,50.0,Some college,Private non-profit,Married,Male,Black,Yes,56000.0
60,35.0,High school,Private,Divorced,Female,Black,Yes,25000.0
49,40.0,High school,Self-employed (incorporated),Divorced,Male,Other or multiple,No,88000.0
31,40.0,High school,Private,Never married,Female,Black,Yes,23200.0
54,12.0,High school,Private,Divorced,Female,White,No,44200.0
57,40.0,High school,Private,Divorced,Female,White,Yes,90000.0
54,38.0,High school,Local government,Married,Female,White,Yes,17200.0
63,45.0,Some college,Private,Married,Male,White,Yes,12430.0
46,50.0,Bachelor degree,Private,Married,Female,White,Yes,75000.0
31,50.0,Graduate degree,State government,Married,Male,White,Yes,56000.0
18,4.0,High school,Private,Never married,Male,White,Yes,1000.0
56,40.0,Some college,Private non-profit,Married,Male,White,Yes,42000.0
43,,Some college,Private,Never married,Female,Black,Yes,12500.0
53,50.0,Bachelor degree,Self-employed (incorporated),Married,Male,White,Yes,54000.0
27,60.0,Some college,Federal government,Never married,Male,Black,Yes,48400.0
27,40.0,Graduate degree,Local government,Never married,Female,White,Yes,75000.0
36,40.0,Bachelor degree,Private,Divorced,Female,Black,Yes,68600.0
42,45.0,Some college,Private,Married,Male,White,Yes,35000.0
24,40.0,Some college,Private,Separated,Female,Other or multiple,No,9000.0
77,30.0,High school,Private,Married,Male,Black,Yes,19500.0
54,50.0,Associate degree,State government,Divorced,Male,White,Yes,49000.0
22,30.0,,Private,Divorced,Female,White,No,1000.0
50,40.0,Bachelor degree,Private,Never married,Female,White,Yes,60000.0
39,40.0,Graduate degree,State government,Married,Male,Asian,No,65000.0
39,60.0,High school,Private,Never married,Male,Black,Yes,35000.0
36,40.0,Bachelor degree,Private,Married,Female,White,Yes,70000.0
73,10.0,Bachelor degree,Private,Married,Male,White,Yes,20800.0
38,40.0,Some college,Private,Married,Female,White,Yes,32000.0
58,40.0,Bachelor degree,Private,Married,Male,White,Yes,97030.0
52,35.0,Associate degree,Self-employed,Never married,Male,White,Yes,210000.0
26,50.0,Bachelor degree,State government,Never married,Female,White,Yes,30000.0
32,20.0,No high school diploma,Federal government,Separated,Female,Black,Yes,2300.0
38,40.0,High school,Private,Married,Male,White,Yes,60000.0
21,40.0,Bachelor degree,Private,Never married,Male,White,Yes,24000.0
37,40.0,Associate degree,Private,Married,Female,White,Yes,94000.0
41,25.0,,Private,Married,Female,Other or multiple,No,10000.0
54,40.0,Bachelor degree,State government,Married,Female,White,Yes,60000.0
32,50.0,Some college,Private,Never married,Female,Black,Yes,20000.0
37,50.0,Bachelor degree,Local government,Divorced,Female,White,Yes,56000.0
23,40.0,Some college,Private,Never married,Female,Asian,No,32000.0
46,60.0,High school,Self-employed,Never married,Female,Asian,No,28000.0
59,20.0,Some college,Private,Never married,Female,White,No,6000.0
41,45.0,Bachelor degree,Private,Divorced,Male,Asian,No,125000.0
54,35.0,High school,Private,Divorced,Female,White,Yes,25800.0
20,20.0,High school,Private non-profit,Never married,Female,Black,Yes,8000.0
38,45.0,High school,Private,Married,Male,White,Yes,60000.0
54,40.0,Associate degree,Private,Married,Female,Black,No,40000.0
23,20.0,,Private,Married,Female,White,Yes,25000.0
28,65.0,Bachelor degree,Private,Never married,Male,White,Yes,63000.0
17,8.0,No high school diploma,Private,Never married,Female,White,Yes,1500.0
20,20.0,Some college,Private,Never married,Female,Asian,No,12100.0
35,40.0,Graduate degree,Local government,Married,Male,White,Yes,65000.0
62,40.0,No high school diploma,Local government,Separated,Female,White,No,19500.0
40,40.0,Some college,Private,Married,Male,White,No,90000.0
29,40.0,High school,Local government,Married,Male,White,Yes,38000.0
36,35.0,High school,Private,Married,Male,White,Yes,40000.0
45,65.0,High school,Private,Married,Male,White,Yes,65000.0
47,40.0,High school,Private,Never married,Female,Black,Yes,24000.0
35,40.0,Some college,Local government,Married,Female,White,Yes,14000.0
24,24.0,Bachelor degree,Private,Never married,Male,Asian,No,3200.0
51,40.0,Associate degree,Private,Married,Female,White,Yes,60000.0
37,,No high school diploma,Private,Married,Male,Other or multiple,No,21000.0
68,16.0,Bachelor degree,,Divorced,Male,Other or multiple,Yes,34500.0
70,49.0,Some college,Private,Never married,Male,White,Yes,98100.0
37,40.0,Some college,Private non-profit,Married,Female,White,Yes,20500.0
47,40.0,Bachelor degree,Private,Married,Female,White,Yes,48000.0
36,45.0,Graduate degree,Private,Married,Female,Asian,No,141000.0
47,15.0,Some college,Local government,Married,Female,White,Yes,7700.0
70,4.0,Some college,Private,Divorced,Female,White,Yes,7700.0
26,45.0,High school,Private,Never married,Female,White,No,26300.0
58,40.0,High school,Private,Married,Male,White,Yes,98000.0
32,40.0,Bachelor degree,Private,Never married,Male,White,Yes,11000.0
19,35.0,No high school diploma,Self-employed,Never married,Male,White,Yes,4000.0
59,40.0,High school,Private,Never married,Female,Black,Yes,30000.0
34,40.0,High school,Private,Never married,Male,Black,Yes,45000.0
32,35.0,High school,Private,Married,Female,White,Yes,20000.0
42,40.0,High school,Private,Married,Female,White,No,14000.0
26,40.0,Some college,Private,Never married,Male,White,Yes,38400.0
35,60.0,Some college,Local government,Married,Female,Black,Yes,25000.0
41,40.0,High school,Private,Married,Male,White,Yes,65000.0
25,40.0,Bachelor degree,Private,Never married,Female,White,No,37500.0
40,40.0,Bachelor degree,Federal government,Married,Male,Black,Yes,85600.0
27,60.0,Some college,Private,Never married,Male,Black,Yes,35000.0
39,40.0,High school,Private,Divorced,Male,Black,No,36000.0
53,40.0,Bachelor degree,,Married,Female,Black,Yes,80080.0
41,40.0,High school,Private,Married,Male,Black,Yes,45000.0
47,40.0,No high school diploma,Private non-profit,Married,Male,White,No,36000.0
58,40.0,Graduate degree,Private,Divorced,Male,Asian,No,60020.0
45,50.0,Bachelor degree,Private,Married,Male,Black,Yes,70000.0
29,36.0,Bachelor degree,Private,Never married,Female,White,Yes,50000.0
25,30.0,High school,Private,Married,Female,White,Yes,10000.0
35,40.0,Bachelor degree,,Married,Male,White,Yes,130000.0
52,16.0,High school,Unpaid family work,Divorced,Female,White,Yes,4000.0
32,50.0,Bachelor degree,Private,Never married,Female,Other or multiple,Yes,100000.0
38,36.0,High school,Private,Divorced,Female,White,Yes,10400.0
36,40.0,High school,Private,Divorced,Male,White,Yes,36000.0
58,50.0,Bachelor degree,Private,Married,Male,White,Yes,109000.0
60,60.0,High school,Private,Married,Male,White,Yes,50000.0
61,52.0,Bachelor degree,Private,Married,Female,White,Yes,95000.0
48,40.0,Bachelor degree,Local government,Never married,Female,Black,Yes,35000.0
20,25.0,Some college,Private,Never married,Female,Black,Yes,15000.0
50,55.0,High school,Private,Widowed,Male,White,Yes,55000.0
25,40.0,Bachelor degree,,Never married,Male,White,Yes,78420.0
22,15.0,Some college,Private,Never married,Male,White,Yes,3800.0
58,45.0,High school,Private,Widowed,Male,White,Yes,55000.0
38,40.0,Some college,Private,Never married,Male,White,No,24000.0
45,40.0,High school,State government,Never married,Female,Black,Yes,26000.0
38,40.0,No high school diploma,,Never married,Male,Other or multiple,No,22000.0
45,45.0,Some college,Private,Married,Male,White,Yes,19500.0
47,40.0,Bachelor degree,Private,Married,Male,White,Yes,74000.0
20,25.0,No high school diploma,Private,Never married,Male,Black,Yes,9600.0
46,5.0,Some college,Private non-profit,Married,Male,Asian,No,6800.0
46,40.0,Associate degree,Private,Married,Female,Other or multiple,Yes,30000.0
54,40.0,Bachelor degree,Private,Divorced,Male,White,Yes,50000.0
57,84.0,Some college,Private,Married,Female,White,Yes,18800.0
29,40.0,Associate degree,Private,Never married,Male,Black,Yes,24300.0
59,40.0,High school,,Married,Male,Black,Yes,60000.0
40,50.0,Graduate degree,Private,Never married,Male,White,Yes,140000.0
68,50.0,Graduate degree,Self-employed (incorporated),Married,Male,White,Yes,197000.0
25,16.0,Bachelor degree,Private,Never married,Male,White,Yes,12800.0
23,40.0,High school,State government,Never married,Female,Black,Yes,25000.0
23,45.0,Some college,Private,Never married,Male,White,Yes,30000.0
43,38.0,Some college,Private,Divorced,Female,White,Yes,22000.0
45,50.0,Graduate degree,Local government,Married,Male,Black,Yes,53000.0
31,16.0,Some college,Federal government,Married,Male,Other or multiple,Yes,41700.0
44,55.0,Associate degree,Local government,Never married,Female,White,No,75000.0
44,40.0,Some college,Private,Married,Female,Other or multiple,Yes,36000.0
24,30.0,High school,Private,Never married,Male,Black,Yes,14500.0
54,29.0,Associate degree,State government,Married,Female,Black,Yes,96000.0
31,40.0,No high school diploma,Self-employed,Married,Male,White,No,28000.0
33,36.0,Some college,Private,Divorced,Female,White,Yes,26000.0
36,16.0,Some college,Private,Never married,Female,White,Yes,1000.0
57,40.0,Graduate degree,Private,Married,Female,White,Yes,24000.0
21,40.0,No high school diploma,Private,Married,Male,Other or multiple,No,20000.0
25,40.0,Bachelor degree,Private,Never married,Female,White,Yes,20640.0
36,40.0,Some college,Private,Married,Male,White,Yes,20000.0
20,24.0,Some college,Private,Never married,Female,Black,Yes,5500.0
57,30.0,Associate degree,Private,Divorced,Female,Black,Yes,17000.0
48,40.0,High school,Private,Divorced,Male,Black,Yes,51000.0
41,40.0,High school,Private,Divorced,Male,Black,Yes,15100.0
45,40.0,Some college,Private,Married,Male,White,Yes,49400.0
39,20.0,Bachelor degree,Private,Married,Female,White,Yes,50000.0
18,40.0,High school,Private,Never married,Male,White,Yes,21000.0
48,40.0,Associate degree,Federal government,Married,Female,White,Yes,126400.0
36,38.0,Some college,Private,Married,Female,White,Yes,41000.0
62,40.0,No high school diploma,Private,Divorced,Male,White,Yes,30000.0
26,70.0,,Private,Never married,Male,White,Yes,55000.0
34,40.0,Bachelor degree,Local government,Married,Female,Black,Yes,20000.0
18,16.0,,Private non-profit,Never married,Female,White,Yes,12000.0
35,70.0,Graduate degree,Private,Never married,Female,Black,Yes,85000.0
40,40.0,Graduate degree,Federal government,Married,Female,White,Yes,107000.0
22,24.0,Some college,State government,Never married,Female,Asian,Yes,30000.0
53,40.0,High school,Private,Widowed,Female,White,Yes,3300.0
27,40.0,Graduate degree,Private,Never married,Male,Asian,No,60000.0
25,40.0,Some college,Private,Married,Female,Black,Yes,30400.0
34,40.0,High school,State government,Never married,Male,White,Yes,23000.0
51,40.0,Bachelor degree,Private,Divorced,Female,White,Yes,266000.0
36,,Graduate degree,Private,Never married,Male,Asian,Yes,6000.0
45,39.0,Some college,Private,Divorced,Male,White,Yes,26000.0
39,40.0,High school,Private,Married,Male,Black,Yes,13800.0
18,15.0,No high school diploma,Private non-profit,Never married,Female,White,Yes,800.0
22,40.0,High school,Private,Never married,Male,White,Yes,18900.0
54,40.0,Bachelor degree,,Married,Male,Asian,No,45000.0
50,40.0,No high school diploma,Private,Divorced,Female,Other or multiple,No,36000.0
24,40.0,Bachelor degree,Self-employed,Never married,Male,Black,Yes,17000.0
46,25.0,Bachelor degree,Private,Married,Female,White,No,3000.0
44,40.0,Bachelor degree,Private,Divorced,Male,White,Yes,50000.0
36,40.0,No high school diploma,Private,Married,Female,Asian,No,140000.0
47,40.0,Bachelor degree,Private,Married,Male,White,Yes,70000.0
25,20.0,Bachelor degree,Private non-profit,Never married,Male,White,Yes,10000.0
41,20.0,High school,Unpaid family work,Divorced,Female,Black,Yes,12000.0
44,45.0,Graduate degree,Private,Married,Male,White,Yes,125000.0
36,36.0,Graduate degree,Private,Married,Female,Black,Yes,109000.0
62,40.0,Bachelor degree,Private,Divorced,Female,White,Yes,72430.0
34,40.0,Some college,Private,Never married,Female,Black,Yes,32500.0
60,40.0,Some college,Federal government,Divorced,Female,Black,Yes,56000.0
35,40.0,Graduate degree,Private non-profit,Divorced,Female,Black,Yes,43000.0
47,45.0,Bachelor degree,Private,Married,Male,Black,Yes,83390.0
33,20.0,Associate degree,Self-employed,Never married,Male,White,Yes,15000.0
52,45.0,Bachelor degree,Private,Divorced,Female,White,Yes,40000.0
44,50.0,Bachelor degree,Self-employed (incorporated),Married,Male,White,Yes,55000.0
52,,High school,Private,Married,Female,White,Yes,21000.0
43,40.0,Graduate degree,Local government,Married,Female,Black,No,45000.0
71,,Bachelor degree,Private,Married,Female,Black,Yes,21000.0
32,40.0,Graduate degree,Private,Never married,Female,White,Yes,71000.0
31,40.0,Bachelor degree,Private,Married,Female,Black,Yes,70000.0
54,50.0,Graduate degree,State government,Married,Male,Asian,No,160000.0
29,40.0,Some college,Private,Never married,Male,White,Yes,20000.0
49,56.0,Graduate degree,Local government,Never married,Female,White,No,80000.0
54,40.0,Associate degree,Private,Divorced,Female,Black,Yes,12000.0
21,35.0,Some college,Private non-profit,Married,Female,White,Yes,5400.0
31,40.0,High school,Private,Married,Male,White,No,25000.0
54,40.0,,Private,Never married,Female,White,Yes,55000.0
54,40.0,High school,Private,Married,Female,White,No,40000.0
47,40.0,Some college,State government,Divorced,Female,White,Yes,41100.0
31,23.0,High school,Private,Never married,Male,Black,Yes,11000.0
26,40.0,Some college,Private,Never married,Male,Black,No,26000.0
51,,High school,Private,Married,Male,Black,Yes,38400.0
45,,Associate degree,Private,Divorced,Female,White,Yes,34090.0
63,20.0,Bachelor degree,Self-employed (incorporated),Widowed,Female,White,Yes,55000.0
48,40.0,High school,Local government,Married,Male,White,Yes,38000.0
55,40.0,High school,Private,Never married,Female,Black,Yes,45000.0
33,15.0,Bachelor degree,Private non-profit,Never married,Male,Black,Yes,25000.0
49,50.0,High school,Private,Married,Male,White,Yes,45800.0
45,40.0,Some college,Private,Married,Male,White,Yes,8200.0
29,40.0,Some college,Private,Never married,Male,Black,Yes,19200.0
48,40.0,Graduate degree,Private,Married,Male,White,Yes,473000.0
41,40.0,Some college,Self-employed (incorporated),Divorced,Male,White,Yes,68000.0
68,50.0,,Private,Married,Female,Asian,No,10000.0
54,37.0,Some college,Private,Married,Female,White,Yes,233000.0
34,40.0,Some college,,Married,Male,White,Yes,80000.0
20,40.0,High school,Private,Never married,Male,Other or multiple,Yes,13800.0
42,40.0,Graduate degree,Private,Never married,Female,Black,Yes,100000.0
33,48.0,Graduate degree,Private,Divorced,Female,White,Yes,40000.0
26,40.0,Bachelor degree,Private,Never married,Female,White,Yes,48000.0
61,40.0,Graduate degree,Local government,Married,Female,White,Yes,97000.0
33,40.0,Some college,Private,Married,Male,Other or multiple,No,28200.0
19,30.0,No high school diploma,Private,Never married,Female,White,Yes,6000.0
66,40.0,Bachelor degree,Private non-profit,Married,Male,White,Yes,38400.0
69,3.0,Some college,Private non-profit,Married,Female,White,Yes,17400.0
55,35.0,Bachelor degree,,Married,Female,White,Yes,200200.0
46,50.0,Some college,Private,Married,Male,Asian,No,24000.0
36,30.0,Some college,Self-employed,Married,Male,White,Yes,26000.0
33,60.0,Bachelor degree,Private,Married,Female,White,Yes,94000.0
20,30.0,No high school diploma,Private,Never married,Male,White,Yes,7000.0
22,40.0,High school,Local government,Never married,Male,White,Yes,25000.0
37,40.0,Associate degree,Private,Married,Male,White,No,67100.0
22,40.0,High school,Private,Never married,Male,White,Yes,25000.0
33,40.0,Graduate degree,Private,Married,Female,White,Yes,130000.0
72,40.0,Some college,State government,Married,Female,White,Yes,38000.0
44,40.0,Some college,Private,Married,Male,White,Yes,140000.0
24,45.0,High school,Private,Never married,Male,White,Yes,27000.0
36,45.0,Bachelor degree,Private,Married,Male,White,Yes,171600.0
37,,Graduate degree,State government,Never married,Female,White,Yes,125020.0
18,30.0,High school,Self-employed (incorporated),Never married,Male,White,Yes,20000.0
24,35.0,Some college,State government,Never married,Female,Black,Yes,19000.0
60,50.0,Bachelor degree,Self-employed (incorporated),Divorced,Female,White,Yes,55000.0
48,,No high school diploma,Private,Married,Female,Black,No,53000.0
65,,No high school diploma,Private,Married,Male,White,Yes,72000.0
75,30.0,Some college,Local government,Divorced,Female,White,Yes,35070.0
24,40.0,Graduate degree,Private,Never married,Female,Black,Yes,24000.0
37,40.0,No high school diploma,,Never married,Male,White,Yes,20700.0
23,40.0,Bachelor degree,Private,Never married,Female,White,Yes,30000.0
31,,Some college,Private,Married,Male,White,Yes,55000.0
38,49.0,Some college,Private,Married,Male,White,Yes,112000.0
21,30.0,High school,Self-employed,Never married,Male,White,Yes,4000.0
33,,Graduate degree,Private,Married,Female,White,Yes,4500.0
29,40.0,Some college,Private,Married,Female,White,Yes,4100.0
17,20.0,No high school diploma,Private,Never married,Male,White,Yes,4000.0
29,45.0,Associate degree,Federal government,Married,Male,White,Yes,55000.0
46,40.0,High school,Private,Never married,Male,White,No,14000.0
55,20.0,High school,Local government,Married,Female,White,Yes,30000.0
49,40.0,High school,Private,Married,Male,Black,Yes,17000.0
50,40.0,High school,Self-employed (incorporated),Married,Male,White,Yes,30200.0
20,16.0,High school,Private,Never married,Male,White,Yes,5000.0
62,40.0,High school,Unpaid family work,Married,Male,White,Yes,40900.0
32,45.0,Graduate degree,Self-employed (incorporated),Never married,Male,White,Yes,81000.0
74,50.0,High school,Local government,Married,Male,White,Yes,29700.0
57,40.0,High school,Federal government,Divorced,Female,Black,Yes,59000.0
43,30.0,High school,Private,Separated,Male,White,Yes,4900.0
23,,Some college,Private,Never married,Female,White,No,33700.0
55,45.0,Some college,Private,Married,Male,Black,Yes,108000.0
62,15.0,Some college,Private,Married,Male,White,Yes,11100.0
66,15.0,High school,Private,Widowed,Female,White,Yes,18100.0
64,50.0,Bachelor degree,Self-employed (incorporated),Married,Male,White,Yes,175000.0
47,40.0,Bachelor degree,Private non-profit,Married,Female,White,Yes,20000.0
46,40.0,High school,Private,Separated,Male,Black,Yes,60000.0
49,45.0,High school,Private,Married,Female,Other or multiple,No,38500.0
38,45.0,Bachelor degree,Self-employed (incorporated),Married,Male,Other or multiple,Yes,170000.0
50,40.0,High school,Private,Married,Male,White,Yes,50000.0
17,20.0,No high school diploma,Private,Never married,Male,White,Yes,9000.0
36,55.0,,Private,Married,Male,White,No,85000.0
80,20.0,Some college,Self-employed,Divorced,Male,White,Yes,95300.0
27,40.0,Some college,Private,Divorced,Female,White,Yes,10100.0
21,15.0,Some college,Private,Never married,Female,White,Yes,2000.0
46,40.0,Some college,Self-employed (incorporated),Married,Male,White,Yes,193000.0
53,50.0,Bachelor degree,Self-employed,Married,Male,Black,No,90000.0
39,60.0,Bachelor degree,Private,Married,Female,White,Yes,95000.0
40,35.0,No high school diploma,,Never married,Female,Black,Yes,13100.0
48,40.0,High school,Private,Married,Male,White,Yes,36400.0
62,20.0,Associate degree,Private,Divorced,Female,Black,Yes,14800.0
61,28.0,Bachelor degree,Private,Married,Female,White,Yes,69100.0
56,,No high school diploma,Private,Married,Female,White,No,57900.0
60,45.0,High school,Private,Married,Male,White,Yes,133400.0
32,,Graduate degree,Private,Married,Female,White,No,133000.0
33,35.0,High school,Private,Widowed,Female,White,Yes,8000.0
53,40.0,High school,Private,Married,Male,White,Yes,50000.0
30,40.0,Some college,Private,Never married,Female,Black,Yes,8000.0
30,50.0,Associate degree,Private,Married,Female,White,Yes,57000.0
24,25.0,Bachelor degree,Private,Never married,Female,Black,No,4500.0
44,12.0,Bachelor degree,Private,Married,Female,White,Yes,9200.0
20,35.0,Some college,Private,Never married,Male,White,Yes,11000.0
47,40.0,Some college,State government,Married,Female,White,Yes,28000.0
61,40.0,Some college,State government,Married,Female,White,Yes,44000.0
45,40.0,No high school diploma,Private,Married,Female,Other or multiple,No,12000.0
27,24.0,Associate degree,Private,Married,Female,White,Yes,35000.0
51,70.0,High school,Private,Divorced,Male,White,Yes,75000.0
29,10.0,Bachelor degree,,Married,Female,White,Yes,5500.0
53,40.0,Associate degree,Private,Married,Female,White,Yes,43800.0
66,24.0,Bachelor degree,Private non-profit,Married,Female,White,Yes,74380.0
39,40.0,Some college,Private,Married,Female,White,Yes,30000.0
36,36.0,Associate degree,Private,Married,Female,White,Yes,28000.0
23,40.0,High school,Private,Never married,Male,Black,Yes,24000.0
25,,Associate degree,Private,Married,Female,Black,Yes,19600.0
40,50.0,Bachelor degree,Private,Married,Male,White,Yes,120000.0
35,60.0,Some college,Private,Married,Female,Black,Yes,60000.0
27,55.0,Some college,Self-employed,Never married,Male,White,Yes,50000.0
30,40.0,Bachelor degree,Private,Married,Male,Other or multiple,No,30000.0
51,56.0,Bachelor degree,,Married,Male,White,Yes,160000.0
52,50.0,High school,Self-employed,Married,Male,White,Yes,48000.0
33,,Graduate degree,Private,Married,Female,White,No,48000.0
72,50.0,Graduate degree,Self-employed,Married,Male,Black,Yes,841300.0
40,40.0,High school,Private,Never married,Male,Black,Yes,33300.0
69,20.0,High school,Local government,Married,Male,White,Yes,56000.0
59,40.0,Some college,Local government,Divorced,Female,Black,Yes,26400.0
44,48.0,Associate degree,Private,Divorced,Male,White,Yes,75000.0
41,40.0,No high school diploma,Private,Married,Male,White,No,38000.0
60,40.0,Some college,Private,Divorced,Female,Other or multiple,Yes,23000.0
57,40.0,Associate degree,Private,Never married,Female,Black,Yes,19500.0
26,18.0,Associate degree,Self-employed (incorporated),Married,Female,White,Yes,4600.0
40,,No high school diploma,Private,Married,Female,Asian,No,13000.0
44,15.0,Bachelor degree,Self-employed,Married,Female,White,Yes,9600.0
50,60.0,Bachelor degree,Private,Married,Male,White,No,288000.0
50,40.0,Graduate degree,Private non-profit,Married,Male,White,Yes,92000.0
39,40.0,Bachelor degree,,Married,Male,White,Yes,100000.0
46,40.0,Graduate degree,Local government,Married,Male,Black,Yes,17010.0
60,40.0,Graduate degree,Private,Married,Male,White,Yes,200000.0
25,40.0,Some college,Private,Never married,Female,White,No,40000.0
65,48.0,Bachelor degree,Federal government,Married,Male,Black,Yes,82500.0
70,10.0,,Federal government,Married,Male,White,Yes,30000.0
63,42.0,High school,Private,Married,Female,White,Yes,32700.0
39,40.0,High school,Private,Married,Female,White,Yes,1400.0
63,40.0,Bachelor degree,Private,Married,Male,Other or multiple,No,21100.0
43,45.0,Graduate degree,Private,Married,Male,Black,Yes,95000.0
62,45.0,No high school diploma,Private,Widowed,Female,White,Yes,26800.0
22,40.0,High school,Private,Married,Female,Black,Yes,19000.0
45,40.0,High school,State government,Never married,Male,Black,Yes,30000.0
43,40.0,High school,Private,Divorced,Female,White,Yes,30000.0
37,40.0,High school,Private,Separated,Male,Black,Yes,4000.0
40,40.0,Some college,Private,Married,Male,Black,Yes,40000.0
67,36.0,High school,Private,Divorced,Female,Black,Yes,23500.0
47,50.0,Some college,Private,Married,Male,White,Yes,141000.0
66,28.0,No high school diploma,Private,Married,Female,White,Yes,26000.0
23,35.0,Some college,Private,Never married,Female,White,Yes,21000.0
62,45.0,No high school diploma,Private,Divorced,Female,White,Yes,26800.0
25,35.0,High school,Private,Never married,Male,Black,Yes,28000.0
61,,No high school diploma,Private,Married,Female,White,Yes,8500.0
40,32.0,Associate degree,Private,Separated,Female,Black,Yes,31000.0
29,,Bachelor degree,Private non-profit,Married,Female,White,Yes,42500.0
58,45.0,Graduate degree,Private,Divorced,Female,White,Yes,30000.0
19,8.0,Some college,Private,Never married,Female,White,Yes,1300.0
34,40.0,Graduate degree,,Married,Female,Black,No,48000.0
33,27.0,Graduate degree,Private,Divorced,Female,White,Yes,6520.0
32,40.0,,Private,Married,Female,White,Yes,36000.0
55,40.0,No high school diploma,Private,Married,Male,White,No,45000.0
18,15.0,High school,Private,Never married,Female,Black,Yes,1500.0
70,,High school,Private,Widowed,Female,White,Yes,98510.0
52,40.0,High school,Private,Married,Male,Black,Yes,36100.0
44,40.0,No high school diploma,Private,Divorced,Male,White,Yes,35000.0
40,50.0,Some college,Private,Married,Female,White,Yes,52200.0
35,40.0,High school,Private,Never married,Male,White,Yes,19000.0
71,12.0,Some college,Private,Never married,Male,White,No,25300.0
54,40.0,Associate degree,Private,Divorced,Female,Black,Yes,46000.0
29,40.0,Graduate degree,Private,Never married,Female,Black,Yes,60000.0
61,45.0,Bachelor degree,Private,Divorced,Female,White,No,80000.0
55,34.0,Associate degree,Private non-profit,Divorced,Female,White,Yes,12460.0
19,10.0,Some college,Private,Never married,Female,White,No,2000.0
23,42.0,Some college,Private,Married,Female,White,Yes,32000.0
52,70.0,Associate degree,Private,Divorced,Male,Black,Yes,40000.0
86,30.0,Some college,Self-employed (incorporated),Widowed,Male,White,Yes,62000.0
28,40.0,Graduate degree,Private,Never married,Male,White,No,47460.0
62,44.0,Some college,Private,Married,Male,White,Yes,54000.0
64,40.0,No high school diploma,Private,Never married,Male,Black,Yes,40000.0
32,40.0,Graduate degree,Federal government,Divorced,Female,White,No,63000.0
52,52.0,No high school diploma,Private,Married,Male,White,Yes,60000.0
51,99.0,Some college,Self-employed (incorporated),Married,Male,White,Yes,52000.0
23,40.0,High school,Private,Married,Female,White,Yes,17000.0
49,40.0,High school,Private,Married,Male,White,No,37000.0
22,10.0,Some college,Private non-profit,Never married,Male,White,Yes,4000.0
41,40.0,Bachelor degree,Private,Married,Male,White,No,100000.0
40,50.0,Some college,Private,Never married,Male,Black,Yes,38000.0
19,20.0,Some college,Private,Never married,Female,White,Yes,3000.0
48,32.0,Some college,Private,Never married,Male,White,No,2000.0
37,40.0,High school,Private,Married,Male,White,Yes,42000.0
48,52.0,No high school diploma,Private,Divorced,Male,White,Yes,21000.0
21,24.0,Associate degree,Private,Never married,Female,Black,Yes,8000.0
63,45.0,High school,Private,Married,Male,White,Yes,80700.0
20,40.0,Some college,Private,Divorced,Male,White,Yes,29600.0
53,,Bachelor degree,Private,Married,Male,White,Yes,140000.0
40,40.0,Some college,Private,Never married,Female,Black,Yes,33000.0
20,40.0,No high school diploma,Local government,Never married,Male,White,Yes,32000.0
58,50.0,Bachelor degree,Private,Married,Male,White,Yes,56000.0
44,78.0,Associate degree,,Never married,Male,White,Yes,62000.0
35,60.0,High school,Self-employed,Married,Female,Asian,No,25000.0
54,45.0,Graduate degree,Private,Married,Female,White,Yes,240000.0
49,40.0,No high school diploma,Private,Married,Male,Other or multiple,No,28000.0
27,40.0,Bachelor degree,Private non-profit,Married,Female,White,Yes,38600.0
42,40.0,High school,Local government,Married,Male,Black,Yes,15000.0
47,40.0,Some college,Private,Separated,Male,Black,Yes,26000.0
54,55.0,High school,Private,Married,Male,White,Yes,210000.0
60,40.0,Graduate degree,Local government,Married,Female,Asian,No,17000.0
42,40.0,High school,Private,Separated,Male,White,Yes,30000.0
29,40.0,Graduate degree,Private,Married,Male,White,Yes,62900.0
57,36.0,Associate degree,Private,Married,Female,White,Yes,40000.0
59,40.0,Associate degree,State government,Married,Female,Black,Yes,52000.0
30,40.0,Some college,Private,Never married,Female,Black,Yes,15000.0
59,50.0,No high school diploma,,Divorced,Male,White,Yes,35000.0
30,40.0,No high school diploma,Private,Never married,Male,Black,Yes,1200.0
22,15.0,Bachelor degree,Private,Never married,Female,Black,Yes,2000.0
40,40.0,High school,Private,Married,Male,Other or multiple,Yes,50000.0
55,40.0,High school,Private,Married,Female,White,Yes,28800.0
29,40.0,Bachelor degree,Private,Never married,Female,Other or multiple,Yes,40000.0
62,50.0,Some college,Private non-profit,Married,Male,White,Yes,60000.0
63,40.0,Graduate degree,Private,Married,Male,White,No,50000.0
51,40.0,Some college,Private,Married,Female,Black,Yes,38000.0
43,40.0,Associate degree,Private,Married,Female,Black,Yes,22000.0
54,40.0,Graduate degree,State government,Married,Male,Asian,No,80200.0
62,40.0,Bachelor degree,Private,Divorced,Female,Other or multiple,Yes,74000.0
49,45.0,Bachelor degree,Private,Married,Female,Black,No,102000.0
61,40.0,Bachelor degree,Private,Married,Female,Black,Yes,35000.0
50,43.0,Bachelor degree,Private,Married,Female,White,Yes,35000.0
64,30.0,High school,Self-employed (incorporated),Married,Male,White,Yes,30000.0
58,59.0,Bachelor degree,Self-employed (incorporated),Married,Male,White,Yes,180000.0
21,25.0,Some college,Private,Never married,Female,Black,Yes,7800.0
50,45.0,Some college,Private,Married,Female,White,Yes,39000.0
43,40.0,High school,Private,Married,Female,White,Yes,29000.0
42,50.0,Bachelor degree,Private,Married,Male,Other or multiple,Yes,121200.0
69,30.0,Bachelor degree,Private,Married,Male,White,Yes,474000.0
17,22.0,No high school diploma,Private,Never married,Female,White,Yes,3900.0
60,40.0,Some college,Private,Married,Female,White,Yes,32000.0
49,10.0,Bachelor degree,Self-employed,Married,Female,Asian,No,12000.0
18,30.0,High school,Self-employed,Never married,Male,Other or multiple,Yes,3000.0
22,20.0,Some college,Local government,Never married,Female,Other or multiple,Yes,8800.0
33,50.0,High school,Private,Divorced,Male,White,Yes,16000.0
19,8.0,Some college,Private,Never married,Male,Black,Yes,2000.0
41,40.0,High school,Private,Married,Female,Other or multiple,No,42000.0
31,40.0,Bachelor degree,Private,Never married,Female,White,Yes,30000.0
30,40.0,High school,,Divorced,Female,White,Yes,21400.0
49,40.0,Bachelor degree,State government,Married,Female,Black,Yes,40000.0
56,40.0,Some college,Private,Divorced,Male,White,Yes,48000.0
55,50.0,Bachelor degree,Self-employed (incorporated),Never married,Female,White,Yes,35000.0
35,60.0,Bachelor degree,Private,Married,Male,White,Yes,107000.0
51,60.0,High school,Local government,Married,Male,White,Yes,65000.0
41,40.0,Associate degree,Private,Married,Female,Black,Yes,28000.0
44,24.0,High school,Self-employed,Married,Female,White,Yes,16100.0
38,50.0,Associate degree,Self-employed (incorporated),Married,Male,Black,No,175000.0
35,85.0,Graduate degree,Private,Married,Male,White,Yes,60000.0
59,40.0,High school,Private,Married,Male,White,Yes,100000.0
27,50.0,Some college,Private,Divorced,Male,Other or multiple,Yes,36000.0
50,40.0,Some college,Federal government,Married,Male,Black,Yes,86200.0
32,43.0,Graduate degree,Private,Married,Male,White,Yes,113000.0
39,40.0,Bachelor degree,,Married,Male,White,Yes,85000.0
29,60.0,Bachelor degree,Private non-profit,Married,Female,White,Yes,83000.0
37,40.0,Bachelor degree,State government,Married,Female,White,Yes,75000.0
58,,Some college,Private,Separated,Female,Black,Yes,22000.0
40,,Bachelor degree,Private,Married,Male,Black,Yes,30000.0
20,55.0,High school,Federal government,Never married,Male,White,Yes,21000.0
36,50.0,Bachelor degree,Self-employed (incorporated),Married,Male,White,Yes,55000.0
41,40.0,Bachelor degree,Private,Married,Female,White,No,86000.0
33,45.0,Bachelor degree,Private,Never married,Male,Black,Yes,35000.0
57,50.0,High school,Private,Married,Male,White,Yes,50000.0
67,6.0,Some college,Private,Married,Female,White,Yes,18080.0
18,25.0,High school,Private,Never married,Female,White,Yes,3800.0
30,25.0,Associate degree,Private,Married,Female,White,Yes,28000.0
44,50.0,Some college,Private,Never married,Female,Black,Yes,40000.0
45,40.0,Graduate degree,Self-employed,Never married,Male,White,Yes,101000.0
24,15.0,Some college,Self-employed,Never married,Female,White,Yes,1000.0
50,40.0,Some college,Local government,Married,Male,Black,Yes,80000.0
41,40.0,High school,State government,Married,Male,Asian,No,58000.0
64,50.0,Graduate degree,Private,Married,Male,White,Yes,108000.0
34,20.0,Graduate degree,Private,Married,Female,White,Yes,32000.0
59,8.0,Associate degree,Private,Married,Female,White,Yes,12400.0
30,40.0,Bachelor degree,Private,Married,Male,White,Yes,50000.0
25,45.0,High school,Private,Never married,Male,White,Yes,50000.0
55,40.0,Bachelor degree,Private,Married,Female,White,Yes,75000.0
51,40.0,Graduate degree,Private,Married,Female,White,Yes,63000.0
54,20.0,Associate degree,Private non-profit,Married,Female,White,Yes,75000.0
38,80.0,Bachelor degree,Private,Married,Male,White,Yes,91000.0
41,30.0,Bachelor degree,Self-employed,Divorced,Female,Black,Yes,65000.0
40,30.0,High school,Federal government,Married,Female,White,Yes,3600.0
34,52.0,High school,Private,Never married,Male,Black,No,36000.0
37,30.0,No high school diploma,Private,Married,Female,White,No,12500.0
33,40.0,,Private,Married,Male,White,Yes,32000.0
60,40.0,Some college,Private,Married,Male,White,Yes,35400.0
56,40.0,High school,Private,Married,Female,White,Yes,24000.0
25,40.0,High school,Private,Never married,Female,Black,Yes,12200.0
67,,Bachelor degree,Private non-profit,Married,Female,White,Yes,515000.0
34,40.0,No high school diploma,Private,Married,Male,White,No,20000.0
69,20.0,Some college,Private,Married,Male,White,Yes,98300.0
56,10.0,Bachelor degree,Private,Married,Female,Black,Yes,1100.0
50,35.0,Bachelor degree,State government,Divorced,Female,White,Yes,84960.0
34,45.0,Bachelor degree,Private,Married,Male,White,Yes,155000.0
67,40.0,Some college,Private,Married,Female,White,Yes,32400.0
29,40.0,,Private,Never married,Female,White,Yes,27000.0
57,40.0,High school,Private,Married,Male,White,Yes,24000.0
19,40.0,High school,Private,Never married,Female,Black,Yes,9200.0
48,55.0,Associate degree,Private,Married,Male,White,Yes,108800.0
24,44.0,No high school diploma,,Never married,Male,White,Yes,28000.0
64,35.0,Bachelor degree,Private non-profit,Widowed,Female,Black,Yes,51600.0
49,46.0,Some college,Private,Divorced,Female,Black,Yes,32000.0
59,40.0,Associate degree,Private non-profit,Married,Male,White,Yes,82000.0
61,40.0,Graduate degree,State government,Married,Male,White,Yes,58000.0
65,48.0,High school,Private,Married,Male,White,Yes,70000.0
19,40.0,High school,State government,Never married,Male,Black,Yes,27500.0
43,40.0,Bachelor degree,Private,Married,Female,White,Yes,87200.0
40,40.0,High school,Private,Divorced,Male,Black,Yes,14000.0
27,50.0,Some college,Private,Married,Female,White,Yes,47500.0
27,40.0,Graduate degree,Private non-profit,Never married,Female,White,Yes,28000.0
53,40.0,Some college,Local government,Married,Female,White,Yes,104000.0
49,65.0,High school,Self-employed,Married,Male,White,Yes,36000.0
51,40.0,Bachelor degree,Private,Married,Female,Asian,No,56000.0
36,40.0,Bachelor degree,Private,Never married,Female,White,Yes,45400.0
33,55.0,Bachelor degree,State government,Married,Female,White,Yes,40000.0
38,40.0,Associate degree,Federal government,Married,Male,White,Yes,70000.0
66,30.0,Graduate degree,Self-employed,Married,Female,White,Yes,66400.0
75,6.0,High school,Private,Divorced,Male,White,Yes,29400.0
35,42.0,High school,Local government,Married,Female,White,Yes,67000.0
57,35.0,Bachelor degree,Private non-profit,Married,Female,White,Yes,46000.0
47,30.0,No high school diploma,Private,Divorced,Female,White,Yes,12000.0
20,12.0,Some college,State government,Never married,Female,White,Yes,4000.0
33,40.0,High school,Private,Divorced,Male,White,Yes,16800.0
41,60.0,High school,,Never married,Female,Black,Yes,38900.0
38,40.0,,,Divorced,Female,Black,Yes,12000.0
58,50.0,High school,Self-employed (incorporated),Married,Male,White,Yes,86000.0
37,40.0,Graduate degree,Self-employed (incorporated),Divorced,Male,White,Yes,260000.0
44,40.0,Some college,,Married,Male,White,Yes,49000.0
31,40.0,,Private,Married,Female,White,Yes,39100.0
23,25.0,Bachelor degree,State government,Never married,Male,White,Yes,10000.0
22,20.0,Some college,Private,Never married,Female,White,No,3000.0
34,24.0,Associate degree,,Married,Female,Black,Yes,23000.0
44,15.0,High school,Private,Married,Female,White,Yes,1000.0
30,40.0,Graduate degree,Private,Married,Male,White,Yes,62000.0
71,40.0,High school,Private,Married,Male,White,Yes,143000.0
44,,Bachelor degree,Private,Married,Male,White,Yes,100200.0
52,45.0,Bachelor degree,Private non-profit,Married,Female,White,Yes,18500.0
47,,Graduate degree,Private,Married,Female,White,Yes,42000.0
39,40.0,No high school diploma,Private,Divorced,Male,Other or multiple,No,4800.0
32,40.0,Some college,Local government,Never married,Female,White,Yes,28900.0
55,40.0,Bachelor degree,Federal government,Married,Male,White,Yes,124800.0
60,55.0,Bachelor degree,Private non-profit,Divorced,Female,White,Yes,50000.0
66,40.0,High school,,Divorced,Male,Asian,No,45000.0
54,50.0,High school,,Married,Male,White,No,3600.0
57,2.0,Some college,Self-employed (incorporated),Married,Female,White,Yes,20000.0
49,50.0,Graduate degree,Private,Married,Female,Black,Yes,471000.0
62,40.0,Bachelor degree,Private,Divorced,Male,White,Yes,176000.0
50,42.0,Some college,Private,Married,Male,White,Yes,52000.0
20,20.0,Some college,Local government,Never married,Male,White,Yes,1900.0
25,38.0,No high school diploma,Private,Never married,Male,Black,Yes,5700.0
45,40.0,Some college,Private,Married,Female,White,Yes,25000.0
51,55.0,No high school diploma,Private,Divorced,Male,Black,Yes,20000.0
34,40.0,High school,Self-employed (incorporated),Divorced,Male,White,Yes,30050.0
38,16.0,Associate degree,Private,Married,Female,White,No,950.0
26,28.0,High school,Private non-profit,Married,Female,Other or multiple,Yes,16800.0
60,35.0,High school,Private,Married,Female,White,Yes,700.0
54,,Some college,Private,Married,Female,White,Yes,25000.0
38,40.0,Some college,Private,Married,Male,White,Yes,85000.0
58,45.0,Bachelor degree,State government,Married,Female,White,Yes,50000.0
60,24.0,No high school diploma,Private,Divorced,Female,White,Yes,11000.0
44,40.0,,Private,Divorced,Female,Black,Yes,41300.0
20,38.0,High school,Private,Never married,Female,White,Yes,13000.0
49,,High school,Private,Never married,Male,Black,Yes,16000.0
57,36.0,Some college,Local government,Widowed,Female,Black,Yes,25000.0
31,40.0,No high school diploma,Private,Never married,Male,Black,Yes,16000.0
53,45.0,Bachelor degree,Private,Never married,Male,Black,Yes,55000.0
44,50.0,Some college,Private non-profit,Married,Female,White,Yes,19450.0
62,20.0,Some college,Private,Married,Female,White,Yes,21500.0
50,75.0,Some college,Self-employed (incorporated),Married,Male,White,Yes,84000.0
51,35.0,Associate degree,Local government,Married,Male,Black,Yes,64640.0
31,12.0,High school,Private,Married,Female,Black,No,6600.0
22,24.0,High school,Private,Never married,Female,White,Yes,9000.0
75,16.0,Some college,Private,Married,Female,White,Yes,18650.0
42,45.0,High school,Private,Married,Male,Asian,No,50000.0
43,40.0,No high school diploma,Private,Married,Male,White,Yes,32000.0
20,30.0,Some college,Private,Never married,Female,Black,Yes,15000.0
28,40.0,Graduate degree,Local government,Widowed,Male,White,Yes,56000.0
42,48.0,High school,State government,Divorced,Female,White,Yes,26000.0
64,32.0,Graduate degree,Self-employed (incorporated),Married,Male,White,Yes,160000.0
30,40.0,High school,Private,Married,Male,White,Yes,40000.0
46,4.0,Associate degree,Private non-profit,Never married,Female,Black,Yes,4900.0
25,45.0,Some college,Self-employed,Married,Male,White,Yes,47000.0
54,35.0,Bachelor degree,Self-employed (incorporated),Married,Female,White,Yes,107000.0
21,25.0,No high school diploma,Private,Married,Female,Black,Yes,2800.0
49,50.0,Graduate degree,Private,Married,Male,White,Yes,65250.0
47,36.0,Bachelor degree,Private non-profit,Never married,Male,White,Yes,65000.0
59,40.0,Bachelor degree,Private,Married,Male,Black,Yes,70000.0
26,45.0,Some college,Local government,Never married,Male,Other or multiple,Yes,40000.0
55,4.0,Bachelor degree,Self-employed,Divorced,Female,White,Yes,18000.0
51,40.0,No high school diploma,Local government,Never married,Female,Black,Yes,46000.0
58,45.0,Associate degree,Private,Married,Female,Black,No,46500.0
72,35.0,Graduate degree,Self-employed,Divorced,Female,White,No,34300.0
48,40.0,Graduate degree,Self-employed (incorporated),Married,Male,White,Yes,200000.0
32,20.0,Some college,Private,Never married,Male,Other or multiple,Yes,20000.0
41,,Bachelor degree,Self-employed (incorporated),Married,Male,White,Yes,60000.0
47,40.0,Some college,Private,Married,Female,Black,Yes,14000.0
18,20.0,Some college,Private,Never married,Male,Black,Yes,420.0
27,40.0,Associate degree,Private,Never married,Male,White,Yes,27000.0
19,36.0,High school,Private,Never married,Female,White,Yes,12000.0
61,40.0,Some college,Self-employed (incorporated),Married,Male,White,Yes,30040.0
21,20.0,Some college,Private non-profit,Never married,Male,White,Yes,1840.0
66,16.0,High school,Local government,Married,Male,White,Yes,20200.0
51,50.0,Bachelor degree,Self-employed (incorporated),Married,Male,White,Yes,121000.0
43,60.0,Some college,Private,Married,Male,White,Yes,100000.0
53,20.0,No high school diploma,Private,Married,Female,White,Yes,4710.0
21,,High school,Private,Never married,Female,Black,Yes,1400.0
32,,Some college,Private,Married,Female,White,Yes,8000.0
48,40.0,Graduate degree,Self-employed (incorporated),Married,Male,White,Yes,130000.0
64,32.0,High school,Private non-profit,Married,Female,White,Yes,24000.0
45,36.0,,Private,Divorced,Female,Black,Yes,51000.0
27,40.0,Bachelor degree,Private,Never married,Female,White,Yes,20000.0
21,,High school,Private,Never married,Male,White,Yes,34000.0
44,40.0,Graduate degree,Private,Divorced,Male,Black,Yes,55000.0
47,40.0,Bachelor degree,Private,Married,Female,Asian,No,60000.0
66,30.0,Some college,,Never married,Female,Black,Yes,18000.0
66,46.0,High school,Private,Married,Male,White,Yes,69000.0
25,50.0,Bachelor degree,Local government,Married,Male,White,Yes,55000.0
32,50.0,Bachelor degree,Private,Married,Male,White,No,65000.0
18,6.0,Some college,Local government,Never married,Male,Black,Yes,810.0
49,48.0,High school,Private,Never married,Female,Black,Yes,28800.0
58,40.0,Bachelor degree,Local government,Married,Male,White,Yes,79000.0
67,35.0,,Self-employed (incorporated),Married,Male,White,Yes,157000.0
38,42.0,High school,Private,Married,Female,White,Yes,63000.0
31,1.0,Associate degree,Private,Married,Female,White,Yes,230.0
17,20.0,No high school diploma,Private,Never married,Female,Black,Yes,220.0
32,50.0,Some college,Private,Married,Male,White,Yes,70000.0
59,48.0,Bachelor degree,Private,Married,Male,White,Yes,110000.0
52,45.0,High school,Private,Married,Male,White,Yes,52000.0
31,30.0,Some college,Private,Married,Female,Asian,No,15000.0
70,40.0,High school,Private,Widowed,Female,Black,Yes,31400.0
39,48.0,Bachelor degree,Local government,Married,Male,Other or multiple,Yes,44000.0
32,38.0,Some college,Private,Never married,Female,White,Yes,73000.0
37,40.0,Associate degree,Private,Married,Male,White,Yes,30000.0
35,40.0,Associate degree,Private,Married,Female,White,Yes,60000.0
42,47.0,Graduate degree,Private,Married,Female,White,Yes,180000.0
52,40.0,Graduate degree,Private,Separated,Female,White,Yes,120000.0
59,40.0,High school,Private,Married,Male,White,Yes,30000.0
51,48.0,Some college,Private,Married,Male,White,Yes,81000.0
54,,Bachelor degree,Private,Married,Male,White,Yes,223600.0
47,40.0,High school,Private,Married,Female,White,Yes,26000.0
63,30.0,Bachelor degree,,Separated,Female,White,Yes,30000.0
17,20.0,No high school diploma,Private,Never married,Male,White,Yes,9000.0
28,40.0,Some college,Private,Married,Male,White,Yes,55000.0
45,40.0,Graduate degree,Self-employed (incorporated),Divorced,Female,White,Yes,200000.0
52,40.0,Graduate degree,Local government,Divorced,Female,White,No,56000.0
47,55.0,Some college,Private,Married,Male,White,Yes,40000.0
33,,Some college,Private,Never married,Female,Black,Yes,17000.0
29,40.0,Bachelor degree,Self-employed (incorporated),Never married,Male,Asian,No,65000.0
28,40.0,Graduate degree,Private,Married,Male,Asian,No,88500.0
18,18.0,No high school diploma,,Never married,Male,White,Yes,2000.0
35,40.0,Bachelor degree,Private,Married,Female,Asian,No,43000.0
50,40.0,Bachelor degree,Local government,Married,Female,White,Yes,115300.0
30,40.0,High school,Private,Married,Male,Black,Yes,29000.0
34,40.0,No high school diploma,Private,Married,Male,Other or multiple,No,25000.0
38,52.0,Associate degree,Private,Married,Male,Black,Yes,60000.0
47,,Some college,Private,Married,Female,White,Yes,93000.0
27,40.0,High school,Private,Married,Female,White,Yes,6300.0
65,40.0,Bachelor degree,State government,Divorced,Female,Black,Yes,28600.0
27,40.0,,Private non-profit,Never married,Male,White,Yes,30000.0
72,35.0,Graduate degree,Private,Divorced,Female,White,No,6700.0
32,45.0,Graduate degree,,Married,Male,White,Yes,52000.0
30,30.0,Graduate degree,Private,Never married,Female,Black,Yes,39000.0
44,20.0,No high school diploma,Private,Married,Male,Black,Yes,2500.0
87,,No high school diploma,Private,Widowed,Male,Black,Yes,7000.0
28,60.0,Bachelor degree,Private,Married,Male,White,Yes,50000.0
52,40.0,Some college,Private,Married,Female,White,Yes,30500.0
63,60.0,Bachelor degree,Local government,Married,Male,White,Yes,203000.0
22,40.0,No high school diploma,Private,Never married,Male,White,No,24000.0
69,30.0,Some college,Local government,Divorced,Female,White,Yes,36000.0
38,45.0,High school,Self-employed,Married,Male,White,Yes,50000.0
75,30.0,Some college,Self-employed (incorporated),Married,Male,White,Yes,35500.0
28,8.0,Graduate degree,State government,Never married,Female,White,No,4000.0
41,40.0,High school,Private,Never married,Male,Black,Yes,39000.0
24,32.0,Some college,Private,Never married,Male,Asian,No,7500.0
48,40.0,Bachelor degree,Private,Married,Male,White,Yes,30000.0
38,20.0,Associate degree,Private,Married,Female,White,No,7200.0
41,40.0,,Private,Divorced,Female,White,Yes,75000.0
64,45.0,Bachelor degree,Local government,Married,Male,White,Yes,50000.0
36,40.0,Graduate degree,Private,Married,Male,White,Yes,215700.0
37,48.0,Some college,Local government,Married,Male,Black,Yes,42400.0
69,20.0,Graduate degree,Private non-profit,Divorced,Female,Black,Yes,55400.0
48,40.0,High school,Local government,Married,Male,White,Yes,67000.0
35,40.0,Bachelor degree,Federal government,Never married,Male,Other or multiple,No,103200.0
67,25.0,High school,Private,Widowed,Female,White,No,24400.0
25,40.0,High school,Private,Married,Male,White,Yes,30000.0
39,40.0,High school,Private,Married,Female,Black,Yes,12000.0
51,60.0,High school,Private,Married,Male,White,Yes,56000.0
19,24.0,Some college,Private non-profit,Never married,Female,White,Yes,4000.0
49,40.0,Some college,Private,Widowed,Female,Black,Yes,26500.0
52,45.0,Some college,Private,Divorced,Female,White,Yes,34800.0
39,40.0,Associate degree,Private,Married,Male,White,Yes,50000.0
25,50.0,High school,Private non-profit,Never married,Male,White,Yes,36200.0
63,50.0,Graduate degree,Private,Married,Male,White,No,210000.0
20,20.0,Some college,Private,Never married,Male,White,Yes,7300.0
59,16.0,,Private,Married,Female,White,No,5000.0
51,20.0,High school,Private,Divorced,Female,White,Yes,22900.0
43,40.0,High school,Private,Widowed,Male,White,No,30000.0
30,40.0,Bachelor degree,Private,Married,Male,White,No,45000.0
18,10.0,High school,Private,Never married,Female,White,Yes,1800.0
61,20.0,Associate degree,Self-employed,Never married,Male,White,Yes,3000.0
54,40.0,,Local government,Married,Male,Black,Yes,57000.0
67,12.0,Graduate degree,State government,Married,Male,White,No,531000.0
23,50.0,Bachelor degree,Private,Never married,Male,White,Yes,72000.0
42,,Some college,Private,Never married,Female,White,Yes,16400.0
65,91.0,High school,Self-employed (incorporated),Married,Female,White,Yes,67000.0
22,5.0,Some college,Private,Never married,Female,White,Yes,2500.0
63,18.0,Graduate degree,Private,Widowed,Female,White,Yes,49000.0
68,32.0,Graduate degree,Private,Divorced,Female,Black,Yes,40000.0
52,40.0,Some college,Private,Married,Male,White,Yes,67150.0
48,20.0,Graduate degree,Self-employed (incorporated),Married,Female,White,Yes,782000.0
38,45.0,High school,Local government,Married,Female,White,Yes,30000.0
44,60.0,High school,Private,Married,Male,White,Yes,45000.0
42,45.0,Associate degree,Private,Married,Female,White,Yes,70000.0
74,2.0,,Self-employed (incorporated),Married,Female,White,Yes,45000.0
56,50.0,Bachelor degree,Private,Married,Male,White,Yes,100040.0
23,45.0,Some college,Federal government,Married,Female,Black,Yes,26000.0
49,50.0,Graduate degree,Private,Married,Male,White,Yes,210000.0
24,40.0,Some college,Private,Never married,Female,Black,No,30000.0
48,40.0,Bachelor degree,Self-employed,Divorced,Male,White,Yes,143000.0
31,40.0,Graduate degree,Private,Never married,Male,White,Yes,80000.0
27,70.0,High school,Private,Never married,Male,White,Yes,30000.0
66,4.0,High school,Self-employed,Divorced,Male,White,Yes,20400.0
56,40.0,High school,Private,Married,Female,White,Yes,23900.0
38,40.0,Bachelor degree,Private,Divorced,Female,Asian,No,35000.0
54,60.0,Bachelor degree,Private,Married,Male,Other or multiple,No,27300.0
56,40.0,Bachelor degree,Self-employed,Married,Male,White,Yes,110000.0
43,40.0,High school,Private,Separated,Female,White,Yes,32000.0
43,40.0,No high school diploma,Private,Married,Male,White,No,70000.0
62,,High school,Private,Married,Male,White,Yes,60000.0
58,60.0,High school,Private,Never married,Male,White,Yes,65000.0
51,40.0,Associate degree,State government,Married,Female,White,Yes,35000.0
40,50.0,Bachelor degree,Self-employed (incorporated),Married,Male,White,Yes,100000.0
58,50.0,Some college,Private,Married,Male,White,Yes,120000.0
47,40.0,No high school diploma,Private,Married,Female,Asian,No,28300.0
60,40.0,High school,Private,Married,Female,White,Yes,20400.0
41,45.0,,Private,Married,Female,White,Yes,112000.0
38,40.0,Graduate degree,State government,Divorced,Male,White,Yes,47000.0
26,40.0,High school,Private,Married,Male,White,No,30000.0
33,45.0,Associate degree,Federal government,Married,Male,White,Yes,109000.0
21,20.0,Some college,Private,Never married,Male,White,Yes,10000.0
21,16.0,High school,Private,Never married,Male,White,Yes,5400.0
33,52.0,High school,Private,Divorced,Male,White,Yes,50000.0
47,12.0,High school,Self-employed,Married,Male,White,Yes,400.0
43,50.0,Associate degree,Private,Married,Male,White,Yes,76000.0
38,,Some college,Private non-profit,Married,Female,White,Yes,32000.0
53,50.0,High school,Private,Married,Male,White,Yes,240000.0
27,50.0,High school,Self-employed (incorporated),Never married,Male,White,Yes,30000.0
45,40.0,Graduate degree,Private,Married,Male,White,Yes,70400.0
24,45.0,Bachelor degree,Private,Never married,Female,White,Yes,68000.0
34,20.0,Bachelor degree,Unpaid family work,Married,Male,Asian,Yes,27000.0
43,60.0,Bachelor degree,Self-employed (incorporated),Never married,Male,White,Yes,50000.0
35,60.0,Bachelor degree,Self-employed (incorporated),Married,Female,White,Yes,12000.0
68,40.0,No high school diploma,Private,Married,Male,White,Yes,73000.0
21,40.0,High school,Private,Never married,Female,White,Yes,25000.0
40,40.0,Some college,Self-employed (incorporated),Married,Male,Other or multiple,No,30000.0
42,40.0,High school,Self-employed (incorporated),Married,Male,White,Yes,25000.0
59,60.0,,Private,Married,Female,White,Yes,120000.0
19,20.0,,Private,Never married,Female,White,Yes,6800.0
62,20.0,Graduate degree,Private,Married,Male,White,Yes,44500.0
70,,Graduate degree,Private,Married,Male,White,Yes,130600.0
36,50.0,Graduate degree,Private non-profit,Married,Female,White,Yes,289000.0
50,55.0,Bachelor degree,Private,Married,Male,White,Yes,80000.0
33,,Associate degree,Local government,Married,Male,Black,Yes,40000.0
37,20.0,Bachelor degree,Private,Married,Female,White,Yes,1800.0
60,50.0,Graduate degree,Self-employed (incorporated),Married,Male,White,No,128010.0
62,40.0,High school,Private,Married,Male,White,Yes,30000.0
74,30.0,High school,Private,Married,Male,White,Yes,48200.0
20,20.0,Some college,Private,Never married,Male,White,Yes,4000.0
22,10.0,Some college,Self-employed,Never married,Male,White,Yes,10000.0
39,40.0,Some college,Private,Married,Male,White,Yes,27000.0
42,40.0,Bachelor degree,Self-employed,Married,Male,White,Yes,120000.0
55,50.0,Bachelor degree,Private,Married,Female,White,Yes,120000.0
23,40.0,Some college,Private,Married,Male,White,No,35000.0
27,50.0,Graduate degree,Private,Married,Male,White,Yes,70000.0
43,60.0,Bachelor degree,Private,Married,Male,Asian,No,9700.0
62,35.0,Some college,Private,Divorced,Female,White,Yes,40000.0
56,36.0,High school,Private,Divorced,Female,Black,Yes,30000.0
46,85.0,High school,Private,Never married,Female,White,Yes,27000.0
38,50.0,Bachelor degree,Private,Married,Female,White,Yes,33000.0
32,60.0,Some college,Private,Married,Female,White,Yes,30000.0
45,48.0,Some college,Private,Married,Female,White,Yes,48000.0
21,20.0,,Local government,Never married,Female,White,No,1200.0
43,50.0,Some college,State government,Married,Male,Black,Yes,45000.0
48,40.0,Some college,Private,Divorced,Female,White,Yes,41000.0
33,40.0,High school,Private,Married,Female,White,Yes,37000.0
60,40.0,,Private,Married,Female,Black,Yes,30000.0
29,7.0,High school,Private,Never married,Male,Black,Yes,3500.0
20,40.0,High school,Private,Never married,Female,Black,Yes,19300.0
35,20.0,Bachelor degree,Private,Married,Female,Asian,No,9700.0
55,45.0,Graduate degree,Private,Divorced,Male,Asian,No,150000.0
41,40.0,Graduate degree,Private,Separated,Female,White,Yes,61000.0
32,10.0,No high school diploma,Private,Married,Female,White,Yes,6000.0
50,55.0,Graduate degree,Local government,Separated,Female,Black,Yes,38000.0
51,50.0,Graduate degree,State government,Married,Female,Black,Yes,40000.0
57,26.0,No high school diploma,Private,Divorced,Female,White,Yes,140000.0
47,40.0,High school,,Married,Female,White,Yes,112000.0
48,40.0,Associate degree,Local government,Married,Male,White,Yes,50000.0
60,32.0,Some college,Private,Divorced,Female,Black,Yes,25000.0
61,50.0,Some college,Private,Married,Female,White,Yes,200000.0
32,50.0,Graduate degree,Private,Married,Female,Asian,No,6000.0
22,8.0,Associate degree,Local government,Never married,Male,Black,Yes,800.0
42,40.0,Graduate degree,Private,Married,Female,White,No,40000.0
63,32.0,High school,Private,Married,Female,White,Yes,88000.0
57,40.0,Some college,,Never married,Male,White,Yes,39400.0
54,32.0,High school,Local government,Married,Female,White,Yes,13200.0
52,40.0,High school,Private,Divorced,Male,White,Yes,49000.0
47,40.0,High school,Private,Married,Female,White,Yes,35000.0
62,40.0,Bachelor degree,Private,Never married,Male,White,Yes,23000.0
27,40.0,Bachelor degree,Private,Married,Male,White,Yes,70000.0
49,40.0,High school,,Married,Male,White,Yes,60000.0
21,40.0,Some college,Private,Never married,Male,Black,Yes,21800.0
18,20.0,No high school diploma,Private,Never married,Female,White,Yes,3000.0
26,32.0,High school,Private,Never married,Female,Black,Yes,13000.0
26,40.0,Bachelor degree,Private,Never married,Male,White,Yes,15000.0
35,20.0,High school,Local government,Married,Female,White,Yes,5000.0
20,60.0,No high school diploma,Private,Never married,Male,White,Yes,11400.0
19,22.0,High school,Private,Never married,Male,White,No,16000.0
20,47.0,No high school diploma,Private,Never married,Male,Other or multiple,Yes,15000.0
21,48.0,High school,Private,Married,Male,Other or multiple,Yes,25000.0
48,40.0,Some college,Local government,Divorced,Male,Black,Yes,41000.0
77,4.0,Graduate degree,Private non-profit,Married,Male,White,Yes,80300.0
40,40.0,High school,Private,Married,Male,White,Yes,75000.0
37,50.0,High school,Private,Married,Male,White,Yes,50000.0
57,40.0,High school,Private,Married,Female,White,Yes,30000.0
43,40.0,High school,Private,Married,Female,White,Yes,39000.0
28,37.0,Bachelor degree,Private,Married,Female,White,Yes,22000.0
29,40.0,Associate degree,Private,Never married,Female,Black,Yes,42000.0
27,40.0,High school,Private,Never married,Male,White,Yes,18000.0
56,,Bachelor degree,Private,Married,Female,White,Yes,90000.0
63,40.0,Some college,Local government,Married,Female,White,Yes,25900.0
40,40.0,Some college,Private,Never married,Female,Black,Yes,30000.0
18,38.0,No high school diploma,Private,Never married,Male,Black,Yes,12500.0
65,40.0,Bachelor degree,,Married,Female,White,Yes,80000.0
33,48.0,High school,Private,Never married,Female,Black,Yes,9000.0
18,15.0,,Private,Never married,Female,White,Yes,600.0
17,,High school,Local government,Never married,Female,Black,Yes,2000.0
59,50.0,Bachelor degree,State government,Married,Female,White,Yes,108000.0
54,40.0,Some college,Private,Married,Male,White,Yes,30000.0
54,40.0,Graduate degree,State government,Married,Female,White,No,120000.0
54,20.0,High school,Private,Divorced,Female,White,Yes,500.0
60,21.0,High school,Private,Widowed,Female,Black,Yes,33700.0
37,40.0,,Private non-profit,Married,Female,White,No,74000.0
41,38.0,Graduate degree,,Married,Male,Black,Yes,30000.0
31,34.0,Some college,Self-employed (incorporated),Married,Female,Asian,No,17000.0
29,40.0,Some college,Private,Never married,Male,Other or multiple,Yes,36000.0
58,40.0,Bachelor degree,Private,Married,Male,Black,Yes,46000.0
51,,High school,Private,Divorced,Male,Black,Yes,34000.0
22,24.0,Associate degree,Private,Never married,Male,White,Yes,8500.0
29,65.0,High school,Private,Married,Male,Other or multiple,No,96000.0
33,30.0,Some college,Private,Never married,Male,White,Yes,25000.0
22,32.0,Some college,Private,Never married,Female,White,Yes,20000.0
62,40.0,Some college,Private,Married,Male,Black,Yes,63400.0
57,25.0,Bachelor degree,Private,Divorced,Female,Black,Yes,2700.0
25,40.0,Bachelor degree,Private,Never married,Female,Black,Yes,61000.0
64,40.0,Graduate degree,Private,Divorced,Male,White,Yes,110100.0
42,45.0,High school,Private,Divorced,Male,White,Yes,65000.0
25,40.0,Some college,Private,Never married,Male,White,Yes,20000.0
61,,No high school diploma,Private,Married,Female,White,Yes,32000.0
46,62.0,Graduate degree,,Married,Male,White,Yes,154700.0
31,45.0,Bachelor degree,Private,Married,Female,White,Yes,112000.0
48,50.0,Some college,Private,Married,Male,White,Yes,176000.0
36,45.0,Some college,Private,Divorced,Male,Black,Yes,35000.0
21,50.0,High school,Private,Never married,Female,White,Yes,20000.0
58,,High school,Self-employed,Married,Male,White,Yes,30000.0
43,40.0,Bachelor degree,Local government,Married,Female,White,Yes,35000.0
52,40.0,Some college,Private,Never married,Female,White,Yes,40000.0
26,30.0,High school,Private non-profit,Never married,Male,White,Yes,11300.0
47,40.0,Bachelor degree,Private,Married,Female,White,Yes,24000.0
39,40.0,No high school diploma,Private,Never married,Female,Black,Yes,150000.0
54,45.0,High school,Private,Married,Male,White,Yes,45000.0
53,,Graduate degree,State government,Married,Female,Black,Yes,50000.0
53,30.0,Some college,Private,Divorced,Female,Other or multiple,No,21900.0
56,30.0,Bachelor degree,Private,Married,Male,Black,No,13000.0
55,40.0,Some college,Private,Married,Female,White,No,56000.0
74,40.0,High school,Private,Married,Female,White,Yes,58000.0
48,45.0,No high school diploma,Private,Married,Female,Asian,No,25000.0
71,15.0,Bachelor degree,Private,Married,Male,White,Yes,60500.0
22,30.0,Some college,Private,Never married,Female,Other or multiple,Yes,12000.0
46,36.0,High school,Private,Widowed,Male,Black,Yes,25000.0
26,40.0,Some college,Private,Never married,Male,White,Yes,12000.0
22,20.0,Associate degree,State government,Never married,Female,White,Yes,4000.0
38,40.0,Associate degree,Private non-profit,Divorced,Male,White,Yes,75000.0
28,40.0,Bachelor degree,Private non-profit,Never married,Female,Other or multiple,No,36100.0
57,40.0,Associate degree,Private,Divorced,Female,Black,Yes,30000.0
50,32.0,Some college,Private,Divorced,Male,Black,Yes,85000.0
53,70.0,High school,Private,Married,Male,White,Yes,90000.0
61,40.0,High school,State government,Divorced,Male,White,Yes,77000.0
59,40.0,Some college,Self-employed (incorporated),Married,Male,White,Yes,54000.0
36,40.0,Bachelor degree,Private,Married,Female,White,Yes,80000.0
31,40.0,Associate degree,Federal government,Married,Female,White,Yes,40000.0
36,45.0,No high school diploma,Private,Divorced,Male,White,No,24000.0
32,20.0,No high school diploma,Self-employed,Never married,Male,Black,Yes,460.0
47,40.0,Bachelor degree,Self-employed (incorporated),Married,Female,Black,No,24200.0
54,45.0,Bachelor degree,Private,Divorced,Female,White,Yes,119000.0
37,50.0,Bachelor degree,Self-employed (incorporated),Married,Male,White,Yes,75000.0
54,45.0,Graduate degree,Private,Married,Male,White,Yes,110000.0
65,60.0,Bachelor degree,Private,Married,Male,White,Yes,58000.0
20,60.0,High school,Private,Never married,Male,White,Yes,1900.0
66,42.0,Bachelor degree,Private,Married,Male,White,Yes,50000.0
51,40.0,High school,Private,Married,Female,Black,Yes,35000.0
80,20.0,High school,Private,Widowed,Female,White,Yes,20100.0
38,40.0,Bachelor degree,State government,Married,Male,Black,Yes,30800.0
67,35.0,High school,State government,Married,Female,White,Yes,20500.0
38,50.0,High school,Self-employed,Married,Male,White,No,40000.0
26,32.0,Some college,Private,Never married,Female,Black,Yes,13200.0
26,40.0,High school,Private,Never married,Male,White,Yes,58000.0
60,40.0,High school,Private,Married,Female,White,Yes,43000.0
23,40.0,No high school diploma,,Never married,Male,Other or multiple,No,18300.0
23,40.0,Bachelor degree,Private non-profit,Never married,Female,White,Yes,1000.0
61,50.0,Graduate degree,Private non-profit,Divorced,Female,White,Yes,108300.0
50,60.0,Graduate degree,Private,Married,Male,White,Yes,178000.0
65,40.0,Associate degree,Private,Married,Male,White,Yes,35800.0
62,40.0,Graduate degree,State government,Married,Female,White,Yes,82000.0
48,35.0,Graduate degree,Local government,Married,Female,Black,Yes,78000.0
41,40.0,High school,Private,Married,Female,White,Yes,33000.0
45,40.0,High school,,Never married,Male,Black,Yes,17000.0
46,45.0,Associate degree,Private,Divorced,Male,White,Yes,130000.0
20,26.0,Some college,Private,Never married,Female,Black,Yes,5600.0
54,42.0,No high school diploma,Private,Divorced,Male,Black,Yes,29000.0
35,,Associate degree,Private,Never married,Female,Black,Yes,23700.0
52,20.0,Associate degree,Private,Married,Female,White,Yes,18000.0
50,40.0,Associate degree,Private,Never married,Female,White,Yes,35000.0
21,60.0,High school,Private,Never married,Male,White,Yes,20000.0
49,55.0,,Private,Married,Male,White,Yes,130000.0
31,4.0,Some college,Private,Never married,Female,White,Yes,1200.0
44,40.0,High school,Private,Divorced,Female,Black,Yes,18000.0
44,40.0,No high school diploma,Private,Married,Male,White,No,35000.0
23,50.0,No high school diploma,Private,Never married,Male,White,Yes,27000.0
28,,Bachelor degree,Private,Never married,Female,White,Yes,80000.0
45,40.0,Bachelor degree,Private,Married,Male,White,Yes,26000.0
62,20.0,No high school diploma,Private,Divorced,Male,White,Yes,34000.0
24,30.0,Some college,Private,Never married,Female,Black,Yes,20000.0
18,40.0,No high school diploma,Private,Never married,Male,White,No,22000.0
33,50.0,Graduate degree,Private non-profit,Married,Male,White,Yes,471000.0
59,40.0,High school,State government,Married,Male,Black,Yes,46000.0
35,40.0,Some college,Private,Never married,Male,White,Yes,45000.0
50,40.0,No high school diploma,Self-employed,Married,Female,Other or multiple,No,24000.0
56,40.0,Graduate degree,,Divorced,Male,White,Yes,12300.0
52,50.0,High school,Private,Married,Male,White,Yes,51000.0
49,50.0,High school,Private,Married,Male,Asian,No,21600.0
74,40.0,High school,Self-employed (incorporated),Widowed,Male,White,Yes,34000.0
24,20.0,High school,Private,Never married,Female,White,No,7300.0
64,16.0,High school,Private,Widowed,Female,Black,Yes,37000.0
32,40.0,High school,Private,Never married,Male,White,Yes,30000.0
27,40.0,Associate degree,Private,Never married,Male,White,No,35000.0
60,40.0,Some college,Private,Married,Male,White,Yes,57800.0
41,45.0,Bachelor degree,Private,Separated,Male,Black,No,130000.0
40,,Some college,Private,Married,Female,White,Yes,32000.0
52,35.0,Bachelor degree,Private,Married,Female,White,Yes,4000.0
45,20.0,High school,Private non-profit,Married,Female,White,Yes,18000.0
38,10.0,Some college,,Married,Female,White,Yes,6500.0
71,16.0,High school,State government,Never married,Female,Black,Yes,24200.0
26,36.0,Some college,Private,Never married,Female,White,Yes,30000.0
52,40.0,High school,Private,Divorced,Female,White,Yes,106200.0
33,50.0,Bachelor degree,Private non-profit,Married,Male,White,No,109000.0
65,38.0,Bachelor degree,Private non-profit,Divorced,Female,Black,Yes,39020.0
63,28.0,Bachelor degree,Private,Married,Female,White,No,25600.0
24,40.0,Bachelor degree,Private,Never married,Male,White,Yes,15000.0
56,40.0,High school,Private,Divorced,Female,Black,Yes,45000.0
23,40.0,Some college,Private,Divorced,Female,White,Yes,25000.0
63,50.0,Bachelor degree,,Never married,Male,White,Yes,56000.0
27,80.0,Bachelor degree,Private non-profit,Never married,Female,White,Yes,60700.0
22,24.0,Some college,Private,Never married,Male,White,Yes,1200.0
38,40.0,Some college,Private,Married,Female,White,Yes,44000.0
54,40.0,Bachelor degree,Federal government,Widowed,Female,Other or multiple,Yes,67470.0
24,32.0,Some college,Private,Married,Female,Black,Yes,20000.0
28,40.0,Some college,Private,Married,Female,White,Yes,10000.0
66,,Graduate degree,Self-employed,Married,Female,Black,Yes,18000.0
67,8.0,Bachelor degree,State government,Divorced,Female,Black,Yes,27200.0
63,20.0,Bachelor degree,Self-employed,Married,Female,White,Yes,70000.0
46,45.0,Bachelor degree,Private,Never married,Female,Black,Yes,60000.0
20,45.0,No high school diploma,Private,Never married,Female,Other or multiple,No,7200.0
52,40.0,Graduate degree,Federal government,Never married,Female,Black,Yes,86000.0
34,50.0,Bachelor degree,Local government,Married,Female,White,Yes,55000.0
53,45.0,Bachelor degree,Private,Married,Male,White,Yes,88500.0
52,40.0,Some college,Private,Married,Female,White,Yes,88000.0
36,40.0,Some college,Private,Married,Female,Other or multiple,Yes,13300.0
20,50.0,High school,Private,Never married,Male,Black,Yes,5000.0
51,40.0,No high school diploma,Private,Divorced,Female,Black,Yes,19300.0
36,40.0,Bachelor degree,Private,Married,Male,White,Yes,150000.0
33,30.0,Associate degree,Private,Married,Female,White,Yes,60000.0
22,40.0,Bachelor degree,Private,Never married,Male,White,Yes,20000.0
